{
 "ours_30000": {
  "SSIM": {
   "00014.png": 0.9431744813919067,
   "00030.png": 0.9381335973739624,
   "00020.png": 0.9407429695129395,
   "00018.png": 0.9143922924995422,
   "00019.png": 0.9399207830429077,
   "00001.png": 0.9287029504776001,
   "00029.png": 0.9195156693458557,
   "00028.png": 0.9496166706085205,
   "00004.png": 0.9428697228431702,
   "00002.png": 0.9425477981567383,
   "00008.png": 0.9129586219787598,
   "00007.png": 0.93982994556427,
   "00023.png": 0.9367673397064209,
   "00012.png": 0.9397746920585632,
   "00021.png": 0.9327159523963928,
   "00005.png": 0.932209312915802,
   "00013.png": 0.9534317851066589,
   "00022.png": 0.9477349519729614,
   "00011.png": 0.9009053707122803,
   "00032.png": 0.9568511843681335,
   "00009.png": 0.9262376427650452,
   "00033.png": 0.8959177732467651,
   "00027.png": 0.756927490234375,
   "00016.png": 0.9428876638412476,
   "00003.png": 0.9508307576179504,
   "00000.png": 0.9024062752723694,
   "00031.png": 0.9436326622962952,
   "00017.png": 0.93595290184021,
   "00006.png": 0.8252075910568237,
   "00010.png": 0.949636697769165,
   "00034.png": 0.7388195395469666,
   "00025.png": 0.9505504965782166,
   "00015.png": 0.9460398554801941,
   "00024.png": 0.9489015936851501,
   "00026.png": 0.946336567401886
  },
  "PSNR": {
   "00014.png": 30.326223373413086,
   "00030.png": 33.036643981933594,
   "00020.png": 33.25547790527344,
   "00018.png": 30.294048309326172,
   "00019.png": 30.821874618530273,
   "00001.png": 27.169923782348633,
   "00029.png": 31.601669311523438,
   "00028.png": 32.45582962036133,
   "00004.png": 29.083967208862305,
   "00002.png": 27.454469680786133,
   "00008.png": 29.841167449951172,
   "00007.png": 26.26177215576172,
   "00023.png": 32.99138259887695,
   "00012.png": 30.65469741821289,
   "00021.png": 32.10708236694336,
   "00005.png": 27.964614868164062,
   "00013.png": 33.03411865234375,
   "00022.png": 33.75426483154297,
   "00011.png": 30.427806854248047,
   "00032.png": 34.673980712890625,
   "00009.png": 31.011699676513672,
   "00033.png": 25.54266357421875,
   "00027.png": 26.883869171142578,
   "00016.png": 31.452362060546875,
   "00003.png": 30.189861297607422,
   "00000.png": 25.540206909179688,
   "00031.png": 31.648618698120117,
   "00017.png": 31.818286895751953,
   "00006.png": 28.380374908447266,
   "00010.png": 31.00143814086914,
   "00034.png": 25.21921157836914,
   "00025.png": 32.86201858520508,
   "00015.png": 30.80368423461914,
   "00024.png": 32.30108642578125,
   "00026.png": 33.19342041015625
  },
  "LPIPS": {
   "00014.png": 0.10388725250959396,
   "00030.png": 0.1257874220609665,
   "00020.png": 0.1017804890871048,
   "00018.png": 0.1293761134147644,
   "00019.png": 0.11302236467599869,
   "00001.png": 0.11333060264587402,
   "00029.png": 0.13219013810157776,
   "00028.png": 0.07605306059122086,
   "00004.png": 0.09931563585996628,
   "00002.png": 0.1035291850566864,
   "00008.png": 0.15281930565834045,
   "00007.png": 0.09433862566947937,
   "00023.png": 0.13260214030742645,
   "00012.png": 0.1192702203989029,
   "00021.png": 0.12117200344800949,
   "00005.png": 0.11844389885663986,
   "00013.png": 0.12840616703033447,
   "00022.png": 0.10197950899600983,
   "00011.png": 0.1597689986228943,
   "00032.png": 0.12629935145378113,
   "00009.png": 0.14045025408267975,
   "00033.png": 0.17233231663703918,
   "00027.png": 0.27849602699279785,
   "00016.png": 0.10465521365404129,
   "00003.png": 0.0878303274512291,
   "00000.png": 0.14340472221374512,
   "00031.png": 0.14332759380340576,
   "00017.png": 0.12844161689281464,
   "00006.png": 0.2275107502937317,
   "00010.png": 0.1311439573764801,
   "00034.png": 0.3086325526237488,
   "00025.png": 0.08440006524324417,
   "00015.png": 0.11891361325979233,
   "00024.png": 0.09329340606927872,
   "00026.png": 0.10807633399963379
  }
 },
 "ours_7000": {
  "SSIM": {
   "00014.png": 0.8795920610427856,
   "00030.png": 0.8900353312492371,
   "00020.png": 0.8895952701568604,
   "00018.png": 0.8502349257469177,
   "00019.png": 0.8946673274040222,
   "00001.png": 0.8712077736854553,
   "00029.png": 0.8987971544265747,
   "00028.png": 0.8842478394508362,
   "00004.png": 0.8966063857078552,
   "00002.png": 0.9013459086418152,
   "00008.png": 0.8538902997970581,
   "00007.png": 0.8966450691223145,
   "00023.png": 0.9017655849456787,
   "00012.png": 0.8522470593452454,
   "00021.png": 0.877120316028595,
   "00005.png": 0.8851643204689026,
   "00013.png": 0.9077313542366028,
   "00022.png": 0.9020768404006958,
   "00011.png": 0.8831496238708496,
   "00032.png": 0.9110321998596191,
   "00009.png": 0.8643273711204529,
   "00033.png": 0.8468874096870422,
   "00027.png": 0.7842497229576111,
   "00016.png": 0.8989529609680176,
   "00003.png": 0.9007803797721863,
   "00000.png": 0.8330715298652649,
   "00031.png": 0.8893744945526123,
   "00017.png": 0.899784505367279,
   "00006.png": 0.8110890984535217,
   "00010.png": 0.9069274663925171,
   "00034.png": 0.7557922005653381,
   "00025.png": 0.8814027905464172,
   "00015.png": 0.8954060673713684,
   "00024.png": 0.8830991387367249,
   "00026.png": 0.8948278427124023
  },
  "PSNR": {
   "00014.png": 26.629812240600586,
   "00030.png": 28.750137329101562,
   "00020.png": 29.685773849487305,
   "00018.png": 27.6199951171875,
   "00019.png": 27.598388671875,
   "00001.png": 23.708354949951172,
   "00029.png": 28.715652465820312,
   "00028.png": 28.097631454467773,
   "00004.png": 26.16114616394043,
   "00002.png": 26.40031623840332,
   "00008.png": 25.14724349975586,
   "00007.png": 24.65621566772461,
   "00023.png": 30.636884689331055,
   "00012.png": 25.807342529296875,
   "00021.png": 28.74083709716797,
   "00005.png": 24.539289474487305,
   "00013.png": 28.885602951049805,
   "00022.png": 30.791074752807617,
   "00011.png": 26.91012191772461,
   "00032.png": 30.39995002746582,
   "00009.png": 27.949382781982422,
   "00033.png": 21.13561248779297,
   "00027.png": 27.212160110473633,
   "00016.png": 29.369503021240234,
   "00003.png": 27.052650451660156,
   "00000.png": 22.459911346435547,
   "00031.png": 27.854909896850586,
   "00017.png": 28.840587615966797,
   "00006.png": 27.714305877685547,
   "00010.png": 28.059425354003906,
   "00034.png": 27.132177352905273,
   "00025.png": 28.012788772583008,
   "00015.png": 27.13791275024414,
   "00024.png": 27.947092056274414,
   "00026.png": 29.239442825317383
  },
  "LPIPS": {
   "00014.png": 0.16349294781684875,
   "00030.png": 0.1789504736661911,
   "00020.png": 0.1620451807975769,
   "00018.png": 0.2179199904203415,
   "00019.png": 0.17500802874565125,
   "00001.png": 0.19117768108844757,
   "00029.png": 0.1697898805141449,
   "00028.png": 0.15155592560768127,
   "00004.png": 0.16775858402252197,
   "00002.png": 0.14858128130435944,
   "00008.png": 0.20244130492210388,
   "00007.png": 0.14178521931171417,
   "00023.png": 0.1673063337802887,
   "00012.png": 0.19763553142547607,
   "00021.png": 0.19782155752182007,
   "00005.png": 0.18253526091575623,
   "00013.png": 0.17692725360393524,
   "00022.png": 0.15927042067050934,
   "00011.png": 0.19186431169509888,
   "00032.png": 0.18535315990447998,
   "00009.png": 0.20415827631950378,
   "00033.png": 0.20986557006835938,
   "00027.png": 0.2796398997306824,
   "00016.png": 0.1804717630147934,
   "00003.png": 0.15807455778121948,
   "00000.png": 0.23527739942073822,
   "00031.png": 0.20742693543434143,
   "00017.png": 0.19079431891441345,
   "00006.png": 0.2473118156194687,
   "00010.png": 0.17434456944465637,
   "00034.png": 0.31072404980659485,
   "00025.png": 0.1696663200855255,
   "00015.png": 0.20552130043506622,
   "00024.png": 0.17236287891864777,
   "00026.png": 0.16915757954120636
  }
 }
}