{
 "ours_30000": {
  "SSIM": 0.922088086605072,
  "PSNR": 30.430280685424805,
  "LPIPS": 0.13212232291698456
 },
 "ours_7000": {
  "SSIM": 0.8763750195503235,
  "PSNR": 27.34284782409668,
  "LPIPS": 0.18982908129692078
 }
}