{
 "ours_30000": {
  "SSIM": {
   "00014.png": 0.9449860453605652,
   "00030.png": 0.9577950239181519,
   "00020.png": 0.9428450465202332,
   "00018.png": 0.9380724430084229,
   "00019.png": 0.9355692267417908,
   "00001.png": 0.9321456551551819,
   "00029.png": 0.947614848613739,
   "00028.png": 0.954519510269165,
   "00004.png": 0.9472231268882751,
   "00002.png": 0.9466201663017273,
   "00008.png": 0.9483059644699097,
   "00007.png": 0.9477602243423462,
   "00023.png": 0.9420066475868225,
   "00012.png": 0.9064658284187317,
   "00021.png": 0.9502941966056824,
   "00005.png": 0.9528031349182129,
   "00013.png": 0.9431491494178772,
   "00022.png": 0.9398687481880188,
   "00011.png": 0.9321136474609375,
   "00032.png": 0.949733316898346,
   "00009.png": 0.9249152541160583,
   "00033.png": 0.9549135565757751,
   "00027.png": 0.9481059312820435,
   "00016.png": 0.9307161569595337,
   "00003.png": 0.9427880048751831,
   "00000.png": 0.892215371131897,
   "00035.png": 0.9216675162315369,
   "00031.png": 0.9330562353134155,
   "00017.png": 0.938947856426239,
   "00006.png": 0.9457421898841858,
   "00010.png": 0.9341309666633606,
   "00034.png": 0.8748253583908081,
   "00025.png": 0.9398571848869324,
   "00015.png": 0.9154264330863953,
   "00024.png": 0.9351093769073486,
   "00036.png": 0.934108555316925,
   "00026.png": 0.9463868141174316
  },
  "PSNR": {
   "00014.png": 33.552059173583984,
   "00030.png": 35.57042694091797,
   "00020.png": 34.50403594970703,
   "00018.png": 32.92066955566406,
   "00019.png": 32.84897994995117,
   "00001.png": 29.293476104736328,
   "00029.png": 33.778194427490234,
   "00028.png": 34.133827209472656,
   "00004.png": 34.015724182128906,
   "00002.png": 33.42695617675781,
   "00008.png": 33.40447235107422,
   "00007.png": 34.59571838378906,
   "00023.png": 33.40635681152344,
   "00012.png": 27.402339935302734,
   "00021.png": 34.887542724609375,
   "00005.png": 35.05480194091797,
   "00013.png": 31.39583969116211,
   "00022.png": 34.34086227416992,
   "00011.png": 28.771760940551758,
   "00032.png": 35.97645568847656,
   "00009.png": 25.00421714782715,
   "00033.png": 35.270484924316406,
   "00027.png": 33.41807556152344,
   "00016.png": 29.14834976196289,
   "00003.png": 32.0135383605957,
   "00000.png": 26.17363739013672,
   "00035.png": 28.86582374572754,
   "00031.png": 32.40350341796875,
   "00017.png": 33.06828308105469,
   "00006.png": 32.85363006591797,
   "00010.png": 31.806686401367188,
   "00034.png": 23.48196029663086,
   "00025.png": 30.768627166748047,
   "00015.png": 27.492328643798828,
   "00024.png": 32.705692291259766,
   "00036.png": 29.63716697692871,
   "00026.png": 34.639671325683594
  },
  "LPIPS": {
   "00014.png": 0.1447446495294571,
   "00030.png": 0.23052959144115448,
   "00020.png": 0.24598997831344604,
   "00018.png": 0.19758287072181702,
   "00019.png": 0.22896508872509003,
   "00001.png": 0.17996399104595184,
   "00029.png": 0.2470330446958542,
   "00028.png": 0.23700162768363953,
   "00004.png": 0.16293977200984955,
   "00002.png": 0.1613340675830841,
   "00008.png": 0.16286209225654602,
   "00007.png": 0.16986946761608124,
   "00023.png": 0.2260313332080841,
   "00012.png": 0.22648388147354126,
   "00021.png": 0.2200409322977066,
   "00005.png": 0.158914253115654,
   "00013.png": 0.15001222491264343,
   "00022.png": 0.2392968386411667,
   "00011.png": 0.18405681848526,
   "00032.png": 0.21682780981063843,
   "00009.png": 0.18028438091278076,
   "00033.png": 0.18492311239242554,
   "00027.png": 0.2562098205089569,
   "00016.png": 0.19343766570091248,
   "00003.png": 0.1851610243320465,
   "00000.png": 0.21957194805145264,
   "00035.png": 0.2023804634809494,
   "00031.png": 0.2288518249988556,
   "00017.png": 0.19673846662044525,
   "00006.png": 0.18244045972824097,
   "00010.png": 0.1565811038017273,
   "00034.png": 0.18447837233543396,
   "00025.png": 0.28019434213638306,
   "00015.png": 0.24020396173000336,
   "00024.png": 0.28366565704345703,
   "00036.png": 0.2810630798339844,
   "00026.png": 0.28256672620773315
  }
 },
 "ours_7000": {
  "SSIM": {
   "00014.png": 0.915343701839447,
   "00030.png": 0.9416983723640442,
   "00020.png": 0.9288275837898254,
   "00018.png": 0.905646800994873,
   "00019.png": 0.9074956178665161,
   "00001.png": 0.9015129804611206,
   "00029.png": 0.9275974631309509,
   "00028.png": 0.9387251734733582,
   "00004.png": 0.9244388341903687,
   "00002.png": 0.9294882416725159,
   "00008.png": 0.927057683467865,
   "00007.png": 0.9258708357810974,
   "00023.png": 0.922779381275177,
   "00012.png": 0.8817057013511658,
   "00021.png": 0.9267479777336121,
   "00005.png": 0.9275056719779968,
   "00013.png": 0.9156550765037537,
   "00022.png": 0.908675491809845,
   "00011.png": 0.9042263031005859,
   "00032.png": 0.9292929172515869,
   "00009.png": 0.8913465142250061,
   "00033.png": 0.9405595660209656,
   "00027.png": 0.9337644577026367,
   "00016.png": 0.9008771181106567,
   "00003.png": 0.9221166372299194,
   "00000.png": 0.8636258244514465,
   "00035.png": 0.9084978103637695,
   "00031.png": 0.9210043549537659,
   "00017.png": 0.9138389825820923,
   "00006.png": 0.9245018362998962,
   "00010.png": 0.9014279842376709,
   "00034.png": 0.9059147834777832,
   "00025.png": 0.919636607170105,
   "00015.png": 0.8815959095954895,
   "00024.png": 0.9148730635643005,
   "00036.png": 0.9231547117233276,
   "00026.png": 0.9227307438850403
  },
  "PSNR": {
   "00014.png": 30.191551208496094,
   "00030.png": 31.584253311157227,
   "00020.png": 32.40756607055664,
   "00018.png": 29.696514129638672,
   "00019.png": 29.8909969329834,
   "00001.png": 26.517850875854492,
   "00029.png": 30.90224266052246,
   "00028.png": 29.94084930419922,
   "00004.png": 31.522907257080078,
   "00002.png": 30.51691436767578,
   "00008.png": 30.46797752380371,
   "00007.png": 31.48577880859375,
   "00023.png": 30.43536376953125,
   "00012.png": 25.5384521484375,
   "00021.png": 31.273832321166992,
   "00005.png": 31.610584259033203,
   "00013.png": 28.981098175048828,
   "00022.png": 29.589941024780273,
   "00011.png": 27.203142166137695,
   "00032.png": 32.08433532714844,
   "00009.png": 23.584978103637695,
   "00033.png": 32.309852600097656,
   "00027.png": 30.782211303710938,
   "00016.png": 27.43048095703125,
   "00003.png": 29.420360565185547,
   "00000.png": 22.527238845825195,
   "00035.png": 28.734508514404297,
   "00031.png": 30.43494987487793,
   "00017.png": 30.06027603149414,
   "00006.png": 29.77161407470703,
   "00010.png": 28.784568786621094,
   "00034.png": 27.99364471435547,
   "00025.png": 28.927499771118164,
   "00015.png": 24.616544723510742,
   "00024.png": 29.798555374145508,
   "00036.png": 28.386741638183594,
   "00026.png": 30.33523178100586
  },
  "LPIPS": {
   "00014.png": 0.19055339694023132,
   "00030.png": 0.25729382038116455,
   "00020.png": 0.2774048447608948,
   "00018.png": 0.24259230494499207,
   "00019.png": 0.2681635916233063,
   "00001.png": 0.21412146091461182,
   "00029.png": 0.28196361660957336,
   "00028.png": 0.2710709273815155,
   "00004.png": 0.1989075243473053,
   "00002.png": 0.19016717374324799,
   "00008.png": 0.19502031803131104,
   "00007.png": 0.20109036564826965,
   "00023.png": 0.26465174555778503,
   "00012.png": 0.2798994183540344,
   "00021.png": 0.26124969124794006,
   "00005.png": 0.197883740067482,
   "00013.png": 0.19601348042488098,
   "00022.png": 0.2935366630554199,
   "00011.png": 0.23458053171634674,
   "00032.png": 0.24912475049495697,
   "00009.png": 0.23020216822624207,
   "00033.png": 0.2089446485042572,
   "00027.png": 0.2842935621738434,
   "00016.png": 0.23610270023345947,
   "00003.png": 0.21478040516376495,
   "00000.png": 0.2504101097583771,
   "00035.png": 0.23450171947479248,
   "00031.png": 0.2501261532306671,
   "00017.png": 0.2367628514766693,
   "00006.png": 0.22354120016098022,
   "00010.png": 0.19569605588912964,
   "00034.png": 0.20229367911815643,
   "00025.png": 0.31365102529525757,