{
 "ours_30000": {
  "SSIM": 0.9371028542518616,
  "PSNR": 31.94681739807129,
  "LPIPS": 0.2088981717824936
 },
 "ours_7000": {
  "SSIM": 0.9156690835952759,
  "PSNR": 29.344364166259766,
  "LPIPS": 0.24535351991653442
 }
}