{
 "ours_30000": {
  "SSIM": {
   "00014.png": 0.9457461833953857,
   "00030.png": 0.9589766263961792,
   "00020.png": 0.9436011910438538,
   "00018.png": 0.9385354518890381,
   "00019.png": 0.9370833039283752,
   "00001.png": 0.9318299889564514,
   "00029.png": 0.9485238790512085,
   "00028.png": 0.9547272324562073,
   "00004.png": 0.9482825398445129,
   "00002.png": 0.9498763084411621,
   "00008.png": 0.9503231048583984,
   "00007.png": 0.948256254196167,
   "00023.png": 0.9429501891136169,
   "00012.png": 0.9060394763946533,
   "00021.png": 0.9510884284973145,
   "00005.png": 0.9536685943603516,
   "00013.png": 0.9452769756317139,
   "00022.png": 0.9398072957992554,
   "00011.png": 0.9351730942726135,
   "00032.png": 0.9509032368659973,
   "00009.png": 0.9277802109718323,
   "00033.png": 0.9578160047531128,
   "00027.png": 0.9487148523330688,
   "00016.png": 0.9329538941383362,
   "00003.png": 0.9441636800765991,
   "00000.png": 0.9063935279846191,
   "00035.png": 0.9242361187934875,
   "00031.png": 0.9342998266220093,
   "00017.png": 0.9423048496246338,
   "00006.png": 0.9458895325660706,
   "00010.png": 0.935650110244751,
   "00034.png": 0.9051615595817566,
   "00025.png": 0.9427406787872314,
   "00015.png": 0.8982693552970886,
   "00024.png": 0.9384183287620544,
   "00036.png": 0.9348182082176208,
   "00026.png": 0.947384238243103
  },
  "PSNR": {
   "00014.png": 33.751739501953125,
   "00030.png": 35.77214050292969,
   "00020.png": 34.37485885620117,
   "00018.png": 33.13511657714844,
   "00019.png": 33.3447151184082,
   "00001.png": 29.176326751708984,
   "00029.png": 33.94938278198242,
   "00028.png": 33.96664047241211,
   "00004.png": 34.36394119262695,
   "00002.png": 34.36757278442383,
   "00008.png": 33.82203674316406,
   "00007.png": 34.51930236816406,
   "00023.png": 33.891212463378906,
   "00012.png": 27.420549392700195,
   "00021.png": 34.85771942138672,
   "00005.png": 35.39455032348633,
   "00013.png": 31.595157623291016,
   "00022.png": 34.29106521606445,
   "00011.png": 28.887229919433594,
   "00032.png": 36.19610595703125,
   "00009.png": 24.933454513549805,
   "00033.png": 36.14026641845703,
   "00027.png": 33.85266876220703,
   "00016.png": 29.07722282409668,
   "00003.png": 32.11161422729492,
   "00000.png": 25.90350914001465,
   "00035.png": 29.39736557006836,
   "00031.png": 32.90058898925781,
   "00017.png": 33.97539520263672,
   "00006.png": 32.64276123046875,
   "00010.png": 31.858795166015625,
   "00034.png": 26.35244369506836,
   "00025.png": 31.40392303466797,
   "00015.png": 26.69283676147461,
   "00024.png": 33.51769256591797,
   "00036.png": 30.139577865600586,
   "00026.png": 34.65852355957031
  },
  "LPIPS": {
   "00014.png": 0.14322993159294128,
   "00030.png": 0.22754615545272827,
   "00020.png": 0.2442537397146225,
   "00018.png": 0.19789451360702515,
   "00019.png": 0.22782254219055176,
   "00001.png": 0.17911942303180695,
   "00029.png": 0.2447108030319214,
   "00028.png": 0.2359355241060257,
   "00004.png": 0.16092762351036072,
   "00002.png": 0.15948158502578735,
   "00008.png": 0.16134217381477356,
   "00007.png": 0.16709047555923462,
   "00023.png": 0.2242075651884079,
   "00012.png": 0.22791031002998352,
   "00021.png": 0.21725675463676453,
   "00005.png": 0.1573573797941208,
   "00013.png": 0.14724944531917572,
   "00022.png": 0.23910990357398987,
   "00011.png": 0.17812225222587585,
   "00032.png": 0.21101093292236328,
   "00009.png": 0.17434874176979065,
   "00033.png": 0.18263088166713715,
   "00027.png": 0.25379422307014465,
   "00016.png": 0.18772238492965698,
   "00003.png": 0.18473036587238312,
   "00000.png": 0.22015050053596497,
   "00035.png": 0.2014809250831604,
   "00031.png": 0.22764797508716583,
   "00017.png": 0.19138644635677338,
   "00006.png": 0.181472510099411,
   "00010.png": 0.1551159918308258,
   "00034.png": 0.18445485830307007,
   "00025.png": 0.2780030071735382,
   "00015.png": 0.23753878474235535,
   "00024.png": 0.2814434766769409,
   "00036.png": 0.2768464982509613,
   "00026.png": 0.27968722581863403
  }
 },
 "ours_7000": {
  "SSIM": {
   "00014.png": 0.9237180948257446,
   "00030.png": 0.9459652304649353,
   "00020.png": 0.9308500289916992,
   "00018.png": 0.907625675201416,
   "00019.png": 0.9079773426055908,
   "00001.png": 0.9080047011375427,
   "00029.png": 0.9311653971672058,
   "00028.png": 0.9391974210739136,
   "00004.png": 0.9299183487892151,
   "00002.png": 0.9330695271492004,
   "00008.png": 0.9315072298049927,
   "00007.png": 0.9290234446525574,
   "00023.png": 0.9263017177581787,
   "00012.png": 0.8821251392364502,
   "00021.png": 0.9293364882469177,
   "00005.png": 0.932479739189148,
   "00013.png": 0.9216852188110352,
   "00022.png": 0.9110260605812073,
   "00011.png": 0.9078395962715149,
   "00032.png": 0.938065230846405,
   "00009.png": 0.8972447514533997,
   "00033.png": 0.9473391771316528,
   "00027.png": 0.9352236986160278,
   "00016.png": 0.9057419896125793,
   "00003.png": 0.9273576140403748,
   "00000.png": 0.8760916590690613,
   "00035.png": 0.9074717164039612,
   "00031.png": 0.9226130843162537,
   "00017.png": 0.9185792803764343,
   "00006.png": 0.9276133179664612,
   "00010.png": 0.9040582776069641,
   "00034.png": 0.9030443429946899,
   "00025.png": 0.9228793978691101,
   "00015.png": 0.8887017369270325,
   "00024.png": 0.918760359287262,
   "00036.png": 0.9241254329681396,
   "00026.png": 0.9240802526473999
  },
  "PSNR": {
   "00014.png": 31.299779891967773,
   "00030.png": 32.21912384033203,
   "00020.png": 32.54285430908203,
   "00018.png": 29.887025833129883,
   "00019.png": 30.068286895751953,
   "00001.png": 27.2025146484375,
   "00029.png": 31.316377639770508,
   "00028.png": 29.688785552978516,
   "00004.png": 32.30786895751953,
   "00002.png": 31.225690841674805,
   "00008.png": 30.972549438476562,
   "00007.png": 32.011695861816406,
   "00023.png": 31.318178176879883,
   "00012.png": 25.7059383392334,
   "00021.png": 31.188135147094727,
   "00005.png": 32.273075103759766,
   "00013.png": 29.59831428527832,
   "00022.png": 30.97669792175293,
   "00011.png": 27.379287719726562,
   "00032.png": 33.44989013671875,
   "00009.png": 23.758420944213867,
   "00033.png": 33.46391296386719,
   "00027.png": 31.337642669677734,
   "00016.png": 27.763023376464844,
   "00003.png": 30.248958587646484,
   "00000.png": 23.493806838989258,
   "00035.png": 28.389070510864258,
   "00031.png": 30.884567260742188,
   "00017.png": 30.69770050048828,
   "00006.png": 30.039932250976562,
   "00010.png": 29.27757453918457,
   "00034.png": 27.202560424804688,
   "00025.png": 28.658920288085938,
   "00015.png": 25.12347412109375,
   "00024.png": 30.52222442626953,
   "00036.png": 28.625375747680664,
   "00026.png": 30.404150009155273
  },
  "LPIPS": {
   "00014.png": 0.18123507499694824,
   "00030.png": 0.2524971663951874,
   "00020.png": 0.27128350734710693,
   "00018.png": 0.2382689267396927,
   "00019.png": 0.2638773024082184,
   "00001.png": 0.2095704823732376,
   "00029.png": 0.27507922053337097,
   "00028.png": 0.265839546918869,
   "00004.png": 0.19160759449005127,
   "00002.png": 0.18325462937355042,
   "00008.png": 0.18784748017787933,
   "00007.png": 0.19516846537590027,
   "00023.png": 0.25715160369873047,
   "00012.png": 0.2768833637237549,
   "00021.png": 0.2525697946548462,
   "00005.png": 0.1895923614501953,
   "00013.png": 0.18711794912815094,
   "00022.png": 0.28522855043411255,
   "00011.png": 0.22519971430301666,
   "00032.png": 0.23895402252674103,
   "00009.png": 0.22127589583396912,
   "00033.png": 0.20336320996284485,
   "00027.png": 0.2778024673461914,
   "00016.png": 0.22807225584983826,
   "00003.png": 0.20690351724624634,
   "00000.png": 0.24248066544532776,
   "00035.png": 0.2282176911830902,
   "00031.png": 0.24690529704093933,
   "00017.png": 0.22711020708084106,
   "00006.png": 0.21718114614486694,
   "00010.png": 0.189104825258255,
   "00034.png": 0.2018667757511139,
   "00025.png": 0.30550894141197205,