{
 "ours_30000": {
  "SSIM": 0.9391260743141174,
  "PSNR": 32.23340606689453,
  "LPIPS": 0.20675767958164215
 },
 "ours_7000": {
  "SSIM": 0.9194002151489258,
  "PSNR": 29.797931671142578,
  "LPIPS": 0.23860439658164978
 }
}