{
 "ours_30000": {
  "SSIM": {
   "00014.png": 0.942274808883667,
   "00030.png": 0.941605806350708,
   "00020.png": 0.9479772448539734,
   "00018.png": 0.9289300441741943,
   "00019.png": 0.943236768245697,
   "00001.png": 0.941981315612793,
   "00029.png": 0.921997606754303,
   "00028.png": 0.9551784992218018,
   "00004.png": 0.951010525226593,
   "00002.png": 0.953055202960968,
   "00008.png": 0.9218159914016724,
   "00007.png": 0.9498180150985718,
   "00023.png": 0.9388608932495117,
   "00012.png": 0.9444009065628052,
   "00021.png": 0.9433711171150208,
   "00005.png": 0.9399857521057129,
   "00013.png": 0.9577521085739136,
   "00022.png": 0.9529092907905579,
   "00011.png": 0.913478434085846,
   "00032.png": 0.9630060791969299,
   "00009.png": 0.93410724401474,
   "00033.png": 0.9230533242225647,
   "00027.png": 0.7530214786529541,
   "00016.png": 0.9475775361061096,
   "00003.png": 0.9549495577812195,
   "00000.png": 0.9200862646102905,
   "00031.png": 0.9433758854866028,
   "00017.png": 0.9363294243812561,
   "00006.png": 0.8261622190475464,
   "00010.png": 0.9561631083488464,
   "00034.png": 0.7758761644363403,
   "00025.png": 0.9509556293487549,
   "00015.png": 0.9532954692840576,
   "00024.png": 0.9533800482749939,
   "00026.png": 0.9490554928779602
  },
  "PSNR": {
   "00014.png": 31.996545791625977,
   "00030.png": 33.42616271972656,
   "00020.png": 34.38677215576172,
   "00018.png": 32.41108322143555,
   "00019.png": 32.947532653808594,
   "00001.png": 30.000364303588867,
   "00029.png": 32.183284759521484,
   "00028.png": 33.69442367553711,
   "00004.png": 32.31193161010742,
   "00002.png": 33.264041900634766,
   "00008.png": 30.827274322509766,
   "00007.png": 31.662139892578125,
   "00023.png": 33.25475311279297,
   "00012.png": 31.41773223876953,
   "00021.png": 34.07941436767578,
   "00005.png": 30.416242599487305,
   "00013.png": 34.90005111694336,
   "00022.png": 34.50352478027344,
   "00011.png": 32.25213623046875,
   "00032.png": 36.20936584472656,
   "00009.png": 31.79874038696289,
   "00033.png": 31.738391876220703,
   "00027.png": 27.26205062866211,
   "00016.png": 33.8930549621582,
   "00003.png": 31.944467544555664,
   "00000.png": 28.12150764465332,
   "00031.png": 33.10275650024414,
   "00017.png": 33.892982482910156,
   "00006.png": 29.121875762939453,
   "00010.png": 34.74378967285156,
   "00034.png": 27.79405403137207,
   "00025.png": 33.312076568603516,
   "00015.png": 32.07905197143555,
   "00024.png": 33.71245574951172,
   "00026.png": 34.004539489746094
  },
  "LPIPS": {
   "00014.png": 0.09883986413478851,
   "00030.png": 0.12286067008972168,
   "00020.png": 0.09292992949485779,
   "00018.png": 0.11248219013214111,
   "00019.png": 0.10771443694829941,
   "00001.png": 0.09740517288446426,
   "00029.png": 0.12645524740219116,
   "00028.png": 0.06944675743579865,
   "00004.png": 0.08848237991333008,
   "00002.png": 0.09155480563640594,
   "00008.png": 0.14501118659973145,
   "00007.png": 0.08248145878314972,
   "00023.png": 0.13133132457733154,
   "00012.png": 0.10245828330516815,
   "00021.png": 0.11404561251401901,
   "00005.png": 0.10677515715360641,
   "00013.png": 0.12215183675289154,
   "00022.png": 0.09358112514019012,
   "00011.png": 0.1396295130252838,
   "00032.png": 0.11714980006217957,
   "00009.png": 0.12552258372306824,
   "00033.png": 0.1621912717819214,
   "00027.png": 0.2751307487487793,
   "00016.png": 0.09669579565525055,
   "00003.png": 0.08119329810142517,
   "00000.png": 0.12691260874271393,
   "00031.png": 0.1369357854127884,
   "00017.png": 0.12347877025604248,
   "00006.png": 0.2189418077468872,
   "00010.png": 0.11844363808631897,
   "00034.png": 0.28197550773620605,
   "00025.png": 0.081606924533844,
   "00015.png": 0.10879931598901749,
   "00024.png": 0.0855093002319336,
   "00026.png": 0.10365743935108185
  }
 },
 "ours_7000": {
  "SSIM": {
   "00014.png": 0.9395898580551147,
   "00030.png": 0.9348005652427673,
   "00020.png": 0.9399687647819519,
   "00018.png": 0.9179623126983643,
   "00019.png": 0.9343357086181641,
   "00001.png": 0.9331429600715637,
   "00029.png": 0.9180396199226379,
   "00028.png": 0.9479126930236816,
   "00004.png": 0.9440325498580933,
   "00002.png": 0.948582112789154,
   "00008.png": 0.9146177768707275,
   "00007.png": 0.9438993334770203,
   "00023.png": 0.9339584112167358,
   "00012.png": 0.9371547698974609,
   "00021.png": 0.9355692863464355,
   "00005.png": 0.9353488683700562,
   "00013.png": 0.9530500173568726,
   "00022.png": 0.948421835899353,
   "00011.png": 0.9095697999000549,
   "00032.png": 0.9568602442741394,
   "00009.png": 0.9302117228507996,
   "00033.png": 0.9240297079086304,
   "00027.png": 0.7593323588371277,
   "00016.png": 0.9396522641181946,
   "00003.png": 0.9482899308204651,
   "00000.png": 0.9121716022491455,
   "00031.png": 0.9401198625564575,
   "00017.png": 0.9290160536766052,
   "00006.png": 0.8172409534454346,
   "00010.png": 0.9516888856887817,
   "00034.png": 0.7651262879371643,
   "00025.png": 0.9477775692939758,
   "00015.png": 0.9476937651634216,
   "00024.png": 0.9446728229522705,
   "00026.png": 0.9478263854980469
  },
  "PSNR": {
   "00014.png": 31.402463912963867,
   "00030.png": 32.3535270690918,
   "00020.png": 33.5828857421875,
   "00018.png": 31.090505599975586,
   "00019.png": 31.18109893798828,
   "00001.png": 28.895971298217773,
   "00029.png": 31.420726776123047,
   "00028.png": 32.41773986816406,
   "00004.png": 30.692703247070312,
   "00002.png": 32.10239791870117,
   "00008.png": 30.1935977935791,
   "00007.png": 30.351999282836914,
   "00023.png": 33.08468246459961,
   "00012.png": 30.44060516357422,
   "00021.png": 33.02218246459961,
   "00005.png": 29.747583389282227,
   "00013.png": 33.48066711425781,
   "00022.png": 34.01699447631836,
   "00011.png": 31.719348907470703,
   "00032.png": 35.17792892456055,
   "00009.png": 31.549978256225586,
   "00033.png": 31.312759399414062,
   "00027.png": 26.928390502929688,
   "00016.png": 32.89747619628906,
   "00003.png": 31.17784881591797,
   "00000.png": 27.469675064086914,
   "00031.png": 32.28155517578125,
   "00017.png": 32.6526985168457,
   "00006.png": 28.655567169189453,
   "00010.png": 33.32307434082031,
   "00034.png": 27.988479614257812,
   "00025.png": 33.009429931640625,
   "00015.png": 32.12934112548828,
   "00024.png": 31.941322326660156,
   "00026.png": 33.78860855102539
  },
  "LPIPS": {
   "00014.png": 0.10990966856479645,
   "00030.png": 0.13169263303279877,
   "00020.png": 0.10400741547346115,
   "00018.png": 0.1317768394947052,
   "00019.png": 0.12408319115638733,
   "00001.png": 0.11316532641649246,
   "00029.png": 0.133625328540802,
   "00028.png": 0.07908362150192261,
   "00004.png": 0.102214016020298,
   "00002.png": 0.10061962157487869,
   "00008.png": 0.15087997913360596,
   "00007.png": 0.09257455170154572,
   "00023.png": 0.13744866847991943,
   "00012.png": 0.11829884350299835,
   "00021.png": 0.12705519795417786,
   "00005.png": 0.11672887206077576,
   "00013.png": 0.12918221950531006,
   "00022.png": 0.10277184098958969,
   "00011.png": 0.15147820115089417,
   "00032.png": 0.12855210900306702,
   "00009.png": 0.13511349260807037,
   "00033.png": 0.16625937819480896,
   "00027.png": 0.27790194749832153,
   "00016.png": 0.11403337866067886,
   "00003.png": 0.09478318691253662,
   "00000.png": 0.13945147395133972,
   "00031.png": 0.1452152132987976,
   "00017.png": 0.1395605504512787,
   "00006.png": 0.22845333814620972,
   "00010.png": 0.12563633918762207,
   "00034.png": 0.2918645143508911,
   "00025.png": 0.08838239312171936,
   "00015.png": 0.12059240788221359,
   "00024.png": 0.09834033250808716,
   "00026.png": 0.10806120932102203
  }
 }
}