{
 "ours_30000": {
  "SSIM": 0.9294296503067017,
  "PSNR": 32.361900329589844,
  "LPIPS": 0.12256518751382828
 },
 "ours_7000": {
  "SSIM": 0.9237619638442993,
  "PSNR": 31.528051376342773,
  "LPIPS": 0.1331084817647934
 }
}