{
 "ours_30000": {
  "SSIM": {
   "00014.png": 0.9439789056777954,
   "00030.png": 0.8846479654312134,
   "00020.png": 0.9327226877212524,
   "00018.png": 0.9220381379127502,
   "00019.png": 0.9404908418655396,
   "00001.png": 0.9042857885360718,
   "00029.png": 0.9237244129180908,
   "00028.png": 0.9248876571655273,
   "00004.png": 0.9506415128707886,
   "00002.png": 0.9036961197853088,
   "00008.png": 0.9338217377662659,
   "00007.png": 0.9630122780799866,
   "00023.png": 0.9044638276100159,
   "00012.png": 0.9450865983963013,
   "00021.png": 0.8658530712127686,
   "00005.png": 0.9402346611022949,
   "00013.png": 0.9313709139823914,
   "00022.png": 0.9333704710006714,
   "00011.png": 0.9455648064613342,
   "00032.png": 0.9292286038398743,
   "00009.png": 0.9459667801856995,
   "00033.png": 0.9371376633644104,
   "00027.png": 0.9075897336006165,
   "00016.png": 0.9235259890556335,
   "00003.png": 0.9294793009757996,
   "00000.png": 0.9053929448127747,
   "00035.png": 0.9581230282783508,
   "00031.png": 0.8489609360694885,
   "00017.png": 0.9493727684020996,
   "00006.png": 0.9188627004623413,
   "00010.png": 0.9340997934341431,
   "00034.png": 0.936913251876831,
   "00025.png": 0.9245968461036682,
   "00015.png": 0.8889660239219666,
   "00024.png": 0.9216877222061157,
   "00036.png": 0.8650460839271545,
   "00026.png": 0.932449996471405,
   "00038.png": 0.8937677145004272,
   "00037.png": 0.9388297200202942
  },
  "PSNR": {
   "00014.png": 32.36916732788086,
   "00030.png": 31.67013931274414,
   "00020.png": 33.12592697143555,
   "00018.png": 33.62288284301758,
   "00019.png": 31.732797622680664,
   "00001.png": 33.937137603759766,
   "00029.png": 30.661426544189453,
   "00028.png": 32.1754150390625,
   "00004.png": 34.334922790527344,
   "00002.png": 34.73237228393555,
   "00008.png": 32.185569763183594,
   "00007.png": 35.21337890625,
   "00023.png": 29.33465003967285,
   "00012.png": 36.273380279541016,
   "00021.png": 31.13217544555664,
   "00005.png": 32.754276275634766,
   "00013.png": 33.72795867919922,
   "00022.png": 34.97244644165039,
   "00011.png": 36.92747497558594,
   "00032.png": 31.098648071289062,
   "00009.png": 34.86091995239258,
   "00033.png": 33.118648529052734,
   "00027.png": 31.816194534301758,
   "00016.png": 32.982608795166016,
   "00003.png": 35.98684310913086,
   "00000.png": 32.74592208862305,
   "00035.png": 30.86463737487793,
   "00031.png": 32.330284118652344,
   "00017.png": 35.3175163269043,
   "00006.png": 33.685306549072266,
   "00010.png": 34.10197830200195,
   "00034.png": 26.409076690673828,
   "00025.png": 32.72623062133789,
   "00015.png": 33.644813537597656,
   "00024.png": 32.1706428527832,
   "00036.png": 22.180217742919922,
   "00026.png": 30.528003692626953,
   "00038.png": 31.878135681152344,
   "00037.png": 36.211971282958984
  },
  "LPIPS": {
   "00014.png": 0.16204635798931122,
   "00030.png": 0.2947947382926941,
   "00020.png": 0.16812735795974731,
   "00018.png": 0.24139665067195892,
   "00019.png": 0.16142556071281433,
   "00001.png": 0.1863103210926056,
   "00029.png": 0.22598227858543396,
   "00028.png": 0.21022583544254303,
   "00004.png": 0.18329031765460968,
   "00002.png": 0.19888126850128174,
   "00008.png": 0.1859631985425949,
   "00007.png": 0.15079215168952942,
   "00023.png": 0.18499216437339783,
   "00012.png": 0.1665371060371399,
   "00021.png": 0.3088800013065338,
   "00005.png": 0.1753198206424713,
   "00013.png": 0.17859089374542236,
   "00022.png": 0.1475827991962433,
   "00011.png": 0.16746076941490173,
   "00032.png": 0.18347305059432983,
   "00009.png": 0.1653052568435669,
   "00033.png": 0.20587649941444397,
   "00027.png": 0.24886077642440796,
   "00016.png": 0.2023564577102661,
   "00003.png": 0.18389016389846802,
   "00000.png": 0.1903802454471588,
   "00035.png": 0.24271614849567413,
   "00031.png": 0.3026736378669739,
   "00017.png": 0.158684641122818,
   "00006.png": 0.19472505152225494,
   "00010.png": 0.18199996650218964,
   "00034.png": 0.28467246890068054,
   "00025.png": 0.21396851539611816,
   "00015.png": 0.23387691378593445,
   "00024.png": 0.24190585315227509,
   "00036.png": 0.3659268617630005,
   "00026.png": 0.18162907660007477,
   "00038.png": 0.2911245822906494,
   "00037.png": 0.261696457862854
  }
 },
 "ours_7000": {
  "SSIM": {
   "00014.png": 0.9427520632743835,
   "00030.png": 0.8887572884559631,
   "00020.png": 0.9236549139022827,
   "00018.png": 0.9200437664985657,
   "00019.png": 0.93669193983078,
   "00001.png": 0.8927865624427795,
   "00029.png": 0.9191646575927734,
   "00028.png": 0.9141340255737305,
   "00004.png": 0.9481397271156311,
   "00002.png": 0.8873498439788818,
   "00008.png": 0.9286277890205383,
   "00007.png": 0.9589092135429382,
   "00023.png": 0.8953678011894226,
   "00012.png": 0.940784752368927,
   "00021.png": 0.8684468865394592,
   "00005.png": 0.9315446615219116,
   "00013.png": 0.92120361328125,
   "00022.png": 0.9254478216171265,
   "00011.png": 0.9401031136512756,
   "00032.png": 0.9331197142601013,
   "00009.png": 0.9434332847595215,
   "00033.png": 0.9314832091331482,
   "00027.png": 0.9086422920227051,
   "00016.png": 0.9202631115913391,
   "00003.png": 0.9200005531311035,
   "00000.png": 0.8842917680740356,
   "00035.png": 0.9578667283058167,
   "00031.png": 0.8390039801597595,
   "00017.png": 0.9460525512695312,
   "00006.png": 0.9114670157432556,
   "00010.png": 0.9254707098007202,
   "00034.png": 0.9447872042655945,
   "00025.png": 0.9216457009315491,
   "00015.png": 0.8746069073677063,
   "00024.png": 0.9203202724456787,
   "00036.png": 0.8720983266830444,
   "00026.png": 0.9404650330543518,
   "00038.png": 0.8882105350494385,
   "00037.png": 0.9383798837661743
  },
  "PSNR": {
   "00014.png": 32.36701583862305,
   "00030.png": 31.497154235839844,
   "00020.png": 32.036781311035156,
   "00018.png": 33.07562255859375,
   "00019.png": 30.823253631591797,
   "00001.png": 33.43972396850586,
   "00029.png": 29.799367904663086,
   "00028.png": 30.732412338256836,
   "00004.png": 33.83351516723633,
   "00002.png": 33.38972473144531,
   "00008.png": 31.568073272705078,
   "00007.png": 34.7609977722168,
   "00023.png": 28.19709014892578,
   "00012.png": 35.33935546875,
   "00021.png": 30.623245239257812,
   "00005.png": 31.296913146972656,
   "00013.png": 32.81193161010742,
   "00022.png": 34.19563293457031,
   "00011.png": 36.40392303466797,
   "00032.png": 30.593761444091797,
   "00009.png": 34.326866149902344,
   "00033.png": 31.409515380859375,
   "00027.png": 31.909313201904297,
   "00016.png": 32.86549377441406,
   "00003.png": 35.17848205566406,
   "00000.png": 30.861690521240234,
   "00035.png": 29.681262969970703,
   "00031.png": 32.23306655883789,
   "00017.png": 35.073158264160156,
   "00006.png": 33.31821060180664,
   "00010.png": 33.8436279296875,
   "00034.png": 25.921337127685547,
   "00025.png": 32.478492736816406,
   "00015.png": 32.849178314208984,
   "00024.png": 32.00203323364258,
   "00036.png": 23.559968948364258,
   "00026.png": 32.219940185546875,
   "00038.png": 31.09132957458496,
   "00037.png": 35.38574981689453
  },
  "LPIPS": {
   "00014.png": 0.16780567169189453,
   "00030.png": 0.30815577507019043,
   "00020.png": 0.186960369348526,
   "00018.png": 0.25387418270111084,
   "00019.png": 0.1770370751619339,
   "00001.png": 0.20990893244743347,
   "00029.png": 0.24030308425426483,
   "00028.png": 0.23158401250839233,
   "00004.png": 0.19149453938007355,
   "00002.png": 0.22674214839935303,
   "00008.png": 0.19810718297958374,
   "00007.png": 0.16220875084400177,
   "00023.png": 0.2058502733707428,
   "00012.png": 0.17905016243457794,
   "00021.png": 0.3127501904964447,
   "00005.png": 0.19402670860290527,
   "00013.png": 0.19629114866256714,
   "00022.png": 0.16942138969898224,
   "00011.png": 0.18296286463737488,
   "00032.png": 0.18777883052825928,
   "00009.png": 0.17222188413143158,
   "00033.png": 0.22010046243667603,
   "00027.png": 0.2641047239303589,
   "00016.png": 0.21386899054050446,