{
 "ours_30000": {
  "SSIM": 0.9226638674736023,
  "PSNR": 32.706207275390625,
  "LPIPS": 0.21113698184490204
 },
 "ours_7000": {
  "SSIM": 0.9180902242660522,
  "PSNR": 32.12805938720703,
  "LPIPS": 0.22573637962341309
 }
}