{
 "ours_30000": {
  "SSIM": {
   "00014.png": 0.9456908106803894,
   "00030.png": 0.9585749506950378,
   "00020.png": 0.9437888860702515,
   "00018.png": 0.9382532835006714,
   "00019.png": 0.9370947480201721,
   "00001.png": 0.9320205450057983,
   "00029.png": 0.9479597210884094,
   "00028.png": 0.9541963934898376,
   "00004.png": 0.947595477104187,
   "00002.png": 0.9508894085884094,
   "00008.png": 0.9502710103988647,
   "00007.png": 0.9488815665245056,
   "00023.png": 0.9432035088539124,
   "00012.png": 0.904441237449646,
   "00021.png": 0.9505718946456909,
   "00005.png": 0.9539339542388916,
   "00013.png": 0.9454877376556396,
   "00022.png": 0.9395037889480591,
   "00011.png": 0.9352335929870605,
   "00032.png": 0.9509769082069397,
   "00009.png": 0.9272560477256775,
   "00033.png": 0.9579213261604309,
   "00027.png": 0.9483951926231384,
   "00016.png": 0.9336641430854797,
   "00003.png": 0.9431872367858887,
   "00000.png": 0.9077707529067993,
   "00035.png": 0.9268172383308411,
   "00031.png": 0.9348708987236023,
   "00017.png": 0.940852701663971,
   "00006.png": 0.9461581707000732,
   "00010.png": 0.9364756345748901,
   "00034.png": 0.8858030438423157,
   "00025.png": 0.9420945048332214,
   "00015.png": 0.920877993106842,
   "00024.png": 0.9362961649894714,
   "00036.png": 0.933772087097168,
   "00026.png": 0.9471642971038818
  },
  "PSNR": {
   "00014.png": 33.78482437133789,
   "00030.png": 35.76939392089844,
   "00020.png": 34.64198303222656,
   "00018.png": 33.19878005981445,
   "00019.png": 33.249961853027344,
   "00001.png": 29.135475158691406,
   "00029.png": 33.97704315185547,
   "00028.png": 33.72742462158203,
   "00004.png": 34.14448165893555,
   "00002.png": 34.3292350769043,
   "00008.png": 33.81548309326172,
   "00007.png": 34.74225616455078,
   "00023.png": 33.783512115478516,
   "00012.png": 27.516271591186523,
   "00021.png": 34.196800231933594,
   "00005.png": 35.350860595703125,
   "00013.png": 31.660362243652344,
   "00022.png": 34.39881134033203,
   "00011.png": 28.84998321533203,
   "00032.png": 36.31251907348633,
   "00009.png": 24.979097366333008,
   "00033.png": 36.24729537963867,
   "00027.png": 33.655094146728516,
   "00016.png": 29.174707412719727,
   "00003.png": 32.05522155761719,
   "00000.png": 26.672534942626953,
   "00035.png": 29.759462356567383,
   "00031.png": 32.93817901611328,
   "00017.png": 32.580474853515625,
   "00006.png": 32.75215530395508,
   "00010.png": 32.05045700073242,
   "00034.png": 24.011764526367188,
   "00025.png": 31.24243927001953,
   "00015.png": 27.631263732910156,
   "00024.png": 32.90277099609375,
   "00036.png": 29.99106216430664,
   "00026.png": 34.796287536621094
  },
  "LPIPS": {
   "00014.png": 0.1424921751022339,
   "00030.png": 0.22915244102478027,
   "00020.png": 0.24480481445789337,
   "00018.png": 0.1983112394809723,
   "00019.png": 0.2282090187072754,
   "00001.png": 0.17930465936660767,
   "00029.png": 0.24596364796161652,
   "00028.png": 0.23841360211372375,
   "00004.png": 0.1632942259311676,
   "00002.png": 0.15945112705230713,
   "00008.png": 0.1605645716190338,
   "00007.png": 0.16711878776550293,
   "00023.png": 0.2248532474040985,
   "00012.png": 0.22648516297340393,
   "00021.png": 0.2174399495124817,
   "00005.png": 0.15781483054161072,
   "00013.png": 0.1467059850692749,
   "00022.png": 0.2399137318134308,
   "00011.png": 0.17791865766048431,
   "00032.png": 0.21289919316768646,
   "00009.png": 0.17475581169128418,
   "00033.png": 0.18297939002513885,
   "00027.png": 0.25510817766189575,
   "00016.png": 0.18649232387542725,
   "00003.png": 0.18426692485809326,
   "00000.png": 0.21938814222812653,
   "00035.png": 0.20210295915603638,
   "00031.png": 0.2267049252986908,
   "00017.png": 0.19272415339946747,
   "00006.png": 0.1820913553237915,
   "00010.png": 0.15316243469715118,
   "00034.png": 0.1843302696943283,
   "00025.png": 0.27697455883026123,
   "00015.png": 0.23727913200855255,
   "00024.png": 0.28222835063934326,
   "00036.png": 0.2780625820159912,
   "00026.png": 0.28206324577331543
  }
 },
 "ours_7000": {
  "SSIM": {
   "00014.png": 0.9234458208084106,
   "00030.png": 0.9467179179191589,
   "00020.png": 0.9309516549110413,
   "00018.png": 0.9091591835021973,
   "00019.png": 0.9087163209915161,
   "00001.png": 0.9087544083595276,
   "00029.png": 0.9311114549636841,
   "00028.png": 0.9393044710159302,
   "00004.png": 0.9294289946556091,
   "00002.png": 0.9328348636627197,
   "00008.png": 0.9331507086753845,
   "00007.png": 0.9294710755348206,
   "00023.png": 0.9263545274734497,
   "00012.png": 0.874866783618927,
   "00021.png": 0.9242827296257019,
   "00005.png": 0.9306232333183289,
   "00013.png": 0.9215189218521118,
   "00022.png": 0.9122321009635925,
   "00011.png": 0.9102118015289307,
   "00032.png": 0.9380016326904297,
   "00009.png": 0.8955470323562622,
   "00033.png": 0.947984516620636,
   "00027.png": 0.9345086216926575,
   "00016.png": 0.9067909717559814,
   "00003.png": 0.9262804388999939,
   "00000.png": 0.876244843006134,
   "00035.png": 0.9083414077758789,
   "00031.png": 0.9226416945457458,
   "00017.png": 0.9198483824729919,
   "00006.png": 0.9288455843925476,
   "00010.png": 0.9045522212982178,
   "00034.png": 0.9081392884254456,
   "00025.png": 0.9222082495689392,
   "00015.png": 0.8920353055000305,
   "00024.png": 0.9186278581619263,
   "00036.png": 0.924530029296875,
   "00026.png": 0.923807680606842
  },
  "PSNR": {
   "00014.png": 31.303314208984375,
   "00030.png": 32.547088623046875,
   "00020.png": 32.25322341918945,
   "00018.png": 30.108583450317383,
   "00019.png": 29.84285545349121,
   "00001.png": 27.220373153686523,
   "00029.png": 31.389232635498047,
   "00028.png": 29.93634033203125,
   "00004.png": 32.05967330932617,
   "00002.png": 31.05024528503418,
   "00008.png": 31.280075073242188,
   "00007.png": 31.852134704589844,
   "00023.png": 31.445600509643555,
   "00012.png": 25.569307327270508,
   "00021.png": 30.87491226196289,
   "00005.png": 32.046241760253906,
   "00013.png": 29.608592987060547,
   "00022.png": 31.210508346557617,
   "00011.png": 27.382896423339844,
   "00032.png": 33.516971588134766,
   "00009.png": 23.765254974365234,
   "00033.png": 33.643001556396484,
   "00027.png": 31.373424530029297,
   "00016.png": 27.771970748901367,
   "00003.png": 30.05314064025879,
   "00000.png": 23.67397689819336,
   "00035.png": 28.438945770263672,
   "00031.png": 30.550342559814453,
   "00017.png": 30.794605255126953,
   "00006.png": 30.246122360229492,
   "00010.png": 29.324256896972656,
   "00034.png": 27.71228790283203,
   "00025.png": 28.86908721923828,
   "00015.png": 25.247791290283203,
   "00024.png": 30.465450286865234,
   "00036.png": 28.68081283569336,
   "00026.png": 30.385677337646484
  },
  "LPIPS": {
   "00014.png": 0.18054744601249695,
   "00030.png": 0.2506532073020935,
   "00020.png": 0.2707114815711975,
   "00018.png": 0.23647740483283997,
   "00019.png": 0.2625728249549866,
   "00001.png": 0.2091350555419922,
   "00029.png": 0.2749263048171997,
   "00028.png": 0.2659308612346649,
   "00004.png": 0.1914888620376587,
   "00002.png": 0.1843426525592804,
   "00008.png": 0.18850919604301453,
   "00007.png": 0.19458365440368652,
   "00023.png": 0.2579185366630554,
   "00012.png": 0.2748401165008545,
   "00021.png": 0.25273945927619934,
   "00005.png": 0.19044554233551025,
   "00013.png": 0.18691156804561615,
   "00022.png": 0.28578418493270874,
   "00011.png": 0.22423028945922852,
   "00032.png": 0.23846426606178284,
   "00009.png": 0.22411532700061798,
   "00033.png": 0.20256179571151733,
   "00027.png": 0.2779153287410736,
   "00016.png": 0.22921040654182434,
   "00003.png": 0.20820346474647522,
   "00000.png": 0.24272403120994568,
   "00035.png": 0.22870567440986633,
   "00031.png": 0.24649816751480103,
   "00017.png": 0.22694061696529388,
   "00006.png": 0.21666286885738373,
   "00010.png": 0.18927699327468872,
   "00034.png": 0.20049218833446503,
   "00025.png": 0.3069685101509094,