{
 "ours_30000": {
  "SSIM": 0.9391336441040039,
  "PSNR": 32.16285705566406,
  "LPIPS": 0.20707638561725616
 },
 "ours_7000": {
  "SSIM": 0.9195154309272766,
  "PSNR": 29.824172973632812,
  "LPIPS": 0.23858331143856049
 }
}