{
 "ours_30000": {
  "SSIM": {
   "00014.png": 0.893751323223114,
   "00020.png": 0.8948991894721985,
   "00018.png": 0.8968445062637329,
   "00019.png": 0.9122346043586731,
   "00001.png": 0.7661225199699402,
   "00004.png": 0.7808868885040283,
   "00002.png": 0.8566456437110901,
   "00008.png": 0.8649534583091736,
   "00007.png": 0.9089896082878113,
   "00023.png": 0.8991648554801941,
   "00012.png": 0.8565229773521423,
   "00021.png": 0.8283066153526306,
   "00005.png": 0.8605400323867798,
   "00013.png": 0.8895491361618042,
   "00022.png": 0.8657154440879822,
   "00011.png": 0.8935527801513672,
   "00009.png": 0.8634862303733826,
   "00016.png": 0.8414709568023682,
   "00003.png": 0.811658501625061,
   "00000.png": 0.8330585360527039,
   "00017.png": 0.9113553762435913,
   "00006.png": 0.9013659954071045,
   "00010.png": 0.8857908844947815,
   "00015.png": 0.8190385103225708
  },
  "PSNR": {
   "00014.png": 30.199932098388672,
   "00020.png": 29.699054718017578,
   "00018.png": 28.40348243713379,
   "00019.png": 29.730045318603516,
   "00001.png": 22.863588333129883,
   "00004.png": 20.441997528076172,
   "00002.png": 27.875396728515625,
   "00008.png": 27.140277862548828,
   "00007.png": 29.196556091308594,
   "00023.png": 28.775768280029297,
   "00012.png": 27.308570861816406,
   "00021.png": 26.069854736328125,
   "00005.png": 26.995216369628906,
   "00013.png": 29.457618713378906,
   "00022.png": 27.58561134338379,
   "00011.png": 28.662700653076172,
   "00009.png": 27.535917282104492,
   "00016.png": 27.574405670166016,
   "00003.png": 24.881446838378906,
   "00000.png": 23.99151611328125,
   "00017.png": 30.761587142944336,
   "00006.png": 29.239912033081055,
   "00010.png": 27.093229293823242,
   "00015.png": 25.74222755432129
  },
  "LPIPS": {
   "00014.png": 0.09487660974264145,
   "00020.png": 0.09451282024383545,
   "00018.png": 0.0994979590177536,
   "00019.png": 0.10090196877717972,
   "00001.png": 0.15570887923240662,
   "00004.png": 0.15949249267578125,
   "00002.png": 0.10660036653280258,
   "00008.png": 0.10270407795906067,
   "00007.png": 0.09112460166215897,
   "00023.png": 0.09389474987983704,
   "00012.png": 0.11003600060939789,
   "00021.png": 0.12197886407375336,
   "00005.png": 0.11178603023290634,
   "00013.png": 0.09638479351997375,
   "00022.png": 0.10216057300567627,
   "00011.png": 0.09784098714590073,
   "00009.png": 0.10255781561136246,
   "00016.png": 0.1027279645204544,
   "00003.png": 0.12006659805774689,
   "00000.png": 0.12759113311767578,
   "00017.png": 0.09437845647335052,
   "00006.png": 0.09301622956991196,
   "00010.png": 0.0987548679113388,
   "00015.png": 0.10961329936981201
  }
 },
 "ours_7000": {
  "SSIM": {
   "00014.png": 0.8639854192733765,
   "00020.png": 0.8546374440193176,
   "00018.png": 0.8573502898216248,
   "00019.png": 0.8600650429725647,
   "00001.png": 0.7223033308982849,
   "00004.png": 0.7508336305618286,
   "00002.png": 0.8224729299545288,
   "00008.png": 0.8195314407348633,
   "00007.png": 0.8816209435462952,
   "00023.png": 0.8662936687469482,
   "00012.png": 0.816938042640686,
   "00021.png": 0.7927529215812683,
   "00005.png": 0.8269803524017334,
   "00013.png": 0.8460035920143127,
   "00022.png": 0.8117018938064575,
   "00011.png": 0.8543806076049805,
   "00009.png": 0.8252615928649902,
   "00016.png": 0.8179693818092346,
   "00003.png": 0.7816306352615356,
   "00000.png": 0.8087502717971802,
   "00017.png": 0.8619769215583801,
   "00006.png": 0.8624132871627808,
   "00010.png": 0.8430356383323669,
   "00015.png": 0.8038867115974426
  },
  "PSNR": {
   "00014.png": 28.8790225982666,
   "00020.png": 28.17131233215332,
   "00018.png": 27.858570098876953,
   "00019.png": 27.640357971191406,
   "00001.png": 22.115520477294922,
   "00004.png": 19.834095001220703,
   "00002.png": 26.47066879272461,
   "00008.png": 25.646400451660156,
   "00007.png": 28.03567123413086,
   "00023.png": 27.47266960144043,
   "00012.png": 26.140419006347656,
   "00021.png": 25.1734561920166,
   "00005.png": 25.890079498291016,
   "00013.png": 28.157155990600586,
   "00022.png": 26.16004753112793,
   "00011.png": 27.184350967407227,
   "00009.png": 26.28720474243164,
   "00016.png": 27.011945724487305,
   "00003.png": 24.245634078979492,
   "00000.png": 23.792638778686523,
   "00017.png": 28.458698272705078,
   "00006.png": 27.845672607421875,
   "00010.png": 25.23819923400879,
   "00015.png": 25.38712501525879
  },
  "LPIPS": {
   "00014.png": 0.14672110974788666,
   "00020.png": 0.1476874202489853,
   "00018.png": 0.1583433449268341,
   "00019.png": 0.1708913892507553,
   "00001.png": 0.21522045135498047,
   "00004.png": 0.20449677109718323,
   "00002.png": 0.14860783517360687,
   "00008.png": 0.1528857946395874,
   "00007.png": 0.1338765025138855,
   "00023.png": 0.13857635855674744,
   "00012.png": 0.16062213480472565,
   "00021.png": 0.17275667190551758,
   "00005.png": 0.16421270370483398,
   "00013.png": 0.14518633484840393,
   "00022.png": 0.162220299243927,
   "00011.png": 0.14983855187892914,
   "00009.png": 0.14919769763946533,
   "00016.png": 0.15688498318195343,
   "00003.png": 0.17684900760650635,
   "00000.png": 0.1754792034626007,
   "00017.png": 0.1567603349685669,
   "00006.png": 0.14133967459201813,
   "00010.png": 0.15958455204963684,
   "00015.png": 0.1613979935646057
  }
 }
}