{
 "ours_30000": {
  "SSIM": 0.8639960289001465,
  "PSNR": 27.384414672851562,
  "LPIPS": 0.10784200578927994
 },
 "ours_7000": {
  "SSIM": 0.8271989822387695,
  "PSNR": 26.212371826171875,
  "LPIPS": 0.16040155291557312
 }
}