{
 "ours_30000": {
  "SSIM": {
   "00014.png": 0.8874994516372681,
   "00020.png": 0.9186128377914429,
   "00018.png": 0.9094207286834717,
   "00019.png": 0.9165923595428467,
   "00001.png": 0.910552442073822,
   "00029.png": 0.8562800288200378,
   "00028.png": 0.9143599271774292,
   "00004.png": 0.9405426979064941,
   "00002.png": 0.9105414152145386,
   "00008.png": 0.9051102995872498,
   "00007.png": 0.9245463609695435,
   "00023.png": 0.9334692358970642,
   "00012.png": 0.9019144773483276,
   "00021.png": 0.9083381295204163,
   "00005.png": 0.9031057357788086,
   "00013.png": 0.9196075797080994,
   "00022.png": 0.9183292388916016,
   "00011.png": 0.9173486232757568,
   "00009.png": 0.9018699526786804,
   "00027.png": 0.9196110963821411,
   "00016.png": 0.9290667176246643,
   "00003.png": 0.8474782109260559,
   "00000.png": 0.8792771697044373,
   "00017.png": 0.9061023592948914,
   "00006.png": 0.9004896879196167,
   "00010.png": 0.9088799953460693,
   "00025.png": 0.9393746256828308,
   "00015.png": 0.9123221635818481,
   "00024.png": 0.924342930316925,
   "00026.png": 0.9383226037025452
  },
  "PSNR": {
   "00014.png": 26.288711547851562,
   "00020.png": 31.1717586517334,
   "00018.png": 29.563350677490234,
   "00019.png": 28.726585388183594,
   "00001.png": 30.18472671508789,
   "00029.png": 25.448348999023438,
   "00028.png": 28.931678771972656,
   "00004.png": 32.345157623291016,
   "00002.png": 29.49517059326172,
   "00008.png": 30.74295997619629,
   "00007.png": 31.3651123046875,
   "00023.png": 31.27305030822754,
   "00012.png": 27.083436965942383,
   "00021.png": 29.96111297607422,
   "00005.png": 29.33293342590332,
   "00013.png": 29.68838882446289,
   "00022.png": 29.799516677856445,
   "00011.png": 30.944536209106445,
   "00009.png": 28.27032470703125,
   "00027.png": 28.905189514160156,
   "00016.png": 29.294448852539062,
   "00003.png": 26.401674270629883,
   "00000.png": 27.971059799194336,
   "00017.png": 28.418804168701172,
   "00006.png": 29.797908782958984,
   "00010.png": 29.34116554260254,
   "00025.png": 33.217079162597656,
   "00015.png": 29.673320770263672,
   "00024.png": 32.09544372558594,
   "00026.png": 32.55720901489258
  },
  "LPIPS": {
   "00014.png": 0.23232300579547882,
   "00020.png": 0.1881791353225708,
   "00018.png": 0.18535447120666504,
   "00019.png": 0.1766747385263443,
   "00001.png": 0.168707937002182,
   "00029.png": 0.259856641292572,
   "00028.png": 0.18575164675712585,
   "00004.png": 0.17907625436782837,
   "00002.png": 0.16898472607135773,
   "00008.png": 0.2817842364311218,
   "00007.png": 0.14374655485153198,
   "00023.png": 0.17316895723342896,
   "00012.png": 0.16527077555656433,
   "00021.png": 0.22516891360282898,
   "00005.png": 0.24888841807842255,
   "00013.png": 0.15786875784397125,
   "00022.png": 0.18165470659732819,
   "00011.png": 0.27226048707962036,
   "00009.png": 0.16466286778450012,
   "00027.png": 0.1616300493478775,
   "00016.png": 0.14992494881153107,
   "00003.png": 0.25825896859169006,
   "00000.png": 0.2321312427520752,
   "00017.png": 0.223017618060112,
   "00006.png": 0.19503241777420044,
   "00010.png": 0.16552568972110748,
   "00025.png": 0.1547529101371765,
   "00015.png": 0.20716434717178345,
   "00024.png": 0.20407547056674957,
   "00026.png": 0.16325318813323975
  }
 },
 "ours_7000": {
  "SSIM": {
   "00014.png": 0.873063325881958,
   "00020.png": 0.9069926738739014,
   "00018.png": 0.8970618844032288,
   "00019.png": 0.9024310111999512,
   "00001.png": 0.8940346240997314,
   "00029.png": 0.8514484167098999,
   "00028.png": 0.905425488948822,
   "00004.png": 0.9328542947769165,
   "00002.png": 0.9031326174736023,
   "00008.png": 0.8800411224365234,
   "00007.png": 0.9100822806358337,
   "00023.png": 0.9225630760192871,
   "00012.png": 0.8898453116416931,
   "00021.png": 0.8934676051139832,
   "00005.png": 0.9028217792510986,
   "00013.png": 0.90086430311203,
   "00022.png": 0.9053032398223877,
   "00011.png": 0.907886803150177,
   "00009.png": 0.8819292783737183,
   "00027.png": 0.9088004231452942,
   "00016.png": 0.9192745089530945,
   "00003.png": 0.8458753228187561,
   "00000.png": 0.862525999546051,
   "00017.png": 0.8991116881370544,
   "00006.png": 0.8907871246337891,
   "00010.png": 0.889426052570343,
   "00025.png": 0.9314621686935425,
   "00015.png": 0.9010431170463562,
   "00024.png": 0.9111720323562622,
   "00026.png": 0.9256842136383057
  },
  "PSNR": {
   "00014.png": 25.31693458557129,
   "00020.png": 30.049562454223633,
   "00018.png": 28.288799285888672,
   "00019.png": 27.255765914916992,
   "00001.png": 29.161014556884766,
   "00029.png": 25.005701065063477,
   "00028.png": 27.91205406188965,
   "00004.png": 31.265174865722656,
   "00002.png": 28.809894561767578,
   "00008.png": 29.038400650024414,
   "00007.png": 29.49578857421875,
   "00023.png": 30.040122985839844,
   "00012.png": 26.14853858947754,
   "00021.png": 28.762510299682617,
   "00005.png": 29.1865177154541,
   "00013.png": 28.326351165771484,
   "00022.png": 28.579519271850586,
   "00011.png": 29.952739715576172,
   "00009.png": 26.970378875732422,
   "00027.png": 28.23870086669922,
   "00016.png": 28.598520278930664,
   "00003.png": 26.00599479675293,
   "00000.png": 26.4157657623291,
   "00017.png": 26.704299926757812,
   "00006.png": 28.745559692382812,
   "00010.png": 27.986881256103516,
   "00025.png": 32.025848388671875,
   "00015.png": 28.694290161132812,
   "00024.png": 30.756019592285156,
   "00026.png": 30.66527557373047
  },
  "LPIPS": {
   "00014.png": 0.2561562657356262,
   "00020.png": 0.20812810957431793,
   "00018.png": 0.20521806180477142,
   "00019.png": 0.19850562512874603,
   "00001.png": 0.19671672582626343,
   "00029.png": 0.27733221650123596,
   "00028.png": 0.20240598917007446,
   "00004.png": 0.19906002283096313,
   "00002.png": 0.1856410652399063,
   "00008.png": 0.32153528928756714,
   "00007.png": 0.17013630270957947,
   "00023.png": 0.19074708223342896,
   "00012.png": 0.1837630271911621,
   "00021.png": 0.24631914496421814,
   "00005.png": 0.26231247186660767,
   "00013.png": 0.18150372803211212,
   "00022.png": 0.20298103988170624,
   "00011.png": 0.2873190641403198,
   "00009.png": 0.19403058290481567,
   "00027.png": 0.1837681233882904,
   "00016.png": 0.1672094762325287,
   "00003.png": 0.26819002628326416,
   "00000.png": 0.26363441348075867,
   "00017.png": 0.24089395999908447,
   "00006.png": 0.2129938155412674,
   "00010.png": 0.19239474833011627,
   "00025.png": 0.17005372047424316,
   "00015.png": 0.22401805222034454,
   "00024.png": 0.2267676442861557,
   "00026.png": 0.1841149777173996
  }
 }
}