{
 "ours_30000": {
  "SSIM": 0.910110354423523,
  "PSNR": 29.60967254638672,
  "LPIPS": 0.19580501317977905
 },
 "ours_7000": {
  "SSIM": 0.8982137441635132,
  "PSNR": 28.480100631713867,
  "LPIPS": 0.21679502725601196
 }
}