{
 "ours_30000": {
  "SSIM": {
   "00014.png": 0.8397501111030579,
   "00020.png": 0.8893511295318604,
   "00018.png": 0.8256547451019287,
   "00019.png": 0.8749334216117859,
   "00001.png": 0.8694617748260498,
   "00029.png": 0.8305621147155762,
   "00028.png": 0.8908168077468872,
   "00004.png": 0.9106146693229675,
   "00002.png": 0.88016676902771,
   "00008.png": 0.8671689033508301,
   "00007.png": 0.8845993876457214,
   "00023.png": 0.911795437335968,
   "00012.png": 0.8636342883110046,
   "00021.png": 0.8809465765953064,
   "00005.png": 0.8972547054290771,
   "00013.png": 0.8631901741027832,
   "00022.png": 0.8851711750030518,
   "00011.png": 0.9003652930259705,
   "00009.png": 0.845303475856781,
   "00027.png": 0.8848739862442017,
   "00016.png": 0.8729878067970276,
   "00003.png": 0.8402625918388367,
   "00000.png": 0.8400726318359375,
   "00017.png": 0.8850009441375732,
   "00006.png": 0.874875009059906,
   "00010.png": 0.8597685694694519,
   "00025.png": 0.9155023097991943,
   "00015.png": 0.8848848938941956,
   "00024.png": 0.8962137699127197,
   "00026.png": 0.90717613697052
  },
  "PSNR": {
   "00014.png": 23.757301330566406,
   "00020.png": 29.062164306640625,
   "00018.png": 25.860166549682617,
   "00019.png": 26.0869197845459,
   "00001.png": 27.955928802490234,
   "00029.png": 24.124452590942383,
   "00028.png": 27.20468521118164,
   "00004.png": 29.109554290771484,
   "00002.png": 27.747098922729492,
   "00008.png": 28.47723960876465,
   "00007.png": 27.99494171142578,
   "00023.png": 29.6756534576416,
   "00012.png": 24.980236053466797,
   "00021.png": 28.10960578918457,
   "00005.png": 29.136268615722656,
   "00013.png": 26.162185668945312,
   "00022.png": 27.55558204650879,
   "00011.png": 29.09313201904297,
   "00009.png": 25.188404083251953,
   "00027.png": 27.04471778869629,
   "00016.png": 24.65212631225586,
   "00003.png": 25.61408233642578,
   "00000.png": 25.466323852539062,
   "00017.png": 24.60077476501465,
   "00006.png": 27.940385818481445,
   "00010.png": 26.440439224243164,
   "00025.png": 30.698646545410156,
   "00015.png": 27.789642333984375,
   "00024.png": 29.844982147216797,
   "00026.png": 29.592981338500977
  },
  "LPIPS": {
   "00014.png": 0.3008474111557007,
   "00020.png": 0.24709276854991913,
   "00018.png": 0.25226569175720215,
   "00019.png": 0.24682745337486267,
   "00001.png": 0.24252264201641083,
   "00029.png": 0.31708312034606934,
   "00028.png": 0.2346617579460144,
   "00004.png": 0.24054110050201416,
   "00002.png": 0.23120446503162384,
   "00008.png": 0.3530113399028778,
   "00007.png": 0.21623197197914124,
   "00023.png": 0.22154369950294495,
   "00012.png": 0.23271584510803223,
   "00021.png": 0.28173819184303284,
   "00005.png": 0.2821732759475708,
   "00013.png": 0.23702965676784515,
   "00022.png": 0.24115699529647827,
   "00011.png": 0.30729955434799194,
   "00009.png": 0.25629743933677673,
   "00027.png": 0.22721633315086365,
   "00016.png": 0.21655157208442688,
   "00003.png": 0.28875380754470825,
   "00000.png": 0.3072248101234436,
   "00017.png": 0.2668249309062958,
   "00006.png": 0.2515397071838379,
   "00010.png": 0.2421475350856781,
   "00025.png": 0.2004278004169464,
   "00015.png": 0.25525155663490295,
   "00024.png": 0.25967246294021606,
   "00026.png": 0.21963422000408173
  }
 },
 "ours_7000": {
  "SSIM": {
   "00014.png": 0.7165490984916687,
   "00020.png": 0.7764050364494324,
   "00018.png": 0.6902802586555481,
   "00019.png": 0.7268649339675903,
   "00001.png": 0.7298358082771301,
   "00029.png": 0.7362733483314514,
   "00028.png": 0.7831920385360718,
   "00004.png": 0.743843674659729,
   "00002.png": 0.7215700745582581,
   "00008.png": 0.745113730430603,
   "00007.png": 0.7346569299697876,
   "00023.png": 0.7952625751495361,
   "00012.png": 0.7144089937210083,
   "00021.png": 0.7721843719482422,
   "00005.png": 0.7864755392074585,
   "00013.png": 0.6997196674346924,
   "00022.png": 0.7520557045936584,
   "00011.png": 0.8110288977622986,
   "00009.png": 0.6852383017539978,
   "00027.png": 0.7563807964324951,
   "00016.png": 0.7137758731842041,
   "00003.png": 0.7740319967269897,
   "00000.png": 0.7220366597175598,
   "00017.png": 0.7860903143882751,
   "00006.png": 0.7735844254493713,
   "00010.png": 0.672038197517395,
   "00025.png": 0.8048601746559143,
   "00015.png": 0.7699538469314575,
   "00024.png": 0.7757108807563782,
   "00026.png": 0.7954512238502502
  },
  "PSNR": {
   "00014.png": 18.841964721679688,
   "00020.png": 23.280746459960938,
   "00018.png": 20.78293228149414,
   "00019.png": 18.353919982910156,
   "00001.png": 22.163297653198242,
   "00029.png": 20.346214294433594,
   "00028.png": 22.74793815612793,
   "00004.png": 21.083003997802734,
   "00002.png": 20.794113159179688,
   "00008.png": 21.514297485351562,
   "00007.png": 21.631908416748047,
   "00023.png": 23.39089584350586,
   "00012.png": 19.87891387939453,
   "00021.png": 23.281211853027344,
   "00005.png": 23.487060546875,
   "00013.png": 19.119644165039062,
   "00022.png": 19.875017166137695,
   "00011.png": 23.648448944091797,
   "00009.png": 18.896482467651367,
   "00027.png": 22.369945526123047,
   "00016.png": 17.30392074584961,
   "00003.png": 23.041858673095703,
   "00000.png": 21.49875831604004,
   "00017.png": 19.0751953125,
   "00006.png": 23.109699249267578,
   "00010.png": 19.268970489501953,
   "00025.png": 22.690296173095703,
   "00015.png": 20.713451385498047,
   "00024.png": 23.16301155090332,
   "00026.png": 24.51593589782715
  },
  "LPIPS": {
   "00014.png": 0.45401105284690857,
   "00020.png": 0.40906447172164917,
   "00018.png": 0.4109534025192261,
   "00019.png": 0.43532583117485046,
   "00001.png": 0.42456841468811035,
   "00029.png": 0.4417654871940613,
   "00028.png": 0.3987674415111542,
   "00004.png": 0.45017826557159424,
   "00002.png": 0.4317628741264343,
   "00008.png": 0.47915777564048767,
   "00007.png": 0.4128192067146301,
   "00023.png": 0.4064837694168091,
   "00012.png": 0.4036327600479126,
   "00021.png": 0.42454296350479126,
   "00005.png": 0.39632415771484375,
   "00013.png": 0.43580836057662964,
   "00022.png": 0.4233739972114563,
   "00011.png": 0.40286704897880554,
   "00009.png": 0.47281989455223083,
   "00027.png": 0.401938796043396,
   "00016.png": 0.43598777055740356,
   "00003.png": 0.3916007876396179,
   "00000.png": 0.44629335403442383,
   "00017.png": 0.41217052936553955,
   "00006.png": 0.38755619525909424,
   "00010.png": 0.433702290058136,
   "00025.png": 0.3812335133552551,
   "00015.png": 0.4173082113265991,
   "00024.png": 0.4368433952331543,
   "00026.png": 0.4007045328617096
  }
 }
}