{
 "ours_30000": {
  "SSIM": 0.875745415687561,
  "PSNR": 27.232219696044922,
  "LPIPS": 0.2559162974357605
 },
 "ours_7000": {
  "SSIM": 0.7488291263580322,
  "PSNR": 21.328968048095703,
  "LPIPS": 0.4219855070114136
 }
}