{
 "ours_30000": {
  "SSIM": {
   "00014.png": 0.9332354068756104,
   "00030.png": 0.9299910664558411,
   "00020.png": 0.9322119951248169,
   "00018.png": 0.8984983563423157,
   "00019.png": 0.925736665725708,
   "00001.png": 0.9109838604927063,
   "00029.png": 0.9183515906333923,
   "00028.png": 0.9399169683456421,
   "00004.png": 0.9282515645027161,
   "00002.png": 0.9345126152038574,
   "00008.png": 0.9067276120185852,
   "00007.png": 0.9352630972862244,
   "00023.png": 0.9321463108062744,
   "00012.png": 0.9313952326774597,
   "00021.png": 0.9236397743225098,
   "00005.png": 0.9194068312644958,
   "00013.png": 0.9477158188819885,
   "00022.png": 0.9408749938011169,
   "00011.png": 0.9034118056297302,
   "00032.png": 0.951894223690033,
   "00009.png": 0.9249640703201294,
   "00033.png": 0.9111934304237366,
   "00027.png": 0.7679322361946106,
   "00016.png": 0.9277479648590088,
   "00003.png": 0.9359723925590515,
   "00000.png": 0.8874868750572205,
   "00031.png": 0.9338746070861816,
   "00017.png": 0.921166181564331,
   "00006.png": 0.7989457845687866,
   "00010.png": 0.9461202621459961,
   "00034.png": 0.756850004196167,
   "00025.png": 0.9381788969039917,
   "00015.png": 0.9330904483795166,
   "00024.png": 0.9356811046600342,
   "00026.png": 0.9451211094856262
  },
  "PSNR": {
   "00014.png": 29.32634162902832,
   "00030.png": 32.18085861206055,
   "00020.png": 32.28801345825195,
   "00018.png": 29.91286277770996,
   "00019.png": 29.542396545410156,
   "00001.png": 25.12120819091797,
   "00029.png": 31.12359046936035,
   "00028.png": 31.66315460205078,
   "00004.png": 26.979825973510742,
   "00002.png": 27.71862030029297,
   "00008.png": 28.906660079956055,
   "00007.png": 27.62721824645996,
   "00023.png": 32.58537673950195,
   "00012.png": 29.38431167602539,
   "00021.png": 31.521512985229492,
   "00005.png": 27.493682861328125,
   "00013.png": 32.624420166015625,
   "00022.png": 33.48632049560547,
   "00011.png": 29.985387802124023,
   "00032.png": 34.28828430175781,
   "00009.png": 31.124160766601562,
   "00033.png": 27.52437400817871,
   "00027.png": 27.192913055419922,
   "00016.png": 30.56007194519043,
   "00003.png": 28.452804565429688,
   "00000.png": 25.135746002197266,
   "00031.png": 31.397918701171875,
   "00017.png": 30.656003952026367,
   "00006.png": 27.643531799316406,
   "00010.png": 31.67905616760254,
   "00034.png": 27.458818435668945,
   "00025.png": 31.540992736816406,
   "00015.png": 30.43573760986328,
   "00024.png": 30.1839656829834,
   "00026.png": 33.27345275878906
  },
  "LPIPS": {
   "00014.png": 0.12791669368743896,
   "00030.png": 0.14079010486602783,
   "00020.png": 0.11831013113260269,
   "00018.png": 0.16590380668640137,
   "00019.png": 0.14359162747859955,
   "00001.png": 0.14531254768371582,
   "00029.png": 0.14165247976779938,
   "00028.png": 0.09269243478775024,
   "00004.png": 0.12900450825691223,
   "00002.png": 0.12060250341892242,
   "00008.png": 0.16498443484306335,
   "00007.png": 0.1093679741024971,
   "00023.png": 0.14482685923576355,
   "00012.png": 0.13616591691970825,
   "00021.png": 0.14598354697227478,
   "00005.png": 0.1463947296142578,
   "00013.png": 0.14229248464107513,
   "00022.png": 0.11987461149692535,
   "00011.png": 0.16324451565742493,
   "00032.png": 0.1403435468673706,
   "00009.png": 0.14875417947769165,
   "00033.png": 0.17424464225769043,
   "00027.png": 0.2781705856323242,
   "00016.png": 0.13920554518699646,
   "00003.png": 0.11352008581161499,
   "00000.png": 0.1788857877254486,
   "00031.png": 0.15912926197052002,
   "00017.png": 0.1568823754787445,
   "00006.png": 0.24456237256526947,
   "00010.png": 0.1373421549797058,
   "00034.png": 0.2974960207939148,
   "00025.png": 0.10439125448465347,
   "00015.png": 0.15584447979927063,
   "00024.png": 0.11114426702260971,
   "00026.png": 0.11522065848112106
  }
 },
 "ours_7000": {
  "SSIM": {
   "00014.png": 0.895164430141449,
   "00030.png": 0.8881915211677551,
   "00020.png": 0.8922452330589294,
   "00018.png": 0.8462281823158264,
   "00019.png": 0.8872607946395874,
   "00001.png": 0.8602384924888611,
   "00029.png": 0.8983917236328125,
   "00028.png": 0.9006280899047852,
   "00004.png": 0.8887495398521423,
   "00002.png": 0.8967145085334778,
   "00008.png": 0.8621547222137451,
   "00007.png": 0.8918766379356384,
   "00023.png": 0.8951937556266785,
   "00012.png": 0.8713914155960083,
   "00021.png": 0.8734139800071716,
   "00005.png": 0.8789845705032349,
   "00013.png": 0.9151188731193542,
   "00022.png": 0.9016639590263367,
   "00011.png": 0.8807802796363831,
   "00032.png": 0.916744589805603,
   "00009.png": 0.8790075182914734,
   "00033.png": 0.893743097782135,
   "00027.png": 0.7647417187690735,
   "00016.png": 0.8902772665023804,
   "00003.png": 0.8886685371398926,
   "00000.png": 0.8234925866127014,
   "00031.png": 0.891878068447113,
   "00017.png": 0.888187825679779,
   "00006.png": 0.7840838432312012,
   "00010.png": 0.9105378985404968,
   "00034.png": 0.7383076548576355,
   "00025.png": 0.889878511428833,
   "00015.png": 0.8827562928199768,
   "00024.png": 0.8825207352638245,
   "00026.png": 0.9083750247955322
  },
  "PSNR": {
   "00014.png": 26.52096939086914,
   "00030.png": 28.488555908203125,
   "00020.png": 29.95838165283203,
   "00018.png": 27.101791381835938,
   "00019.png": 27.720277786254883,
   "00001.png": 22.85874366760254,
   "00029.png": 28.412750244140625,
   "00028.png": 28.933441162109375,
   "00004.png": 24.692106246948242,
   "00002.png": 25.7233829498291,
   "00008.png": 24.092876434326172,
   "00007.png": 24.907817840576172,
   "00023.png": 30.0928955078125,
   "00012.png": 25.93429183959961,
   "00021.png": 27.86384391784668,
   "00005.png": 24.098777770996094,
   "00013.png": 29.21268653869629,
   "00022.png": 30.817554473876953,
   "00011.png": 26.508602142333984,
   "00032.png": 30.781574249267578,
   "00009.png": 28.523008346557617,
   "00033.png": 26.816492080688477,
   "00027.png": 26.541460037231445,
   "00016.png": 28.48106575012207,
   "00003.png": 25.425622940063477,
   "00000.png": 21.337135314941406,
   "00031.png": 27.74102783203125,
   "00017.png": 28.545930862426758,
   "00006.png": 26.581449508666992,
   "00010.png": 28.28021240234375,
   "00034.png": 26.387428283691406,
   "00025.png": 28.025787353515625,
   "00015.png": 25.681636810302734,
   "00024.png": 27.318918228149414,
   "00026.png": 30.16953468322754
  },
  "LPIPS": {
   "00014.png": 0.17674872279167175,
   "00030.png": 0.19599182903766632,
   "00020.png": 0.17524683475494385,
   "00018.png": 0.24719524383544922,
   "00019.png": 0.21147263050079346,
   "00001.png": 0.2222645878791809,
   "00029.png": 0.18222752213478088,
   "00028.png": 0.15436959266662598,
   "00004.png": 0.19727995991706848,
   "00002.png": 0.17623458802700043,
   "00008.png": 0.2203790843486786,
   "00007.png": 0.17128562927246094,
   "00023.png": 0.186703622341156,
   "00012.png": 0.2109767496585846,
   "00021.png": 0.21871417760849,
   "00005.png": 0.21468019485473633,
   "00013.png": 0.19706395268440247,
   "00022.png": 0.1807103455066681,
   "00011.png": 0.21613392233848572,
   "00032.png": 0.20287983119487762,
   "00009.png": 0.21455731987953186,
   "00033.png": 0.21477830410003662,
   "00027.png": 0.3035343885421753,
   "00016.png": 0.21619683504104614,
   "00003.png": 0.19247013330459595,
   "00000.png": 0.26797986030578613,
   "00031.png": 0.22564256191253662,
   "00017.png": 0.22732485830783844,
   "00006.png": 0.27843791246414185,
   "00010.png": 0.19670337438583374,
   "00034.png": 0.3266372084617615,
   "00025.png": 0.17604604363441467,
   "00015.png": 0.24108827114105225,
   "00024.png": 0.18532583117485046,
   "00026.png": 0.1738930642604828
  }
 }
}