{
 "ours_30000": {
  "SSIM": 0.9145283102989197,
  "PSNR": 29.94341468811035,
  "LPIPS": 0.1501156985759735
 },
 "ours_7000": {
  "SSIM": 0.8759311437606812,
  "PSNR": 27.159372329711914,
  "LPIPS": 0.21140499413013458
 }
}