{
 "ours_30000": {
  "SSIM": {
   "00014.png": 0.88188236951828,
   "00020.png": 0.9167662262916565,
   "00018.png": 0.9049983024597168,
   "00019.png": 0.9103195071220398,
   "00001.png": 0.905837893486023,
   "00029.png": 0.8546679019927979,
   "00028.png": 0.9133310914039612,
   "00004.png": 0.9335225224494934,
   "00002.png": 0.9083829522132874,
   "00008.png": 0.894762396812439,
   "00007.png": 0.9168003797531128,
   "00023.png": 0.930364727973938,
   "00012.png": 0.8940664529800415,
   "00021.png": 0.9042766690254211,
   "00005.png": 0.9029878377914429,
   "00013.png": 0.9124093651771545,
   "00022.png": 0.9139447808265686,
   "00011.png": 0.914188027381897,
   "00009.png": 0.8900279402732849,
   "00027.png": 0.912363588809967,
   "00016.png": 0.9236940741539001,
   "00003.png": 0.8476498126983643,
   "00000.png": 0.8752481937408447,
   "00017.png": 0.9024448990821838,
   "00006.png": 0.8971584439277649,
   "00010.png": 0.901603639125824,
   "00025.png": 0.9364646673202515,
   "00015.png": 0.9064516425132751,
   "00024.png": 0.9194408059120178,
   "00026.png": 0.9308035373687744
  },
  "PSNR": {
   "00014.png": 25.657470703125,
   "00020.png": 30.685836791992188,
   "00018.png": 28.761890411376953,
   "00019.png": 27.643815994262695,
   "00001.png": 29.90770149230957,
   "00029.png": 25.348434448242188,
   "00028.png": 28.8994197845459,
   "00004.png": 31.32947540283203,
   "00002.png": 28.749296188354492,
   "00008.png": 29.916982650756836,
   "00007.png": 30.13627052307129,
   "00023.png": 30.690189361572266,
   "00012.png": 26.403207778930664,
   "00021.png": 29.302265167236328,
   "00005.png": 29.413183212280273,
   "00013.png": 29.14997100830078,
   "00022.png": 29.133991241455078,
   "00011.png": 30.661096572875977,
   "00009.png": 27.51333999633789,
   "00027.png": 28.211271286010742,
   "00016.png": 28.736982345581055,
   "00003.png": 26.25725746154785,
   "00000.png": 27.106491088867188,
   "00017.png": 27.547718048095703,
   "00006.png": 29.41489028930664,
   "00010.png": 28.55132293701172,
   "00025.png": 32.6121940612793,
   "00015.png": 29.024009704589844,
   "00024.png": 31.1019344329834,
   "00026.png": 31.231515884399414
  },
  "LPIPS": {
   "00014.png": 0.24196933209896088,
   "00020.png": 0.18983875215053558,
   "00018.png": 0.19123303890228271,
   "00019.png": 0.1883438527584076,
   "00001.png": 0.17998017370700836,
   "00029.png": 0.2689250707626343,
   "00028.png": 0.19398266077041626,
   "00004.png": 0.18960191309452057,
   "00002.png": 0.17679646611213684,
   "00008.png": 0.3011929988861084,
   "00007.png": 0.15607890486717224,
   "00023.png": 0.17933346331119537,
   "00012.png": 0.1754259169101715,
   "00021.png": 0.2321481704711914,
   "00005.png": 0.2539323568344116,
   "00013.png": 0.16911660134792328,
   "00022.png": 0.1897321343421936,
   "00011.png": 0.28023627400398254,
   "00009.png": 0.18272477388381958,
   "00027.png": 0.17318791151046753,
   "00016.png": 0.15800213813781738,
   "00003.png": 0.2629353106021881,
   "00000.png": 0.24624420702457428,
   "00017.png": 0.22901901602745056,
   "00006.png": 0.20485013723373413,
   "00010.png": 0.17875553667545319,
   "00025.png": 0.16002419590950012,
   "00015.png": 0.21490271389484406,
   "00024.png": 0.2121652364730835,
   "00026.png": 0.17359378933906555
  }
 },
 "ours_7000": {
  "SSIM": {
   "00014.png": 0.8326249122619629,
   "00020.png": 0.889622151851654,
   "00018.png": 0.8727136850357056,
   "00019.png": 0.876744270324707,
   "00001.png": 0.874710202217102,
   "00029.png": 0.8217397928237915,
   "00028.png": 0.8896657824516296,
   "00004.png": 0.9119313359260559,
   "00002.png": 0.8733566403388977,
   "00008.png": 0.8504121899604797,
   "00007.png": 0.8842071890830994,
   "00023.png": 0.9091289639472961,
   "00012.png": 0.8584319353103638,
   "00021.png": 0.8742434978485107,
   "00005.png": 0.8924828767776489,
   "00013.png": 0.8658625483512878,
   "00022.png": 0.8876534700393677,
   "00011.png": 0.8936115503311157,
   "00009.png": 0.8519173860549927,
   "00027.png": 0.8799024224281311,
   "00016.png": 0.892845094203949,
   "00003.png": 0.8351030945777893,
   "00000.png": 0.8272700309753418,
   "00017.png": 0.8864635229110718,
   "00006.png": 0.8747984170913696,
   "00010.png": 0.8446711301803589,
   "00025.png": 0.9193218946456909,
   "00015.png": 0.8809224963188171,
   "00024.png": 0.8961427807807922,
   "00026.png": 0.9123167991638184
  },
  "PSNR": {
   "00014.png": 23.322025299072266,
   "00020.png": 28.74854850769043,
   "00018.png": 27.08383560180664,
   "00019.png": 25.512895584106445,
   "00001.png": 27.641311645507812,
   "00029.png": 23.655797958374023,
   "00028.png": 27.295217514038086,
   "00004.png": 29.454376220703125,
   "00002.png": 26.725656509399414,
   "00008.png": 27.988985061645508,
   "00007.png": 27.551288604736328,
   "00023.png": 28.982820510864258,
   "00012.png": 24.67116928100586,
   "00021.png": 27.646711349487305,
   "00005.png": 28.46302032470703,
   "00013.png": 26.50537109375,
   "00022.png": 27.423831939697266,
   "00011.png": 28.48945426940918,
   "00009.png": 25.263591766357422,
   "00027.png": 26.54486656188965,
   "00016.png": 26.97977066040039,
   "00003.png": 25.327329635620117,
   "00000.png": 24.726831436157227,
   "00017.png": 24.498065948486328,
   "00006.png": 27.778215408325195,
   "00010.png": 25.709625244140625,
   "00025.png": 30.799293518066406,
   "00015.png": 27.373863220214844,
   "00024.png": 29.443777084350586,
   "00026.png": 29.81293487548828
  },
  "LPIPS": {
   "00014.png": 0.30388349294662476,
   "00020.png": 0.23910847306251526,
   "00018.png": 0.2404445856809616,
   "00019.png": 0.234877347946167,
   "00001.png": 0.23131762444972992,
   "00029.png": 0.3216347098350525,
   "00028.png": 0.22971698641777039,
   "00004.png": 0.23186355829238892,
   "00002.png": 0.22826364636421204,
   "00008.png": 0.361458420753479,
   "00007.png": 0.20683884620666504,
   "00023.png": 0.21909496188163757,
   "00012.png": 0.22303174436092377,
   "00021.png": 0.2856157422065735,
   "00005.png": 0.27941644191741943,
   "00013.png": 0.2251461297273636,
   "00022.png": 0.23027628660202026,
   "00011.png": 0.30738019943237305,
   "00009.png": 0.2375093251466751,
   "00027.png": 0.2223741114139557,
   "00016.png": 0.2021116465330124,
   "00003.png": 0.29077357053756714,
   "00000.png": 0.30641067028045654,
   "00017.png": 0.26803624629974365,
   "00006.png": 0.24154233932495117,
   "00010.png": 0.23895904421806335,
   "00025.png": 0.19133806228637695,
   "00015.png": 0.25021257996559143,
   "00024.png": 0.257971853017807,
   "00026.png": 0.20830971002578735
  }
 }
}