{
 "ours_30000": {
  "SSIM": 0.9052286148071289,
  "PSNR": 28.969980239868164,
  "LPIPS": 0.20514242351055145
 },
 "ours_7000": {
  "SSIM": 0.8753605484962463,
  "PSNR": 27.04734992980957,
  "LPIPS": 0.2504972815513611
 }
}