{
 "ours_30000": {
  "SSIM": {
   "00014.png": 0.9311450719833374,
   "00030.png": 0.8860618472099304,
   "00020.png": 0.910354733467102,
   "00018.png": 0.9151408076286316,
   "00019.png": 0.9248511791229248,
   "00001.png": 0.8714942336082458,
   "00029.png": 0.8817206621170044,
   "00028.png": 0.881578803062439,
   "00004.png": 0.9419542551040649,
   "00002.png": 0.8604665398597717,
   "00008.png": 0.9159027338027954,
   "00007.png": 0.9475691318511963,
   "00023.png": 0.8720725178718567,
   "00012.png": 0.9338402152061462,
   "00021.png": 0.8748653531074524,
   "00005.png": 0.9062052965164185,
   "00013.png": 0.89609295129776,
   "00022.png": 0.9059463143348694,
   "00011.png": 0.9311878681182861,
   "00032.png": 0.9228646755218506,
   "00009.png": 0.9371659755706787,
   "00033.png": 0.9150213003158569,
   "00027.png": 0.9013921618461609,
   "00016.png": 0.8975622653961182,
   "00003.png": 0.9055049419403076,
   "00000.png": 0.8605285882949829,
   "00035.png": 0.9464992880821228,
   "00031.png": 0.821640133857727,
   "00017.png": 0.9427589774131775,
   "00006.png": 0.8915480375289917,
   "00010.png": 0.910838782787323,
   "00034.png": 0.9322553277015686,
   "00025.png": 0.9190563559532166,
   "00015.png": 0.8513031601905823,
   "00024.png": 0.9116346836090088,
   "00036.png": 0.8673222064971924,
   "00026.png": 0.9323068857192993,
   "00038.png": 0.8856744766235352,
   "00037.png": 0.9321554899215698
  },
  "PSNR": {
   "00014.png": 29.7084903717041,
   "00030.png": 30.782787322998047,
   "00020.png": 30.317060470581055,
   "00018.png": 32.510276794433594,
   "00019.png": 29.165748596191406,
   "00001.png": 32.41358947753906,
   "00029.png": 26.97760772705078,
   "00028.png": 27.939775466918945,
   "00004.png": 33.070556640625,
   "00002.png": 32.06711959838867,
   "00008.png": 30.073373794555664,
   "00007.png": 33.055423736572266,
   "00023.png": 27.04226303100586,
   "00012.png": 34.19093322753906,
   "00021.png": 30.143421173095703,
   "00005.png": 28.237506866455078,
   "00013.png": 30.756263732910156,
   "00022.png": 32.106590270996094,
   "00011.png": 35.320152282714844,
   "00032.png": 28.326507568359375,
   "00009.png": 33.724815368652344,
   "00033.png": 29.157730102539062,
   "00027.png": 31.406417846679688,
   "00016.png": 30.883943557739258,
   "00003.png": 34.00938034057617,
   "00000.png": 29.13599395751953,
   "00035.png": 27.103130340576172,
   "00031.png": 31.586177825927734,
   "00017.png": 34.39609909057617,
   "00006.png": 32.12708282470703,
   "00010.png": 32.94771194458008,
   "00034.png": 21.87481689453125,
   "00025.png": 31.86301040649414,
   "00015.png": 31.294841766357422,
   "00024.png": 29.665115356445312,
   "00036.png": 23.607067108154297,
   "00026.png": 31.34841537475586,
   "00038.png": 31.08051109313965,
   "00037.png": 33.523555755615234
  },
  "LPIPS": {
   "00014.png": 0.18819954991340637,
   "00030.png": 0.330303817987442,
   "00020.png": 0.22030434012413025,
   "00018.png": 0.2739211916923523,
   "00019.png": 0.20256400108337402,
   "00001.png": 0.2504146099090576,
   "00029.png": 0.29189160466194153,
   "00028.png": 0.28229960799217224,
   "00004.png": 0.20850017666816711,
   "00002.png": 0.2747447192668915,
   "00008.png": 0.2175920605659485,
   "00007.png": 0.18534524738788605,
   "00023.png": 0.24488431215286255,
   "00012.png": 0.202898308634758,
   "00021.png": 0.3185202479362488,
   "00005.png": 0.22265484929084778,
   "00013.png": 0.23173430562019348,
   "00022.png": 0.21026287972927094,
   "00011.png": 0.2086249589920044,
   "00032.png": 0.2037733495235443,
   "00009.png": 0.19534319639205933,
   "00033.png": 0.2505406141281128,
   "00027.png": 0.2910909950733185,
   "00016.png": 0.2524973750114441,
   "00003.png": 0.23828071355819702,
   "00000.png": 0.24969060719013214,
   "00035.png": 0.2763771414756775,
   "00031.png": 0.35754603147506714,
   "00017.png": 0.17691315710544586,
   "00006.png": 0.2597406506538391,
   "00010.png": 0.23539206385612488,
   "00034.png": 0.2993510365486145,
   "00025.png": 0.2510145902633667,
   "00015.png": 0.3003304600715637,
   "00024.png": 0.27856990694999695,
   "00036.png": 0.3961494266986847,
   "00026.png": 0.21076971292495728,
   "00038.png": 0.3370029330253601,
   "00037.png": 0.28051143884658813
  }
 },
 "ours_7000": {
  "SSIM": {
   "00014.png": 0.8842592835426331,
   "00030.png": 0.876736044883728,
   "00020.png": 0.8608973622322083,
   "00018.png": 0.8887544274330139,
   "00019.png": 0.8765966296195984,
   "00001.png": 0.8261606693267822,
   "00029.png": 0.7842627167701721,
   "00028.png": 0.8076543807983398,
   "00004.png": 0.9064230918884277,
   "00002.png": 0.8028228878974915,
   "00008.png": 0.8718811273574829,
   "00007.png": 0.8984379172325134,
   "00023.png": 0.7999378442764282,
   "00012.png": 0.9107832908630371,
   "00021.png": 0.8763259053230286,
   "00005.png": 0.8570275902748108,
   "00013.png": 0.8320122957229614,
   "00022.png": 0.852618396282196,
   "00011.png": 0.8892633318901062,
   "00032.png": 0.8721694946289062,
   "00009.png": 0.9044806957244873,
   "00033.png": 0.8761014342308044,
   "00027.png": 0.876759946346283,
   "00016.png": 0.8455453515052795,
   "00003.png": 0.8654226660728455,
   "00000.png": 0.8061208724975586,
   "00035.png": 0.9174435138702393,
   "00031.png": 0.7947635650634766,
   "00017.png": 0.9131322503089905,
   "00006.png": 0.8369103074073792,
   "00010.png": 0.8692145347595215,
   "00034.png": 0.8943002223968506,
   "00025.png": 0.9008227586746216,
   "00015.png": 0.8083323836326599,
   "00024.png": 0.8734539747238159,
   "00036.png": 0.8472511172294617,
   "00026.png": 0.8801311254501343,
   "00038.png": 0.8631904125213623,
   "00037.png": 0.909013032913208
  },
  "PSNR": {
   "00014.png": 25.22091293334961,
   "00030.png": 29.52216148376465,
   "00020.png": 27.795591354370117,
   "00018.png": 29.18836784362793,
   "00019.png": 24.775991439819336,
   "00001.png": 30.067575454711914,
   "00029.png": 21.724655151367188,
   "00028.png": 23.55899429321289,
   "00004.png": 28.337596893310547,
   "00002.png": 28.9071044921875,
   "00008.png": 26.112964630126953,
   "00007.png": 26.568950653076172,
   "00023.png": 23.332889556884766,
   "00012.png": 30.380352020263672,
   "00021.png": 27.833175659179688,
   "00005.png": 24.131332397460938,
   "00013.png": 25.89037322998047,
   "00022.png": 28.044525146484375,
   "00011.png": 29.063844680786133,
   "00032.png": 24.471521377563477,
   "00009.png": 29.76470184326172,
   "00033.png": 25.15760612487793,
   "00027.png": 29.525047302246094,
   "00016.png": 26.43691635131836,
   "00003.png": 30.894716262817383,
   "00000.png": 26.157806396484375,
   "00035.png": 24.954360961914062,
   "00031.png": 29.722822189331055,
   "00017.png": 29.448945999145508,
   "00006.png": 29.347026824951172,
   "00010.png": 30.074478149414062,
   "00034.png": 19.407108306884766,
   "00025.png": 30.369037628173828,
   "00015.png": 28.879173278808594,
   "00024.png": 26.791057586669922,
   "00036.png": 22.233659744262695,
   "00026.png": 25.222196578979492,
   "00038.png": 28.443965911865234,
   "00037.png": 28.36427879333496
  },
  "LPIPS": {
   "00014.png": 0.2585466206073761,
   "00030.png": 0.36928942799568176,
   "00020.png": 0.3013288378715515,
   "00018.png": 0.3157675564289093,
   "00019.png": 0.27788057923316956,
   "00001.png": 0.32501402497291565,
   "00029.png": 0.4115033745765686,
   "00028.png": 0.38886168599128723,
   "00004.png": 0.2812008857727051,
   "00002.png": 0.3567466735839844,
   "00008.png": 0.2790589928627014,
   "00007.png": 0.27241605520248413,
   "00023.png": 0.3470495343208313,
   "00012.png": 0.2600843906402588,
   "00021.png": 0.34058040380477905,
   "00005.png": 0.30157190561294556,
   "00013.png": 0.3216254711151123,
   "00022.png": 0.2989060878753662,
   "00011.png": 0.27250778675079346,
   "00032.png": 0.2744129002094269,
   "00009.png": 0.2656090259552002,
   "00033.png": 0.31709790229797363,
   "00027.png": 0.34607982635498047,