{
 "ours_30000": {
  "SSIM": 0.904448390007019,
  "PSNR": 30.6395206451416,
  "LPIPS": 0.2540139853954315
 },
 "ours_7000": {
  "SSIM": 0.863010585308075,
  "PSNR": 27.080097198486328,
  "LPIPS": 0.3228893280029297
 }
}