{
 "ours_30000": {
  "SSIM": {
   "00014.png": 0.9518506526947021,
   "00030.png": 0.9604517221450806,
   "00020.png": 0.9475176334381104,
   "00018.png": 0.9401436448097229,
   "00019.png": 0.9403386116027832,
   "00001.png": 0.927490234375,
   "00029.png": 0.9520675539970398,
   "00028.png": 0.9549567103385925,
   "00004.png": 0.9541217088699341,
   "00002.png": 0.9546520113945007,
   "00008.png": 0.9545667171478271,
   "00007.png": 0.9517300724983215,
   "00023.png": 0.9463528394699097,
   "00012.png": 0.9107381701469421,
   "00021.png": 0.9525390267372131,
   "00005.png": 0.9573428630828857,
   "00013.png": 0.9452613592147827,
   "00022.png": 0.9422496557235718,
   "00011.png": 0.9431806802749634,
   "00032.png": 0.9513923525810242,
   "00009.png": 0.9337056279182434,
   "00033.png": 0.9604029059410095,
   "00027.png": 0.9527470469474792,
   "00016.png": 0.93662029504776,
   "00003.png": 0.9494927525520325,
   "00000.png": 0.9117851257324219,
   "00035.png": 0.9418246150016785,
   "00031.png": 0.9374721646308899,
   "00017.png": 0.9451444745063782,
   "00006.png": 0.949753999710083,
   "00010.png": 0.9425492286682129,
   "00034.png": 0.9137283563613892,
   "00025.png": 0.9442412853240967,
   "00015.png": 0.9280383586883545,
   "00024.png": 0.9435909986495972,
   "00036.png": 0.9406366944313049,
   "00026.png": 0.9498921632766724
  },
  "PSNR": {
   "00014.png": 34.724388122558594,
   "00030.png": 36.121795654296875,
   "00020.png": 35.404945373535156,
   "00018.png": 33.23008728027344,
   "00019.png": 33.6090087890625,
   "00001.png": 27.856760025024414,
   "00029.png": 34.23258590698242,
   "00028.png": 33.94115447998047,
   "00004.png": 35.381141662597656,
   "00002.png": 35.099098205566406,
   "00008.png": 34.79960250854492,
   "00007.png": 35.27471160888672,
   "00023.png": 34.277740478515625,
   "00012.png": 28.116928100585938,
   "00021.png": 35.30091094970703,
   "00005.png": 36.31221389770508,
   "00013.png": 31.572586059570312,
   "00022.png": 34.84436798095703,
   "00011.png": 29.948619842529297,
   "00032.png": 36.028343200683594,
   "00009.png": 25.88167381286621,
   "00033.png": 36.68583679199219,
   "00027.png": 35.0008659362793,
   "00016.png": 29.581809997558594,
   "00003.png": 33.00969696044922,
   "00000.png": 26.15068244934082,
   "00035.png": 32.308937072753906,
   "00031.png": 33.58945846557617,
   "00017.png": 34.30663299560547,
   "00006.png": 33.74678039550781,
   "00010.png": 32.64015197753906,
   "00034.png": 26.59986114501953,
   "00025.png": 32.39158248901367,
   "00015.png": 28.53011703491211,
   "00024.png": 34.37767791748047,
   "00036.png": 31.07848358154297,
   "00026.png": 36.059547424316406
  },
  "LPIPS": {
   "00014.png": 0.13305097818374634,
   "00030.png": 0.22213906049728394,
   "00020.png": 0.232966810464859,
   "00018.png": 0.1917213499546051,
   "00019.png": 0.21980847418308258,
   "00001.png": 0.175520658493042,
   "00029.png": 0.23452217876911163,
   "00028.png": 0.23536717891693115,
   "00004.png": 0.15364468097686768,
   "00002.png": 0.15288805961608887,
   "00008.png": 0.15203872323036194,
   "00007.png": 0.16031630337238312,
   "00023.png": 0.21581703424453735,
   "00012.png": 0.2155953049659729,
   "00021.png": 0.2103082835674286,
   "00005.png": 0.15202778577804565,
   "00013.png": 0.13974067568778992,
   "00022.png": 0.234432652592659,
   "00011.png": 0.16633278131484985,
   "00032.png": 0.20619967579841614,
   "00009.png": 0.16310107707977295,
   "00033.png": 0.1787436306476593,
   "00027.png": 0.2431025505065918,
   "00016.png": 0.17760691046714783,
   "00003.png": 0.1785685122013092,
   "00000.png": 0.21797388792037964,
   "00035.png": 0.18710920214653015,
   "00031.png": 0.2231038510799408,
   "00017.png": 0.18320807814598083,
   "00006.png": 0.17586225271224976,
   "00010.png": 0.14324559271335602,
   "00034.png": 0.1776176244020462,
   "00025.png": 0.2778019309043884,
   "00015.png": 0.22350090742111206,
   "00024.png": 0.2722622752189636,
   "00036.png": 0.2677692770957947,
   "00026.png": 0.27187180519104004
  }
 },
 "ours_7000": {
  "SSIM": {
   "00014.png": 0.9413732290267944,
   "00030.png": 0.9548841714859009,
   "00020.png": 0.9395596385002136,
   "00018.png": 0.9315722584724426,
   "00019.png": 0.9310653805732727,
   "00001.png": 0.917855441570282,
   "00029.png": 0.946311891078949,
   "00028.png": 0.949974775314331,
   "00004.png": 0.9485037326812744,
   "00002.png": 0.9458847045898438,
   "00008.png": 0.9479976892471313,
   "00007.png": 0.9436588883399963,
   "00023.png": 0.9437869191169739,
   "00012.png": 0.9060512781143188,
   "00021.png": 0.943336009979248,
   "00005.png": 0.9499195218086243,
   "00013.png": 0.9391340613365173,
   "00022.png": 0.9306610226631165,
   "00011.png": 0.9333142042160034,
   "00032.png": 0.9438233375549316,
   "00009.png": 0.9213491678237915,
   "00033.png": 0.9545645713806152,
   "00027.png": 0.944415807723999,
   "00016.png": 0.9306069016456604,
   "00003.png": 0.9438313245773315,
   "00000.png": 0.8878946304321289,
   "00035.png": 0.9231698513031006,
   "00031.png": 0.9328215718269348,
   "00017.png": 0.9381617307662964,
   "00006.png": 0.9417979717254639,
   "00010.png": 0.9360430240631104,
   "00034.png": 0.9167424440383911,
   "00025.png": 0.9346751570701599,
   "00015.png": 0.9192225933074951,
   "00024.png": 0.929943859577179,
   "00036.png": 0.9338576197624207,
   "00026.png": 0.9381618499755859
  },
  "PSNR": {
   "00014.png": 32.97929763793945,
   "00030.png": 34.354488372802734,
   "00020.png": 33.683143615722656,
   "00018.png": 32.22038650512695,
   "00019.png": 32.194244384765625,
   "00001.png": 27.48185920715332,
   "00029.png": 33.80730438232422,
   "00028.png": 32.425418853759766,
   "00004.png": 34.428497314453125,
   "00002.png": 33.14239501953125,
   "00008.png": 33.14289474487305,
   "00007.png": 33.640785217285156,
   "00023.png": 33.674354553222656,
   "00012.png": 27.548423767089844,
   "00021.png": 32.84825897216797,
   "00005.png": 34.74950408935547,
   "00013.png": 30.77252197265625,
   "00022.png": 33.03933334350586,
   "00011.png": 28.556087493896484,
   "00032.png": 34.28961181640625,
   "00009.png": 24.46242904663086,
   "00033.png": 35.124473571777344,
   "00027.png": 31.97830581665039,
   "00016.png": 28.945112228393555,
   "00003.png": 31.8508243560791,
   "00000.png": 24.52899932861328,
   "00035.png": 29.40863609313965,
   "00031.png": 32.59697723388672,
   "00017.png": 33.16962814331055,
   "00006.png": 32.021183013916016,
   "00010.png": 31.964210510253906,
   "00034.png": 27.840229034423828,
   "00025.png": 30.141408920288086,
   "00015.png": 26.996002197265625,
   "00024.png": 31.427894592285156,
   "00036.png": 29.258743286132812,
   "00026.png": 32.389366149902344
  },
  "LPIPS": {
   "00014.png": 0.15100352466106415,
   "00030.png": 0.23464854061603546,
   "00020.png": 0.24911071360111237,
   "00018.png": 0.2069862186908722,
   "00019.png": 0.23537714779376984,
   "00001.png": 0.1920895278453827,
   "00029.png": 0.25115054845809937,
   "00028.png": 0.24580435454845428,
   "00004.png": 0.16519594192504883,
   "00002.png": 0.16585233807563782,
   "00008.png": 0.16498422622680664,
   "00007.png": 0.17476746439933777,
   "00023.png": 0.22889184951782227,
   "00012.png": 0.23160961270332336,
   "00021.png": 0.22761979699134827,
   "00005.png": 0.16863825917243958,
   "00013.png": 0.15507535636425018,
   "00022.png": 0.25469309091567993,
   "00011.png": 0.18493270874023438,
   "00032.png": 0.22206653654575348,
   "00009.png": 0.18274137377738953,
   "00033.png": 0.18845334649085999,
   "00027.png": 0.25861525535583496,
   "00016.png": 0.19140192866325378,
   "00003.png": 0.18836168944835663,
   "00000.png": 0.23119089007377625,
   "00035.png": 0.21038499474525452,
   "00031.png": 0.23326018452644348,
   "00017.png": 0.19889435172080994,
   "00006.png": 0.19351167976856232,
   "00010.png": 0.15503272414207458,
   "00034.png": 0.18901777267456055,
   "00025.png": 0.289306640625,