{
 "ours_30000": {
  "SSIM": 0.9437993168830872,
  "PSNR": 32.91937255859375,
  "LPIPS": 0.19910508394241333
 },
 "ours_7000": {
  "SSIM": 0.9355656504631042,
  "PSNR": 31.434682846069336,
  "LPIPS": 0.21415823698043823
 }
}