{
 "ours_30000": {
  "SSIM": {
   "00014.png": 0.7994426488876343,
   "00020.png": 0.8525003790855408,
   "00018.png": 0.8383185267448425,
   "00019.png": 0.8249156475067139,
   "00001.png": 0.8181868195533752,
   "00029.png": 0.7968192100524902,
   "00028.png": 0.8557792901992798,
   "00004.png": 0.8680552244186401,
   "00002.png": 0.8311517238616943,
   "00008.png": 0.8373977541923523,
   "00007.png": 0.8302748799324036,
   "00023.png": 0.8764133453369141,
   "00012.png": 0.8185040354728699,
   "00021.png": 0.846477210521698,
   "00005.png": 0.8771157264709473,
   "00013.png": 0.8096960783004761,
   "00022.png": 0.8438488245010376,
   "00011.png": 0.8759055733680725,
   "00009.png": 0.7864470481872559,
   "00027.png": 0.8410107493400574,
   "00016.png": 0.8471857309341431,
   "00003.png": 0.8226848244667053,
   "00000.png": 0.7928838133811951,
   "00017.png": 0.8607445955276489,
   "00006.png": 0.8414353132247925,
   "00010.png": 0.7967202663421631,
   "00025.png": 0.8825586438179016,
   "00015.png": 0.8431363701820374,
   "00024.png": 0.85475754737854,
   "00026.png": 0.8725053071975708
  },
  "PSNR": {
   "00014.png": 22.148645401000977,
   "00020.png": 27.16367530822754,
   "00018.png": 25.827768325805664,
   "00019.png": 23.850400924682617,
   "00001.png": 24.944074630737305,
   "00029.png": 22.941448211669922,
   "00028.png": 26.13007354736328,
   "00004.png": 27.079973220825195,
   "00002.png": 25.349506378173828,
   "00008.png": 27.021072387695312,
   "00007.png": 25.41376495361328,
   "00023.png": 27.85809326171875,
   "00012.png": 23.939485549926758,
   "00021.png": 26.293533325195312,
   "00005.png": 28.060897827148438,
   "00013.png": 24.223567962646484,
   "00022.png": 25.76117515563965,
   "00011.png": 27.36615753173828,
   "00009.png": 23.261831283569336,
   "00027.png": 25.319751739501953,
   "00016.png": 25.66607666015625,
   "00003.png": 24.901601791381836,
   "00000.png": 23.849376678466797,
   "00017.png": 22.99659538269043,
   "00006.png": 26.328250885009766,
   "00010.png": 23.761051177978516,
   "00025.png": 28.743989944458008,
   "00015.png": 25.544551849365234,
   "00024.png": 27.445165634155273,
   "00026.png": 28.0931396484375
  },
  "LPIPS": {
   "00014.png": 0.35624292492866516,
   "00020.png": 0.30571967363357544,
   "00018.png": 0.3077341914176941,
   "00019.png": 0.321623295545578,
   "00001.png": 0.32209938764572144,
   "00029.png": 0.3728078007698059,
   "00028.png": 0.2975895404815674,
   "00004.png": 0.31695422530174255,
   "00002.png": 0.30719342827796936,
   "00008.png": 0.38998258113861084,
   "00007.png": 0.29568034410476685,
   "00023.png": 0.2869884669780731,
   "00012.png": 0.2966758608818054,
   "00021.png": 0.3393439054489136,
   "00005.png": 0.3186125159263611,
   "00013.png": 0.31410861015319824,
   "00022.png": 0.31200504302978516,
   "00011.png": 0.3438292145729065,
   "00009.png": 0.337399959564209,
   "00027.png": 0.2981449365615845,
   "00016.png": 0.2873506546020508,
   "00003.png": 0.3278791308403015,
   "00000.png": 0.37465542554855347,
   "00017.png": 0.31591036915779114,
   "00006.png": 0.30701714754104614,
   "00010.png": 0.31315216422080994,
   "00025.png": 0.26103365421295166,
   "00015.png": 0.3172212839126587,
   "00024.png": 0.3272995352745056,
   "00026.png": 0.28569066524505615
  }
 },
 "ours_7000": {
  "SSIM": {
   "00014.png": 0.5041496157646179,
   "00020.png": 0.5724774599075317,
   "00018.png": 0.544292688369751,
   "00019.png": 0.462778776884079,
   "00001.png": 0.5153053998947144,
   "00029.png": 0.5606493353843689,
   "00028.png": 0.5601997971534729,
   "00004.png": 0.5023162961006165,
   "00002.png": 0.5305742025375366,
   "00008.png": 0.46172288060188293,
   "00007.png": 0.5194116234779358,
   "00023.png": 0.5409457683563232,
   "00012.png": 0.4857591688632965,
   "00021.png": 0.6074878573417664,
   "00005.png": 0.6083826422691345,
   "00013.png": 0.4242960512638092,
   "00022.png": 0.5322378277778625,
   "00011.png": 0.5923362374305725,
   "00009.png": 0.4151305854320526,
   "00027.png": 0.5407992601394653,
   "00016.png": 0.4249591529369354,
   "00003.png": 0.6109020709991455,
   "00000.png": 0.5851251482963562,
   "00017.png": 0.5536364316940308,
   "00006.png": 0.5672286152839661,
   "00010.png": 0.47635456919670105,
   "00025.png": 0.5420476794242859,
   "00015.png": 0.5079594254493713,
   "00024.png": 0.5606301426887512,
   "00026.png": 0.5370380282402039
  },
  "PSNR": {
   "00014.png": 13.333025932312012,
   "00020.png": 14.9666109085083,
   "00018.png": 16.797697067260742,
   "00019.png": 11.736674308776855,
   "00001.png": 14.3351469039917,
   "00029.png": 13.592945098876953,
   "00028.png": 14.640007972717285,
   "00004.png": 15.396415710449219,
   "00002.png": 15.180814743041992,
   "00008.png": 13.604751586914062,
   "00007.png": 13.018749237060547,
   "00023.png": 12.718786239624023,
   "00012.png": 13.58765697479248,
   "00021.png": 18.66223907470703,
   "00005.png": 15.99772834777832,
   "00013.png": 10.48193073272705,
   "00022.png": 13.483596801757812,
   "00011.png": 17.007755279541016,
   "00009.png": 9.92099666595459,
   "00027.png": 14.640653610229492,
   "00016.png": 9.24317741394043,
   "00003.png": 14.822158813476562,
   "00000.png": 15.884894371032715,
   "00017.png": 10.9281005859375,
   "00006.png": 13.529385566711426,
   "00010.png": 13.1248197555542,
   "00025.png": 13.689818382263184,
   "00015.png": 12.224676132202148,
   "00024.png": 14.068309783935547,
   "00026.png": 14.704909324645996
  },
  "LPIPS": {
   "00014.png": 0.6113749742507935,
   "00020.png": 0.6037266254425049,
   "00018.png": 0.5759481191635132,
   "00019.png": 0.6448794603347778,
   "00001.png": 0.6009635329246521,
   "00029.png": 0.5854254961013794,
   "00028.png": 0.5909857749938965,
   "00004.png": 0.5977925062179565,
   "00002.png": 0.6128835678100586,
   "00008.png": 0.6050122976303101,
   "00007.png": 0.6225857734680176,
   "00023.png": 0.6084725856781006,
   "00012.png": 0.6080543994903564,
   "00021.png": 0.5502753257751465,
   "00005.png": 0.5572389364242554,
   "00013.png": 0.6559208631515503,
   "00022.png": 0.6081392765045166,
   "00011.png": 0.5318560600280762,
   "00009.png": 0.6736938953399658,
   "00027.png": 0.6111190319061279,
   "00016.png": 0.6603271961212158,
   "00003.png": 0.5652223825454712,
   "00000.png": 0.6009916067123413,
   "00017.png": 0.5800824761390686,
   "00006.png": 0.5916653871536255,
   "00010.png": 0.6247441172599792,
   "00025.png": 0.6050196886062622,
   "00015.png": 0.6065559387207031,
   "00024.png": 0.5932760238647461,
   "00026.png": 0.6107010245323181
  }
 }
}