{
 "ours_30000": {
  "SSIM": 0.8380957841873169,
  "PSNR": 25.576154708862305,
  "LPIPS": 0.3185981810092926
 },
 "ours_7000": {
  "SSIM": 0.5282378196716309,
  "PSNR": 13.844147682189941,
  "LPIPS": 0.6031644940376282
 }
}