{
 "ours_30000": {
  "SSIM": {
   "00014.png": 0.9407323598861694,
   "00030.png": 0.8833067417144775,
   "00020.png": 0.9304747581481934,
   "00018.png": 0.9216336607933044,
   "00019.png": 0.939559817314148,
   "00001.png": 0.9034851789474487,
   "00029.png": 0.923432469367981,
   "00028.png": 0.9204875230789185,
   "00004.png": 0.9502220749855042,
   "00002.png": 0.9035706520080566,
   "00008.png": 0.9323663711547852,
   "00007.png": 0.9619818329811096,
   "00023.png": 0.9019638299942017,
   "00012.png": 0.9436511993408203,
   "00021.png": 0.8665540218353271,
   "00005.png": 0.9342650175094604,
   "00013.png": 0.9279550909996033,
   "00022.png": 0.9334735870361328,
   "00011.png": 0.9448338150978088,
   "00032.png": 0.9321092963218689,
   "00009.png": 0.9454190731048584,
   "00033.png": 0.9347278475761414,
   "00027.png": 0.9070575833320618,
   "00016.png": 0.9238193035125732,
   "00003.png": 0.9300486445426941,
   "00000.png": 0.9005864262580872,
   "00035.png": 0.9567816853523254,
   "00031.png": 0.8495171070098877,
   "00017.png": 0.9473174810409546,
   "00006.png": 0.919072151184082,
   "00010.png": 0.9355901479721069,
   "00034.png": 0.9405996203422546,
   "00025.png": 0.9240195751190186,
   "00015.png": 0.8877225518226624,
   "00024.png": 0.9212146401405334,
   "00036.png": 0.8719745874404907,
   "00026.png": 0.9361060857772827,
   "00038.png": 0.8928340077400208,
   "00037.png": 0.9381858110427856
  },
  "PSNR": {
   "00014.png": 31.89327621459961,
   "00030.png": 31.719993591308594,
   "00020.png": 32.51153564453125,
   "00018.png": 33.2883415222168,
   "00019.png": 31.194198608398438,
   "00001.png": 33.881591796875,
   "00029.png": 30.415271759033203,
   "00028.png": 31.611478805541992,
   "00004.png": 34.439552307128906,
   "00002.png": 34.63585662841797,
   "00008.png": 32.0416259765625,
   "00007.png": 35.199703216552734,
   "00023.png": 28.742916107177734,
   "00012.png": 35.824729919433594,
   "00021.png": 30.999359130859375,
   "00005.png": 31.076961517333984,
   "00013.png": 33.471187591552734,
   "00022.png": 34.68234634399414,
   "00011.png": 36.885257720947266,
   "00032.png": 30.749866485595703,
   "00009.png": 35.05575180053711,
   "00033.png": 32.24236297607422,
   "00027.png": 31.72995376586914,
   "00016.png": 33.82331085205078,
   "00003.png": 35.76653289794922,
   "00000.png": 32.03153991699219,
   "00035.png": 30.95353889465332,
   "00031.png": 32.401878356933594,
   "00017.png": 35.06390380859375,
   "00006.png": 33.69428634643555,
   "00010.png": 34.28494644165039,
   "00034.png": 25.939924240112305,
   "00025.png": 32.72051239013672,
   "00015.png": 33.43242263793945,
   "00024.png": 32.11106872558594,
   "00036.png": 23.354434967041016,
   "00026.png": 31.28095245361328,
   "00038.png": 31.69208335876465,
   "00037.png": 35.723777770996094
  },
  "LPIPS": {
   "00014.png": 0.16685007512569427,
   "00030.png": 0.2979687452316284,
   "00020.png": 0.16824199259281158,
   "00018.png": 0.24407334625720978,
   "00019.png": 0.1663450300693512,
   "00001.png": 0.18852710723876953,
   "00029.png": 0.22789156436920166,
   "00028.png": 0.2184906005859375,
   "00004.png": 0.18571195006370544,
   "00002.png": 0.19973325729370117,
   "00008.png": 0.18584281206130981,
   "00007.png": 0.15198278427124023,
   "00023.png": 0.19078099727630615,
   "00012.png": 0.16876278817653656,
   "00021.png": 0.30928564071655273,
   "00005.png": 0.17836198210716248,
   "00013.png": 0.18332642316818237,
   "00022.png": 0.1496257483959198,
   "00011.png": 0.16864320635795593,
   "00032.png": 0.18569329380989075,
   "00009.png": 0.16466456651687622,
   "00033.png": 0.20808793604373932,
   "00027.png": 0.2511780858039856,
   "00016.png": 0.20324303209781647,
   "00003.png": 0.18289341032505035,
   "00000.png": 0.1956508755683899,
   "00035.png": 0.2488025426864624,
   "00031.png": 0.29981768131256104,
   "00017.png": 0.16047731041908264,
   "00006.png": 0.1903708279132843,
   "00010.png": 0.17674246430397034,
   "00034.png": 0.28429266810417175,
   "00025.png": 0.21849200129508972,
   "00015.png": 0.2365320324897766,
   "00024.png": 0.24287638068199158,
   "00036.png": 0.36462658643722534,
   "00026.png": 0.1836015284061432,
   "00038.png": 0.2976265847682953,
   "00037.png": 0.2646678388118744
  }
 },
 "ours_7000": {
  "SSIM": {
   "00014.png": 0.938694417476654,
   "00030.png": 0.8903429508209229,
   "00020.png": 0.9199488162994385,
   "00018.png": 0.9172219634056091,
   "00019.png": 0.9324079155921936,
   "00001.png": 0.8864165544509888,
   "00029.png": 0.8987352252006531,
   "00028.png": 0.8964293599128723,
   "00004.png": 0.9447106122970581,
   "00002.png": 0.8737386465072632,
   "00008.png": 0.9262664318084717,
   "00007.png": 0.9534448385238647,
   "00023.png": 0.8837235569953918,
   "00012.png": 0.9375102519989014,
   "00021.png": 0.8666492104530334,
   "00005.png": 0.9204219579696655,
   "00013.png": 0.9126554131507874,
   "00022.png": 0.9168913960456848,
   "00011.png": 0.9369354844093323,
   "00032.png": 0.9298772215843201,
   "00009.png": 0.9426599740982056,
   "00033.png": 0.9207419157028198,
   "00027.png": 0.9084688425064087,
   "00016.png": 0.9142888188362122,
   "00003.png": 0.9161674380302429,
   "00000.png": 0.8693671822547913,
   "00035.png": 0.9534117579460144,
   "00031.png": 0.8368172645568848,
   "00017.png": 0.9400233030319214,
   "00006.png": 0.9034615159034729,
   "00010.png": 0.9211215376853943,
   "00034.png": 0.939171552658081,
   "00025.png": 0.9214948415756226,
   "00015.png": 0.8678217530250549,
   "00024.png": 0.9169373512268066,
   "00036.png": 0.8684477210044861,
   "00026.png": 0.9363914132118225,
   "00038.png": 0.8868253827095032,
   "00037.png": 0.9349559545516968
  },
  "PSNR": {
   "00014.png": 31.008724212646484,
   "00030.png": 31.472814559936523,
   "00020.png": 31.380477905273438,
   "00018.png": 32.42195129394531,
   "00019.png": 29.90903663635254,
   "00001.png": 32.853782653808594,
   "00029.png": 28.269271850585938,
   "00028.png": 29.17425537109375,
   "00004.png": 33.017539978027344,
   "00002.png": 32.25517654418945,
   "00008.png": 30.926986694335938,
   "00007.png": 33.85198211669922,
   "00023.png": 27.32059097290039,
   "00012.png": 34.92869567871094,
   "00021.png": 29.90821075439453,
   "00005.png": 29.351909637451172,
   "00013.png": 31.819255828857422,
   "00022.png": 32.695865631103516,
   "00011.png": 35.498634338378906,
   "00032.png": 29.803598403930664,
   "00009.png": 33.154510498046875,
   "00033.png": 30.384300231933594,
   "00027.png": 31.6787166595459,
   "00016.png": 32.451419830322266,
   "00003.png": 34.60863494873047,
   "00000.png": 29.43446922302246,
   "00035.png": 28.9108943939209,
   "00031.png": 32.09425354003906,
   "00017.png": 34.223731994628906,
   "00006.png": 32.31653594970703,
   "00010.png": 33.35911178588867,
   "00034.png": 22.927152633666992,
   "00025.png": 31.76527214050293,
   "00015.png": 32.358543395996094,
   "00024.png": 30.66370391845703,
   "00036.png": 23.116451263427734,
   "00026.png": 31.902469635009766,
   "00038.png": 30.5872802734375,
   "00037.png": 33.297035217285156
  },
  "LPIPS": {
   "00014.png": 0.17114369571208954,
   "00030.png": 0.31299418210983276,
   "00020.png": 0.1963672935962677,
   "00018.png": 0.2595263123512268,
   "00019.png": 0.18638616800308228,
   "00001.png": 0.21777257323265076,
   "00029.png": 0.26857876777648926,
   "00028.png": 0.2595890164375305,
   "00004.png": 0.1951616108417511,
   "00002.png": 0.23821966350078583,
   "00008.png": 0.19815030694007874,
   "00007.png": 0.1688787192106247,
   "00023.png": 0.22187864780426025,
   "00012.png": 0.18420782685279846,
   "00021.png": 0.3141728937625885,
   "00005.png": 0.20225603878498077,
   "00013.png": 0.20589083433151245,
   "00022.png": 0.1824190616607666,
   "00011.png": 0.18604476749897003,
   "00032.png": 0.18913714587688446,
   "00009.png": 0.1725064516067505,
   "00033.png": 0.23193496465682983,
   "00027.png": 0.26789966225624084,