{
 "ours_30000": {
  "SSIM": 0.9220166206359863,
  "PSNR": 32.52738952636719,
  "LPIPS": 0.21309703588485718
 },
 "ours_7000": {
  "SSIM": 0.912348747253418,
  "PSNR": 31.207778930664062,
  "LPIPS": 0.23350048065185547
 }
}