{
 "ours_30000": {
  "SSIM": {
   "00014.png": 0.9510934352874756,
   "00030.png": 0.96016526222229,
   "00020.png": 0.9468948841094971,
   "00018.png": 0.9397255182266235,
   "00019.png": 0.9399093389511108,
   "00001.png": 0.9238393902778625,
   "00029.png": 0.9517248868942261,
   "00028.png": 0.9551082253456116,
   "00004.png": 0.9533780217170715,
   "00002.png": 0.9523888826370239,
   "00008.png": 0.9538739323616028,
   "00007.png": 0.9508009552955627,
   "00023.png": 0.9458891153335571,
   "00012.png": 0.9077598452568054,
   "00021.png": 0.951915442943573,
   "00005.png": 0.9566660523414612,
   "00013.png": 0.9451376795768738,
   "00022.png": 0.9420160055160522,
   "00011.png": 0.9425393342971802,
   "00032.png": 0.9514784812927246,
   "00009.png": 0.9329420328140259,
   "00033.png": 0.960014283657074,
   "00027.png": 0.9524762630462646,
   "00016.png": 0.9363039135932922,
   "00003.png": 0.9496523141860962,
   "00000.png": 0.9013286232948303,
   "00035.png": 0.9422913193702698,
   "00031.png": 0.9380193948745728,
   "00017.png": 0.9447641968727112,
   "00006.png": 0.9488561749458313,
   "00010.png": 0.9427052140235901,
   "00034.png": 0.9237121939659119,
   "00025.png": 0.944020688533783,
   "00015.png": 0.9272157549858093,
   "00024.png": 0.9435192942619324,
   "00036.png": 0.9405743479728699,
   "00026.png": 0.9497136473655701
  },
  "PSNR": {
   "00014.png": 34.52178955078125,
   "00030.png": 36.16532516479492,
   "00020.png": 35.333335876464844,
   "00018.png": 33.225196838378906,
   "00019.png": 33.570594787597656,
   "00001.png": 28.43471908569336,
   "00029.png": 34.207550048828125,
   "00028.png": 34.08954620361328,
   "00004.png": 35.288604736328125,
   "00002.png": 34.70018005371094,
   "00008.png": 34.43739318847656,
   "00007.png": 35.112892150878906,
   "00023.png": 34.255897521972656,
   "00012.png": 27.81421661376953,
   "00021.png": 35.19886779785156,
   "00005.png": 36.16645050048828,
   "00013.png": 31.948347091674805,
   "00022.png": 34.713539123535156,
   "00011.png": 30.08319091796875,
   "00032.png": 36.23535919189453,
   "00009.png": 25.74028968811035,
   "00033.png": 36.532386779785156,
   "00027.png": 35.130123138427734,
   "00016.png": 29.579618453979492,
   "00003.png": 33.01099395751953,
   "00000.png": 26.683834075927734,
   "00035.png": 32.672698974609375,
   "00031.png": 33.387901306152344,
   "00017.png": 34.30896759033203,
   "00006.png": 33.668270111083984,
   "00010.png": 32.599647521972656,
   "00034.png": 29.005449295043945,
   "00025.png": 32.29737854003906,
   "00015.png": 28.380977630615234,
   "00024.png": 34.448524475097656,
   "00036.png": 31.779939651489258,
   "00026.png": 36.06525802612305
  },
  "LPIPS": {
   "00014.png": 0.13432873785495758,
   "00030.png": 0.2246091663837433,
   "00020.png": 0.23546573519706726,
   "00018.png": 0.19255971908569336,
   "00019.png": 0.2213594913482666,
   "00001.png": 0.1755426526069641,
   "00029.png": 0.23693446815013885,
   "00028.png": 0.23651447892189026,
   "00004.png": 0.1549951136112213,
   "00002.png": 0.15401381254196167,
   "00008.png": 0.15405049920082092,
   "00007.png": 0.16170251369476318,
   "00023.png": 0.21639582514762878,
   "00012.png": 0.21967491507530212,
   "00021.png": 0.21322627365589142,
   "00005.png": 0.15309485793113708,
   "00013.png": 0.14136216044425964,
   "00022.png": 0.2351233959197998,
   "00011.png": 0.16738072037696838,
   "00032.png": 0.20815545320510864,
   "00009.png": 0.16610822081565857,
   "00033.png": 0.17879970371723175,
   "00027.png": 0.24544444680213928,
   "00016.png": 0.18049171566963196,
   "00003.png": 0.1785401999950409,
   "00000.png": 0.2135745882987976,
   "00035.png": 0.18658189475536346,
   "00031.png": 0.2231537401676178,
   "00017.png": 0.18387287855148315,
   "00006.png": 0.17729032039642334,
   "00010.png": 0.1439356505870819,
   "00034.png": 0.1739112138748169,
   "00025.png": 0.2771400213241577,
   "00015.png": 0.2239091396331787,
   "00024.png": 0.27471596002578735,
   "00036.png": 0.2687870264053345,
   "00026.png": 0.27275073528289795
  }
 },
 "ours_7000": {
  "SSIM": {
   "00014.png": 0.939286470413208,
   "00030.png": 0.9546180963516235,
   "00020.png": 0.9397473335266113,
   "00018.png": 0.9299097657203674,
   "00019.png": 0.9295966029167175,
   "00001.png": 0.9167749285697937,
   "00029.png": 0.9453840255737305,
   "00028.png": 0.9493417739868164,
   "00004.png": 0.947384774684906,
   "00002.png": 0.9444786310195923,
   "00008.png": 0.9474380612373352,
   "00007.png": 0.9429303407669067,
   "00023.png": 0.9426982998847961,
   "00012.png": 0.9029382467269897,
   "00021.png": 0.9434776306152344,
   "00005.png": 0.9488598704338074,
   "00013.png": 0.9381179809570312,
   "00022.png": 0.9304991364479065,
   "00011.png": 0.9276733994483948,
   "00032.png": 0.9432358145713806,
   "00009.png": 0.9161572456359863,
   "00033.png": 0.9542272686958313,
   "00027.png": 0.9435224533081055,
   "00016.png": 0.9260002374649048,
   "00003.png": 0.9436611533164978,
   "00000.png": 0.8792381286621094,
   "00035.png": 0.923406183719635,
   "00031.png": 0.9329102635383606,
   "00017.png": 0.9362020492553711,
   "00006.png": 0.9403790831565857,
   "00010.png": 0.9353014826774597,
   "00034.png": 0.9235741496086121,
   "00025.png": 0.9354330897331238,
   "00015.png": 0.9145997762680054,
   "00024.png": 0.929044246673584,
   "00036.png": 0.9331014156341553,
   "00026.png": 0.9373398423194885
  },
  "PSNR": {
   "00014.png": 32.4798583984375,
   "00030.png": 34.60179901123047,
   "00020.png": 33.773292541503906,
   "00018.png": 32.06696319580078,
   "00019.png": 32.012664794921875,
   "00001.png": 27.469575881958008,
   "00029.png": 33.51887130737305,
   "00028.png": 32.43206787109375,
   "00004.png": 34.135013580322266,
   "00002.png": 32.899803161621094,
   "00008.png": 33.208961486816406,
   "00007.png": 33.72904586791992,
   "00023.png": 33.29133224487305,
   "00012.png": 27.327674865722656,
   "00021.png": 33.15215301513672,
   "00005.png": 34.6292839050293,
   "00013.png": 30.843992233276367,
   "00022.png": 32.91408157348633,
   "00011.png": 28.500286102294922,
   "00032.png": 34.24566650390625,
   "00009.png": 24.383237838745117,
   "00033.png": 35.20588684082031,
   "00027.png": 31.782007217407227,
   "00016.png": 28.825056076049805,
   "00003.png": 31.868030548095703,
   "00000.png": 23.491458892822266,
   "00035.png": 29.942733764648438,
   "00031.png": 32.60960388183594,
   "00017.png": 32.83359146118164,
   "00006.png": 32.002925872802734,
   "00010.png": 31.823331832885742,
   "00034.png": 29.3607120513916,
   "00025.png": 30.467575073242188,
   "00015.png": 26.869873046875,
   "00024.png": 31.425567626953125,
   "00036.png": 29.389789581298828,
   "00026.png": 32.317012786865234
  },
  "LPIPS": {
   "00014.png": 0.15410658717155457,
   "00030.png": 0.23768417537212372,
   "00020.png": 0.25213873386383057,
   "00018.png": 0.2084198296070099,
   "00019.png": 0.2379528284072876,
   "00001.png": 0.19335556030273438,
   "00029.png": 0.25530943274497986,
   "00028.png": 0.2478918582201004,
   "00004.png": 0.16820159554481506,
   "00002.png": 0.1676018238067627,
   "00008.png": 0.16676467657089233,
   "00007.png": 0.17642658948898315,
   "00023.png": 0.22934222221374512,
   "00012.png": 0.23969131708145142,
   "00021.png": 0.22933536767959595,
   "00005.png": 0.17010965943336487,
   "00013.png": 0.15805065631866455,
   "00022.png": 0.2542368173599243,
   "00011.png": 0.1963845044374466,
   "00032.png": 0.2232295572757721,
   "00009.png": 0.1937042772769928,
   "00033.png": 0.1893419623374939,
   "00027.png": 0.2626454532146454,
   "00016.png": 0.20333223044872284,
   "00003.png": 0.1895679235458374,
   "00000.png": 0.22951434552669525,
   "00035.png": 0.21015387773513794,
   "00031.png": 0.23354820907115936,
   "00017.png": 0.20145992934703827,
   "00006.png": 0.1935068964958191,
   "00010.png": 0.15877798199653625,
   "00034.png": 0.18774321675300598,
   "00025.png": 0.28806743025779724,