{
 "ours_30000": {
  "SSIM": 0.9432544112205505,
  "PSNR": 32.994468688964844,
  "LPIPS": 0.2001485824584961
 },
 "ours_7000": {
  "SSIM": 0.9342834949493408,
  "PSNR": 31.400829315185547,
  "LPIPS": 0.21677842736244202
 }
}