{
 "ours_30000": {
  "SSIM": {
   "00014.png": 0.9432012438774109,
   "00030.png": 0.9404458403587341,
   "00020.png": 0.9424148201942444,
   "00018.png": 0.9173454642295837,
   "00019.png": 0.9411551356315613,
   "00001.png": 0.9378079175949097,
   "00029.png": 0.9238325357437134,
   "00028.png": 0.9534701108932495,
   "00004.png": 0.9459483027458191,
   "00002.png": 0.9497213363647461,
   "00008.png": 0.9149116277694702,
   "00007.png": 0.9426605105400085,
   "00023.png": 0.9404179453849792,
   "00012.png": 0.940741777420044,
   "00021.png": 0.9401713609695435,
   "00005.png": 0.9370160698890686,
   "00013.png": 0.9550474286079407,
   "00022.png": 0.9457260370254517,
   "00011.png": 0.9040646553039551,
   "00032.png": 0.9579808712005615,
   "00009.png": 0.9270852208137512,
   "00033.png": 0.920425534248352,
   "00027.png": 0.7582105994224548,
   "00016.png": 0.9432893991470337,
   "00003.png": 0.9525452256202698,
   "00000.png": 0.9110139012336731,
   "00031.png": 0.9389030933380127,
   "00017.png": 0.9383386969566345,
   "00006.png": 0.8341596126556396,
   "00010.png": 0.9530038833618164,
   "00034.png": 0.7544548511505127,
   "00025.png": 0.947476327419281,
   "00015.png": 0.9492295384407043,
   "00024.png": 0.9512957334518433,
   "00026.png": 0.9411875605583191
  },
  "PSNR": {
   "00014.png": 31.418277740478516,
   "00030.png": 32.78425598144531,
   "00020.png": 32.83453369140625,
   "00018.png": 30.006248474121094,
   "00019.png": 31.167478561401367,
   "00001.png": 29.278663635253906,
   "00029.png": 32.184295654296875,
   "00028.png": 33.085350036621094,
   "00004.png": 30.662973403930664,
   "00002.png": 31.839902877807617,
   "00008.png": 30.162755966186523,
   "00007.png": 28.777454376220703,
   "00023.png": 33.63450622558594,
   "00012.png": 30.59364128112793,
   "00021.png": 33.33381271362305,
   "00005.png": 29.50836944580078,
   "00013.png": 33.5573616027832,
   "00022.png": 33.46485900878906,
   "00011.png": 31.284257888793945,
   "00032.png": 34.97799301147461,
   "00009.png": 31.078683853149414,
   "00033.png": 30.14840316772461,
   "00027.png": 27.286359786987305,
   "00016.png": 31.561248779296875,
   "00003.png": 31.117671966552734,
   "00000.png": 27.011802673339844,
   "00031.png": 31.846630096435547,
   "00017.png": 33.218177795410156,
   "00006.png": 28.226137161254883,
   "00010.png": 33.051025390625,
   "00034.png": 27.875490188598633,
   "00025.png": 32.72677230834961,
   "00015.png": 31.566116333007812,
   "00024.png": 32.12068557739258,
   "00026.png": 32.50786209106445
  },
  "LPIPS": {
   "00014.png": 0.09972095489501953,
   "00030.png": 0.12000350654125214,
   "00020.png": 0.0977216511964798,
   "00018.png": 0.12071722745895386,
   "00019.png": 0.11244012415409088,
   "00001.png": 0.10170768201351166,
   "00029.png": 0.12549012899398804,
   "00028.png": 0.07078859955072403,
   "00004.png": 0.09121476113796234,
   "00002.png": 0.0961906835436821,
   "00008.png": 0.15078330039978027,
   "00007.png": 0.08932455629110336,
   "00023.png": 0.12900102138519287,
   "00012.png": 0.11180226504802704,
   "00021.png": 0.11402615904808044,
   "00005.png": 0.10933735966682434,
   "00013.png": 0.12420646846294403,
   "00022.png": 0.09640617668628693,
   "00011.png": 0.15174394845962524,
   "00032.png": 0.12229398638010025,
   "00009.png": 0.1378878802061081,
   "00033.png": 0.16729867458343506,
   "00027.png": 0.27643701434135437,
   "00016.png": 0.10152062028646469,
   "00003.png": 0.08174300938844681,
   "00000.png": 0.13111138343811035,
   "00031.png": 0.14545801281929016,
   "00017.png": 0.1254878044128418,
   "00006.png": 0.21986347436904907,
   "00010.png": 0.12385809421539307,
   "00034.png": 0.29170873761177063,
   "00025.png": 0.08309170603752136,
   "00015.png": 0.11077921837568283,
   "00024.png": 0.08870960772037506,
   "00026.png": 0.10745330154895782
  }
 },
 "ours_7000": {
  "SSIM": {
   "00014.png": 0.9191110134124756,
   "00030.png": 0.9182313680648804,
   "00020.png": 0.9139223098754883,
   "00018.png": 0.8858218193054199,
   "00019.png": 0.9126935601234436,
   "00001.png": 0.9016116261482239,
   "00029.png": 0.9105830192565918,
   "00028.png": 0.9211267828941345,
   "00004.png": 0.92351895570755,
   "00002.png": 0.9260303974151611,
   "00008.png": 0.8965017795562744,
   "00007.png": 0.9261740446090698,
   "00023.png": 0.917732834815979,
   "00012.png": 0.8983301520347595,
   "00021.png": 0.8978739976882935,
   "00005.png": 0.9215589165687561,
   "00013.png": 0.9408274292945862,
   "00022.png": 0.926734983921051,
   "00011.png": 0.9049796462059021,
   "00032.png": 0.9441078901290894,
   "00009.png": 0.9073083996772766,
   "00033.png": 0.9150612354278564,
   "00027.png": 0.773128092288971,
   "00016.png": 0.9226466417312622,
   "00003.png": 0.9277598261833191,
   "00000.png": 0.8759273290634155,
   "00031.png": 0.9238699078559875,
   "00017.png": 0.9146305322647095,
   "00006.png": 0.8054808974266052,
   "00010.png": 0.9361907243728638,
   "00034.png": 0.7568168640136719,
   "00025.png": 0.9163993000984192,
   "00015.png": 0.9234407544136047,
   "00024.png": 0.9108672738075256,
   "00026.png": 0.9310538172721863
  },
  "PSNR": {
   "00014.png": 28.741741180419922,
   "00030.png": 31.011505126953125,
   "00020.png": 30.869998931884766,
   "00018.png": 28.388216018676758,
   "00019.png": 29.35793685913086,
   "00001.png": 25.80113410949707,
   "00029.png": 29.519874572753906,
   "00028.png": 29.88208770751953,
   "00004.png": 28.02386474609375,
   "00002.png": 29.052457809448242,
   "00008.png": 28.109521865844727,
   "00007.png": 28.08466339111328,
   "00023.png": 31.871841430664062,
   "00012.png": 27.602357864379883,
   "00021.png": 29.83987045288086,
   "00005.png": 27.986299514770508,
   "00013.png": 31.358850479125977,
   "00022.png": 32.23872375488281,
   "00011.png": 28.476123809814453,
   "00032.png": 33.2875862121582,
   "00009.png": 29.828598022460938,
   "00033.png": 29.652273178100586,
   "00027.png": 27.150983810424805,
   "00016.png": 29.964855194091797,
   "00003.png": 28.452133178710938,
   "00000.png": 25.00444793701172,
   "00031.png": 30.45838165283203,
   "00017.png": 30.16796112060547,
   "00006.png": 27.450435638427734,
   "00010.png": 30.335599899291992,
   "00034.png": 27.195255279541016,
   "00025.png": 29.658931732177734,
   "00015.png": 28.597942352294922,
   "00024.png": 28.800621032714844,
   "00026.png": 31.503189086914062
  },
  "LPIPS": {
   "00014.png": 0.1343832015991211,
   "00030.png": 0.15103808045387268,
   "00020.png": 0.13336443901062012,
   "00018.png": 0.16953758895397186,
   "00019.png": 0.14491039514541626,
   "00001.png": 0.15355774760246277,
   "00029.png": 0.1484420895576477,
   "00028.png": 0.11215987801551819,
   "00004.png": 0.1298879086971283,
   "00002.png": 0.1220465824007988,
   "00008.png": 0.1729411780834198,
   "00007.png": 0.1119755208492279,
   "00023.png": 0.1497640609741211,
   "00012.png": 0.15874767303466797,
   "00021.png": 0.1683093160390854,
   "00005.png": 0.1396375596523285,
   "00013.png": 0.14830511808395386,
   "00022.png": 0.12456155568361282,
   "00011.png": 0.16455671191215515,
   "00032.png": 0.1520470827817917,
   "00009.png": 0.16373521089553833,
   "00033.png": 0.17848701775074005,
   "00027.png": 0.27801036834716797,
   "00016.png": 0.13767972588539124,
   "00003.png": 0.12188520282506943,
   "00000.png": 0.18375328183174133,
   "00031.png": 0.17045101523399353,
   "00017.png": 0.15757963061332703,
   "00006.png": 0.23818089067935944,
   "00010.png": 0.14516043663024902,
   "00034.png": 0.30303019285202026,
   "00025.png": 0.12477273494005203,
   "00015.png": 0.15486817061901093,
   "00024.png": 0.13618287444114685,
   "00026.png": 0.1262599527835846
  }
 }
}