{
 "ours_30000": {
  "SSIM": 0.9255629181861877,
  "PSNR": 31.311429977416992,
  "LPIPS": 0.1264951229095459
 },
 "ours_7000": {
  "SSIM": 0.9042301177978516,
  "PSNR": 29.24932098388672,
  "LPIPS": 0.15743456780910492
 }
}