{
 "ours_30000": {
  "SSIM": {
   "00014.png": 0.9390640258789062,
   "00030.png": 0.8868589997291565,
   "00020.png": 0.928687572479248,
   "00018.png": 0.9238201975822449,
   "00019.png": 0.932723879814148,
   "00001.png": 0.9015416502952576,
   "00029.png": 0.9116368293762207,
   "00028.png": 0.9080167412757874,
   "00004.png": 0.9468131065368652,
   "00002.png": 0.8970701694488525,
   "00008.png": 0.924113929271698,
   "00007.png": 0.9575607776641846,
   "00023.png": 0.8922557234764099,
   "00012.png": 0.9419412016868591,
   "00021.png": 0.8686988949775696,
   "00005.png": 0.9221042990684509,
   "00013.png": 0.9203624725341797,
   "00022.png": 0.9285974502563477,
   "00011.png": 0.9430640339851379,
   "00032.png": 0.9300541877746582,
   "00009.png": 0.944991409778595,
   "00033.png": 0.9207953810691833,
   "00027.png": 0.9077390432357788,
   "00016.png": 0.9204122424125671,
   "00003.png": 0.9277076125144958,
   "00000.png": 0.8845986723899841,
   "00035.png": 0.9532240629196167,
   "00031.png": 0.8493961095809937,
   "00017.png": 0.9456079006195068,
   "00006.png": 0.9178850650787354,
   "00010.png": 0.9307641983032227,
   "00034.png": 0.9349756240844727,
   "00025.png": 0.9211683869361877,
   "00015.png": 0.8791349530220032,
   "00024.png": 0.9202854037284851,
   "00036.png": 0.8692795038223267,
   "00026.png": 0.9353874921798706,
   "00038.png": 0.8912315368652344,
   "00037.png": 0.9316955208778381
  },
  "PSNR": {
   "00014.png": 30.229164123535156,
   "00030.png": 31.148685455322266,
   "00020.png": 31.442760467529297,
   "00018.png": 32.91429901123047,
   "00019.png": 29.972553253173828,
   "00001.png": 33.4198112487793,
   "00029.png": 28.822124481201172,
   "00028.png": 30.457725524902344,
   "00004.png": 33.509918212890625,
   "00002.png": 33.7962760925293,
   "00008.png": 31.001888275146484,
   "00007.png": 34.22056198120117,
   "00023.png": 27.68772315979004,
   "00012.png": 34.81171417236328,
   "00021.png": 30.585344314575195,
   "00005.png": 30.241073608398438,
   "00013.png": 32.37237548828125,
   "00022.png": 33.561073303222656,
   "00011.png": 35.62879943847656,
   "00032.png": 29.440813064575195,
   "00009.png": 34.125587463378906,
   "00033.png": 30.12665557861328,
   "00027.png": 31.573959350585938,
   "00016.png": 32.83201599121094,
   "00003.png": 34.64177703857422,
   "00000.png": 30.074254989624023,
   "00035.png": 29.112571716308594,
   "00031.png": 31.60436248779297,
   "00017.png": 34.80030059814453,
   "00006.png": 33.04374694824219,
   "00010.png": 33.609161376953125,
   "00034.png": 23.893672943115234,
   "00025.png": 32.198585510253906,
   "00015.png": 32.40507888793945,
   "00024.png": 31.322309494018555,
   "00036.png": 23.100292205810547,
   "00026.png": 31.072879791259766,
   "00038.png": 31.46990203857422,
   "00037.png": 33.95713424682617
  },
  "LPIPS": {
   "00014.png": 0.16967618465423584,
   "00030.png": 0.30240628123283386,
   "00020.png": 0.17615032196044922,
   "00018.png": 0.24622634053230286,
   "00019.png": 0.1767883449792862,
   "00001.png": 0.19301557540893555,
   "00029.png": 0.2502463757991791,
   "00028.png": 0.24370042979717255,
   "00004.png": 0.18993490934371948,
   "00002.png": 0.21094012260437012,
   "00008.png": 0.1923106163740158,
   "00007.png": 0.15867754817008972,
   "00023.png": 0.20661981403827667,
   "00012.png": 0.1704450249671936,
   "00021.png": 0.3089515268802643,
   "00005.png": 0.18463820219039917,
   "00013.png": 0.19557595252990723,
   "00022.png": 0.15939009189605713,
   "00011.png": 0.17461353540420532,
   "00032.png": 0.18899653851985931,
   "00009.png": 0.16668345034122467,
   "00033.png": 0.22536693513393402,
   "00027.png": 0.2582467198371887,
   "00016.png": 0.21062405407428741,
   "00003.png": 0.18777289986610413,
   "00000.png": 0.21164968609809875,
   "00035.png": 0.25922060012817383,
   "00031.png": 0.3022700548171997,
   "00017.png": 0.1627717763185501,
   "00006.png": 0.19610731303691864,
   "00010.png": 0.18477019667625427,
   "00034.png": 0.29493921995162964,
   "00025.png": 0.2279631495475769,
   "00015.png": 0.25061583518981934,
   "00024.png": 0.24899449944496155,
   "00036.png": 0.3757997155189514,
   "00026.png": 0.1941763311624527,
   "00038.png": 0.30616843700408936,
   "00037.png": 0.27202653884887695
  }
 },
 "ours_7000": {
  "SSIM": {
   "00014.png": 0.9193634986877441,
   "00030.png": 0.8884642124176025,
   "00020.png": 0.8998796343803406,
   "00018.png": 0.9092683792114258,
   "00019.png": 0.9112041592597961,
   "00001.png": 0.8663854002952576,
   "00029.png": 0.8513599038124084,
   "00028.png": 0.8592127561569214,
   "00004.png": 0.9408969283103943,
   "00002.png": 0.8425992727279663,
   "00008.png": 0.9063439965248108,
   "00007.png": 0.9394125938415527,
   "00023.png": 0.853434681892395,
   "00012.png": 0.92864590883255,
   "00021.png": 0.8743411898612976,
   "00005.png": 0.8936516046524048,
   "00013.png": 0.8788995742797852,
   "00022.png": 0.8963236808776855,
   "00011.png": 0.9227787852287292,
   "00032.png": 0.9118079543113708,
   "00009.png": 0.9293767809867859,
   "00033.png": 0.9046626091003418,
   "00027.png": 0.9003138542175293,
   "00016.png": 0.8885916471481323,
   "00003.png": 0.8939988017082214,
   "00000.png": 0.8526031374931335,
   "00035.png": 0.9263483285903931,
   "00031.png": 0.8232318758964539,
   "00017.png": 0.9310924410820007,
   "00006.png": 0.8740683197975159,
   "00010.png": 0.8992781043052673,
   "00034.png": 0.9206784963607788,
   "00025.png": 0.9132514595985413,
   "00015.png": 0.8372592926025391,
   "00024.png": 0.9044197797775269,
   "00036.png": 0.861905574798584,
   "00026.png": 0.9086476564407349,
   "00038.png": 0.8789362907409668,
   "00037.png": 0.9246141910552979
  },
  "PSNR": {
   "00014.png": 28.28350830078125,
   "00030.png": 30.33126449584961,
   "00020.png": 29.717979431152344,
   "00018.png": 30.9306640625,
   "00019.png": 27.74380111694336,
   "00001.png": 31.56599235534668,
   "00029.png": 25.572431564331055,
   "00028.png": 26.733457565307617,
   "00004.png": 32.308441162109375,
   "00002.png": 30.214521408081055,
   "00008.png": 28.68551254272461,
   "00007.png": 32.428741455078125,
   "00023.png": 25.741865158081055,
   "00012.png": 32.91857147216797,
   "00021.png": 29.147663116455078,
   "00005.png": 26.866985321044922,
   "00013.png": 29.068496704101562,
   "00022.png": 30.867942810058594,
   "00011.png": 32.620338439941406,
   "00032.png": 27.960586547851562,
   "00009.png": 31.952497482299805,
   "00033.png": 28.170576095581055,
   "00027.png": 30.543262481689453,
   "00016.png": 30.306882858276367,
   "00003.png": 32.50932693481445,
   "00000.png": 28.71921157836914,
   "00035.png": 23.760568618774414,
   "00031.png": 31.6018123626709,
   "00017.png": 32.168155670166016,
   "00006.png": 30.81289291381836,
   "00010.png": 31.81625747680664,
   "00034.png": 22.007606506347656,
   "00025.png": 30.48969268798828,
   "00015.png": 30.606155395507812,
   "00024.png": 29.055706024169922,
   "00036.png": 23.127914428710938,
   "00026.png": 29.043733596801758,
   "00038.png": 29.90297508239746,
   "00037.png": 30.02859878540039
  },
  "LPIPS": {
   "00014.png": 0.1972271054983139,
   "00030.png": 0.3273971378803253,
   "00020.png": 0.22921404242515564,
   "00018.png": 0.27218103408813477,
   "00019.png": 0.2184370905160904,
   "00001.png": 0.24883022904396057,
   "00029.png": 0.32422110438346863,
   "00028.png": 0.3142417073249817,
   "00004.png": 0.20615974068641663,
   "00002.png": 0.2779037058353424,
   "00008.png": 0.2239360511302948,
   "00007.png": 0.1923629641532898,
   "00023.png": 0.26437920331954956,
   "00012.png": 0.1942933350801468,
   "00021.png": 0.31814923882484436,
   "00005.png": 0.229538694024086,
   "00013.png": 0.24705559015274048,
   "00022.png": 0.2193499505519867,
   "00011.png": 0.20939773321151733,
   "00032.png": 0.21204975247383118,
   "00009.png": 0.19669076800346375,
   "00033.png": 0.2716827392578125,
   "00027.png": 0.2885885238647461,