{
 "ours_30000": {
  "SSIM": 0.9177247285842896,
  "PSNR": 31.544330596923828,
  "LPIPS": 0.22142235934734344
 },
 "ours_7000": {
  "SSIM": 0.8940398097038269,
  "PSNR": 29.39314079284668,
  "LPIPS": 0.2624332010746002
 }
}