{
 "ours_30000": {
  "SSIM": {
   "00014.png": 0.8828756809234619,
   "00020.png": 0.9172489643096924,
   "00018.png": 0.9061093926429749,
   "00019.png": 0.9103213548660278,
   "00001.png": 0.9058894515037537,
   "00029.png": 0.8566831350326538,
   "00028.png": 0.9128342270851135,
   "00004.png": 0.9343973994255066,
   "00002.png": 0.9086132645606995,
   "00008.png": 0.8941085934638977,
   "00007.png": 0.9178264141082764,
   "00023.png": 0.9305421710014343,
   "00012.png": 0.8958649635314941,
   "00021.png": 0.90572190284729,
   "00005.png": 0.9052398800849915,
   "00013.png": 0.9118326306343079,
   "00022.png": 0.9151917099952698,
   "00011.png": 0.915614902973175,
   "00009.png": 0.8898525238037109,
   "00027.png": 0.913377046585083,
   "00016.png": 0.9241214394569397,
   "00003.png": 0.8476446866989136,
   "00000.png": 0.8778911232948303,
   "00017.png": 0.9032074809074402,
   "00006.png": 0.8981689214706421,
   "00010.png": 0.9019755125045776,
   "00025.png": 0.9364110827445984,
   "00015.png": 0.9038412570953369,
   "00024.png": 0.9201201796531677,
   "00026.png": 0.9312216639518738
  },
  "PSNR": {
   "00014.png": 25.580827713012695,
   "00020.png": 30.7333984375,
   "00018.png": 28.942880630493164,
   "00019.png": 27.65559959411621,
   "00001.png": 29.83455467224121,
   "00029.png": 25.374128341674805,
   "00028.png": 28.492929458618164,
   "00004.png": 31.428815841674805,
   "00002.png": 29.116214752197266,
   "00008.png": 30.02976417541504,
   "00007.png": 30.246217727661133,
   "00023.png": 30.694072723388672,
   "00012.png": 26.132606506347656,
   "00021.png": 29.446758270263672,
   "00005.png": 29.454710006713867,
   "00013.png": 28.6916446685791,
   "00022.png": 29.19878387451172,
   "00011.png": 30.643714904785156,
   "00009.png": 27.606491088867188,
   "00027.png": 28.29136085510254,
   "00016.png": 28.821426391601562,
   "00003.png": 26.320446014404297,
   "00000.png": 27.31763458251953,
   "00017.png": 27.59772300720215,
   "00006.png": 29.477540969848633,
   "00010.png": 28.63866424560547,
   "00025.png": 32.63553237915039,
   "00015.png": 28.950279235839844,
   "00024.png": 31.317501068115234,
   "00026.png": 31.44516944885254
  },
  "LPIPS": {
   "00014.png": 0.2392333745956421,
   "00020.png": 0.18807271122932434,
   "00018.png": 0.1895279884338379,
   "00019.png": 0.18821924924850464,
   "00001.png": 0.1801184117794037,
   "00029.png": 0.26694270968437195,
   "00028.png": 0.19083073735237122,
   "00004.png": 0.1878608763217926,
   "00002.png": 0.17556899785995483,
   "00008.png": 0.304670512676239,
   "00007.png": 0.15380381047725677,
   "00023.png": 0.17600268125534058,
   "00012.png": 0.1715206801891327,
   "00021.png": 0.2289533019065857,
   "00005.png": 0.253081738948822,
   "00013.png": 0.1677253097295761,
   "00022.png": 0.18784889578819275,
   "00011.png": 0.2767752408981323,
   "00009.png": 0.1818925142288208,
   "00027.png": 0.17131555080413818,
   "00016.png": 0.15667369961738586,
   "00003.png": 0.26193976402282715,
   "00000.png": 0.24138358235359192,
   "00017.png": 0.22693118453025818,
   "00006.png": 0.20146751403808594,
   "00010.png": 0.17517201602458954,
   "00025.png": 0.15879008173942566,
   "00015.png": 0.21206983923912048,
   "00024.png": 0.21143923699855804,
   "00026.png": 0.1709699034690857
  }
 },
 "ours_7000": {
  "SSIM": {
   "00014.png": 0.8330857753753662,
   "00020.png": 0.893398642539978,
   "00018.png": 0.8742915987968445,
   "00019.png": 0.8797070980072021,
   "00001.png": 0.8768798112869263,
   "00029.png": 0.8241372108459473,
   "00028.png": 0.892938494682312,
   "00004.png": 0.9119105339050293,
   "00002.png": 0.8742929100990295,
   "00008.png": 0.851844072341919,
   "00007.png": 0.8857256174087524,
   "00023.png": 0.9098771810531616,
   "00012.png": 0.8561068177223206,
   "00021.png": 0.8754168748855591,
   "00005.png": 0.8919134736061096,
   "00013.png": 0.8630548119544983,
   "00022.png": 0.8915026783943176,
   "00011.png": 0.8928972482681274,
   "00009.png": 0.8512733578681946,
   "00027.png": 0.8828631043434143,
   "00016.png": 0.8945883512496948,
   "00003.png": 0.833918035030365,
   "00000.png": 0.8319248557090759,
   "00017.png": 0.8886376619338989,
   "00006.png": 0.874142050743103,
   "00010.png": 0.8457437753677368,
   "00025.png": 0.922168493270874,
   "00015.png": 0.8786070942878723,
   "00024.png": 0.8956924080848694,
   "00026.png": 0.9129310250282288
  },
  "PSNR": {
   "00014.png": 23.340959548950195,
   "00020.png": 29.04330062866211,
   "00018.png": 27.204936981201172,
   "00019.png": 25.920494079589844,
   "00001.png": 28.142257690429688,
   "00029.png": 23.707483291625977,
   "00028.png": 27.11282730102539,
   "00004.png": 29.371366500854492,
   "00002.png": 26.982698440551758,
   "00008.png": 28.250255584716797,
   "00007.png": 27.664894104003906,
   "00023.png": 29.064998626708984,
   "00012.png": 24.264039993286133,
   "00021.png": 27.77818489074707,
   "00005.png": 28.369367599487305,
   "00013.png": 26.060379028320312,
   "00022.png": 27.667638778686523,
   "00011.png": 28.384029388427734,
   "00009.png": 25.254638671875,
   "00027.png": 26.809738159179688,
   "00016.png": 27.13161277770996,
   "00003.png": 25.311983108520508,
   "00000.png": 24.81485366821289,
   "00017.png": 24.82036781311035,
   "00006.png": 27.71986198425293,
   "00010.png": 25.82415771484375,
   "00025.png": 31.12854766845703,
   "00015.png": 27.28514862060547,
   "00024.png": 29.502811431884766,
   "00026.png": 29.79855728149414
  },
  "LPIPS": {
   "00014.png": 0.2987583577632904,
   "00020.png": 0.2350091189146042,
   "00018.png": 0.23648208379745483,
   "00019.png": 0.2308361977338791,
   "00001.png": 0.22486604750156403,
   "00029.png": 0.3166603744029999,
   "00028.png": 0.22617283463478088,
   "00004.png": 0.23051846027374268,
   "00002.png": 0.22567780315876007,
   "00008.png": 0.3618631362915039,
   "00007.png": 0.20421408116817474,
   "00023.png": 0.21571840345859528,
   "00012.png": 0.22199678421020508,
   "00021.png": 0.2823989987373352,
   "00005.png": 0.2809576392173767,
   "00013.png": 0.22481857240200043,
   "00022.png": 0.2254989892244339,
   "00011.png": 0.3059408664703369,
   "00009.png": 0.23684528470039368,
   "00027.png": 0.21905213594436646,
   "00016.png": 0.19835692644119263,
   "00003.png": 0.28804415464401245,
   "00000.png": 0.30146101117134094,
   "00017.png": 0.2620391547679901,
   "00006.png": 0.23841294646263123,
   "00010.png": 0.2345132678747177,
   "00025.png": 0.18595194816589355,
   "00015.png": 0.24872595071792603,
   "00024.png": 0.2564436197280884,
   "00026.png": 0.2056887447834015
  }
 }
}