{
 "ours_30000": {
  "SSIM": 0.9058248996734619,
  "PSNR": 29.0039119720459,
  "LPIPS": 0.20322676002979279
 },
 "ours_7000": {
  "SSIM": 0.8763824105262756,
  "PSNR": 27.124414443969727,
  "LPIPS": 0.2474641352891922
 }
}