{
 "ours_30000": {
  "SSIM": {
   "00014.png": 0.9410613179206848,
   "00030.png": 0.9414638876914978,
   "00020.png": 0.9471838474273682,
   "00018.png": 0.929969847202301,
   "00019.png": 0.9409931898117065,
   "00001.png": 0.9404615163803101,
   "00029.png": 0.9208316802978516,
   "00028.png": 0.9541414976119995,
   "00004.png": 0.9503606557846069,
   "00002.png": 0.9525367617607117,
   "00008.png": 0.9184996485710144,
   "00007.png": 0.9479814767837524,
   "00023.png": 0.938001811504364,
   "00012.png": 0.9436441659927368,
   "00021.png": 0.9430418610572815,
   "00005.png": 0.9399051070213318,
   "00013.png": 0.9573379755020142,
   "00022.png": 0.9539079666137695,
   "00011.png": 0.9132623076438904,
   "00032.png": 0.9620280861854553,
   "00009.png": 0.9342166185379028,
   "00033.png": 0.9246590733528137,
   "00027.png": 0.7560384273529053,
   "00016.png": 0.9464629292488098,
   "00003.png": 0.9556531310081482,
   "00000.png": 0.9186703562736511,
   "00031.png": 0.9457260370254517,
   "00017.png": 0.936042070388794,
   "00006.png": 0.8259454965591431,
   "00010.png": 0.9558277726173401,
   "00034.png": 0.7720311880111694,
   "00025.png": 0.951948344707489,
   "00015.png": 0.9528569579124451,
   "00024.png": 0.9553646445274353,
   "00026.png": 0.9496246576309204
  },
  "PSNR": {
   "00014.png": 30.127439498901367,
   "00030.png": 33.274227142333984,
   "00020.png": 34.19993591308594,
   "00018.png": 32.31321716308594,
   "00019.png": 31.779930114746094,
   "00001.png": 29.650196075439453,
   "00029.png": 31.58046531677246,
   "00028.png": 32.516170501708984,
   "00004.png": 31.66053009033203,
   "00002.png": 32.75004959106445,
   "00008.png": 30.899049758911133,
   "00007.png": 30.51931381225586,
   "00023.png": 33.33192825317383,
   "00012.png": 30.911869049072266,
   "00021.png": 33.944522857666016,
   "00005.png": 30.45942497253418,
   "00013.png": 34.75128936767578,
   "00022.png": 34.62232208251953,
   "00011.png": 32.147972106933594,
   "00032.png": 35.412208557128906,
   "00009.png": 31.9503231048584,
   "00033.png": 31.236305236816406,
   "00027.png": 27.226543426513672,
   "00016.png": 32.36400604248047,
   "00003.png": 32.2752799987793,
   "00000.png": 27.400720596313477,
   "00031.png": 32.92056655883789,
   "00017.png": 33.36668395996094,
   "00006.png": 28.822786331176758,
   "00010.png": 34.3483772277832,
   "00034.png": 28.479631423950195,
   "00025.png": 33.23576354980469,
   "00015.png": 32.40789794921875,
   "00024.png": 33.61935043334961,
   "00026.png": 33.841854095458984
  },
  "LPIPS": {
   "00014.png": 0.10067322850227356,
   "00030.png": 0.12307343631982803,
   "00020.png": 0.09457936882972717,
   "00018.png": 0.10976605117321014,
   "00019.png": 0.11187200248241425,
   "00001.png": 0.09895515441894531,
   "00029.png": 0.12654229998588562,
   "00028.png": 0.06990055739879608,
   "00004.png": 0.0891207680106163,
   "00002.png": 0.09193426370620728,
   "00008.png": 0.14632728695869446,
   "00007.png": 0.08348889648914337,
   "00023.png": 0.13155153393745422,
   "00012.png": 0.10264316201210022,
   "00021.png": 0.11327923089265823,
   "00005.png": 0.1059686690568924,
   "00013.png": 0.12293988466262817,
   "00022.png": 0.09240040183067322,
   "00011.png": 0.13998353481292725,
   "00032.png": 0.11769936978816986,
   "00009.png": 0.1266927719116211,
   "00033.png": 0.16274692118167877,
   "00027.png": 0.2756098210811615,
   "00016.png": 0.09853031486272812,
   "00003.png": 0.07949493825435638,
   "00000.png": 0.127724289894104,
   "00031.png": 0.13603642582893372,
   "00017.png": 0.12716376781463623,
   "00006.png": 0.2211439609527588,
   "00010.png": 0.11999543011188507,
   "00034.png": 0.2822290062904358,
   "00025.png": 0.07995714992284775,
   "00015.png": 0.107680544257164,
   "00024.png": 0.08327116072177887,
   "00026.png": 0.10228368639945984
  }
 },
 "ours_7000": {
  "SSIM": {
   "00014.png": 0.9364242553710938,
   "00030.png": 0.9344115853309631,
   "00020.png": 0.9364907741546631,
   "00018.png": 0.9132826328277588,
   "00019.png": 0.9302964210510254,
   "00001.png": 0.9247637987136841,
   "00029.png": 0.9241964221000671,
   "00028.png": 0.9349929094314575,
   "00004.png": 0.9379498958587646,
   "00002.png": 0.9442430138587952,
   "00008.png": 0.9097588062286377,
   "00007.png": 0.9370985627174377,
   "00023.png": 0.9351082444190979,
   "00012.png": 0.9292780756950378,
   "00021.png": 0.9274159669876099,
   "00005.png": 0.9311203956604004,
   "00013.png": 0.9490858912467957,
   "00022.png": 0.9417081475257874,
   "00011.png": 0.9196719527244568,
   "00032.png": 0.9497411251068115,
   "00009.png": 0.9213794469833374,
   "00033.png": 0.9256738424301147,
   "00027.png": 0.7735503315925598,
   "00016.png": 0.9347606301307678,
   "00003.png": 0.9417389035224915,
   "00000.png": 0.9016522169113159,
   "00031.png": 0.9343481063842773,
   "00017.png": 0.9241013526916504,
   "00006.png": 0.814422607421875,
   "00010.png": 0.9479540586471558,
   "00034.png": 0.7774507999420166,
   "00025.png": 0.9301443696022034,
   "00015.png": 0.9411956071853638,
   "00024.png": 0.927232027053833,
   "00026.png": 0.9391868710517883
  },
  "PSNR": {
   "00014.png": 29.74071502685547,
   "00030.png": 32.47732925415039,
   "00020.png": 32.207252502441406,
   "00018.png": 30.088951110839844,
   "00019.png": 30.493179321289062,
   "00001.png": 27.787872314453125,
   "00029.png": 31.499547958374023,
   "00028.png": 31.308074951171875,
   "00004.png": 29.366382598876953,
   "00002.png": 30.38835906982422,
   "00008.png": 29.92087173461914,
   "00007.png": 28.733234405517578,
   "00023.png": 32.871517181396484,
   "00012.png": 29.876707077026367,
   "00021.png": 31.896854400634766,
   "00005.png": 28.849077224731445,
   "00013.png": 32.70864486694336,
   "00022.png": 33.359771728515625,
   "00011.png": 31.83807373046875,
   "00032.png": 34.12800216674805,
   "00009.png": 30.968761444091797,
   "00033.png": 30.358142852783203,
   "00027.png": 27.327640533447266,
   "00016.png": 31.305238723754883,
   "00003.png": 30.0154972076416,
   "00000.png": 26.31532859802246,
   "00031.png": 31.70355987548828,
   "00017.png": 31.72039794921875,
   "00006.png": 28.374860763549805,
   "00010.png": 31.956588745117188,
   "00034.png": 28.2080078125,
   "00025.png": 31.151138305664062,
   "00015.png": 31.088871002197266,
   "00024.png": 30.105955123901367,
   "00026.png": 32.85068130493164
  },
  "LPIPS": {
   "00014.png": 0.11679761111736298,
   "00030.png": 0.13010767102241516,
   "00020.png": 0.10823728889226913,
   "00018.png": 0.1382465660572052,
   "00019.png": 0.12891227006912231,
   "00001.png": 0.12409716099500656,
   "00029.png": 0.1304904818534851,
   "00028.png": 0.09149517118930817,
   "00004.png": 0.1113029196858406,
   "00002.png": 0.10580337792634964,
   "00008.png": 0.15492966771125793,
   "00007.png": 0.09664216637611389,
   "00023.png": 0.13638974726200104,
   "00012.png": 0.1269516944885254,
   "00021.png": 0.13610824942588806,
   "00005.png": 0.12375718355178833,
   "00013.png": 0.13450142741203308,
   "00022.png": 0.11194154620170593,
   "00011.png": 0.14748823642730713,
   "00032.png": 0.1364363431930542,
   "00009.png": 0.14344364404678345,
   "00033.png": 0.1656961739063263,
   "00027.png": 0.2718261182308197,
   "00016.png": 0.12176947295665741,
   "00003.png": 0.10041683912277222,
   "00000.png": 0.15274237096309662,
   "00031.png": 0.15260490775108337,
   "00017.png": 0.14532840251922607,
   "00006.png": 0.2303883135318756,
   "00010.png": 0.1299377977848053,
   "00034.png": 0.28713640570640564,
   "00025.png": 0.10620556026697159,
   "00015.png": 0.13053828477859497,
   "00024.png": 0.11419442296028137,
   "00026.png": 0.11292695254087448
  }
 }
}