{
 "ours_30000": {
  "SSIM": 0.9290767312049866,
  "PSNR": 32.009944915771484,
  "LPIPS": 0.12295027077198029
 },
 "ours_7000": {
  "SSIM": 0.9194809198379517,
  "PSNR": 30.656888961791992,
  "LPIPS": 0.13873693346977234
 }
}