{
 "ours_30000": {
  "SSIM": {
   "00014.png": 0.9429270625114441,
   "00030.png": 0.8846853375434875,
   "00020.png": 0.932490348815918,
   "00018.png": 0.9215791821479797,
   "00019.png": 0.9405655264854431,
   "00001.png": 0.9040440917015076,
   "00029.png": 0.9234408140182495,
   "00028.png": 0.9257577061653137,
   "00004.png": 0.9507286548614502,
   "00002.png": 0.9029802680015564,
   "00008.png": 0.9348432421684265,
   "00007.png": 0.9629011750221252,
   "00023.png": 0.9056378602981567,
   "00012.png": 0.944969117641449,
   "00021.png": 0.8661973476409912,
   "00005.png": 0.9363667964935303,
   "00013.png": 0.930377721786499,
   "00022.png": 0.9331228137016296,
   "00011.png": 0.9445168375968933,
   "00032.png": 0.9292333126068115,
   "00009.png": 0.9459134340286255,
   "00033.png": 0.9368377327919006,
   "00027.png": 0.9074239134788513,
   "00016.png": 0.9242540597915649,
   "00003.png": 0.9292547702789307,
   "00000.png": 0.9042141437530518,
   "00035.png": 0.9569448232650757,
   "00031.png": 0.848675012588501,
   "00017.png": 0.9491918683052063,
   "00006.png": 0.9190807938575745,
   "00010.png": 0.9337342977523804,
   "00034.png": 0.9331766366958618,
   "00025.png": 0.924385666847229,
   "00015.png": 0.8884038925170898,
   "00024.png": 0.9207618236541748,
   "00036.png": 0.8668847680091858,
   "00026.png": 0.9319010972976685,
   "00038.png": 0.8936910033226013,
   "00037.png": 0.9383525252342224
  },
  "PSNR": {
   "00014.png": 31.515640258789062,
   "00030.png": 31.69154930114746,
   "00020.png": 32.99333190917969,
   "00018.png": 33.44017028808594,
   "00019.png": 31.65968132019043,
   "00001.png": 33.971656799316406,
   "00029.png": 29.98102569580078,
   "00028.png": 32.25204086303711,
   "00004.png": 34.32402038574219,
   "00002.png": 34.713340759277344,
   "00008.png": 32.256317138671875,
   "00007.png": 35.17955780029297,
   "00023.png": 29.314739227294922,
   "00012.png": 36.328956604003906,
   "00021.png": 31.104917526245117,
   "00005.png": 32.123165130615234,
   "00013.png": 33.220069885253906,
   "00022.png": 34.94560623168945,
   "00011.png": 36.66883087158203,
   "00032.png": 30.319623947143555,
   "00009.png": 35.04365921020508,
   "00033.png": 33.22454833984375,
   "00027.png": 31.5636043548584,
   "00016.png": 33.85325622558594,
   "00003.png": 35.96283721923828,
   "00000.png": 32.868247985839844,
   "00035.png": 30.164093017578125,
   "00031.png": 32.44697952270508,
   "00017.png": 35.253456115722656,
   "00006.png": 33.92352294921875,
   "00010.png": 34.24363327026367,
   "00034.png": 23.966720581054688,
   "00025.png": 32.730045318603516,
   "00015.png": 33.75300598144531,
   "00024.png": 31.948970794677734,
   "00036.png": 22.216184616088867,
   "00026.png": 30.477781295776367,
   "00038.png": 31.568944931030273,
   "00037.png": 36.025569915771484
  },
  "LPIPS": {
   "00014.png": 0.16461323201656342,
   "00030.png": 0.2968866229057312,
   "00020.png": 0.16841641068458557,
   "00018.png": 0.24207353591918945,
   "00019.png": 0.16200456023216248,
   "00001.png": 0.18739819526672363,
   "00029.png": 0.2244029939174652,
   "00028.png": 0.2099250704050064,
   "00004.png": 0.18302446603775024,
   "00002.png": 0.19951030611991882,
   "00008.png": 0.18469677865505219,
   "00007.png": 0.1503470093011856,
   "00023.png": 0.1839011311531067,
   "00012.png": 0.1665036380290985,
   "00021.png": 0.30890971422195435,
   "00005.png": 0.17428964376449585,
   "00013.png": 0.17978353798389435,
   "00022.png": 0.14790010452270508,
   "00011.png": 0.16845473647117615,
   "00032.png": 0.18410930037498474,
   "00009.png": 0.16597244143486023,
   "00033.png": 0.20839965343475342,
   "00027.png": 0.2489570826292038,
   "00016.png": 0.2024344503879547,
   "00003.png": 0.1826103925704956,
   "00000.png": 0.19097255170345306,
   "00035.png": 0.24535802006721497,
   "00031.png": 0.3020056188106537,
   "00017.png": 0.15845587849617004,
   "00006.png": 0.1938616782426834,
   "00010.png": 0.1798572689294815,
   "00034.png": 0.28954780101776123,
   "00025.png": 0.2144833505153656,
   "00015.png": 0.23535221815109253,
   "00024.png": 0.24363236129283905,
   "00036.png": 0.36861398816108704,
   "00026.png": 0.18241071701049805,
   "00038.png": 0.29247021675109863,
   "00037.png": 0.26352372765541077
  }
 },
 "ours_7000": {
  "SSIM": {
   "00014.png": 0.9416042566299438,
   "00030.png": 0.8880200386047363,
   "00020.png": 0.9244751334190369,
   "00018.png": 0.9198607206344604,
   "00019.png": 0.9364408254623413,
   "00001.png": 0.8918060660362244,
   "00029.png": 0.9191557765007019,
   "00028.png": 0.9135270118713379,
   "00004.png": 0.9478866457939148,
   "00002.png": 0.8856629133224487,
   "00008.png": 0.9281251430511475,
   "00007.png": 0.9584833383560181,
   "00023.png": 0.8945422768592834,
   "00012.png": 0.9405401349067688,
   "00021.png": 0.8687366843223572,
   "00005.png": 0.9297938346862793,
   "00013.png": 0.9205136299133301,
   "00022.png": 0.9245288968086243,
   "00011.png": 0.9397066831588745,
   "00032.png": 0.9314684867858887,
   "00009.png": 0.9430627822875977,
   "00033.png": 0.9302922487258911,
   "00027.png": 0.9084314107894897,
   "00016.png": 0.9195170998573303,
   "00003.png": 0.9202804565429688,
   "00000.png": 0.883057177066803,
   "00035.png": 0.9545303583145142,
   "00031.png": 0.8391427993774414,
   "00017.png": 0.9460694789886475,
   "00006.png": 0.9112265110015869,
   "00010.png": 0.9247806072235107,
   "00034.png": 0.9398983716964722,
   "00025.png": 0.9217178225517273,
   "00015.png": 0.873132586479187,
   "00024.png": 0.9194589853286743,
   "00036.png": 0.8734877109527588,
   "00026.png": 0.9393104910850525,
   "00038.png": 0.8877336978912354,
   "00037.png": 0.9377536177635193
  },
  "PSNR": {
   "00014.png": 31.629812240600586,
   "00030.png": 31.414525985717773,
   "00020.png": 32.004905700683594,
   "00018.png": 33.263763427734375,
   "00019.png": 30.769197463989258,
   "00001.png": 33.39006805419922,
   "00029.png": 29.628217697143555,
   "00028.png": 30.79283905029297,
   "00004.png": 33.78055953979492,
   "00002.png": 33.28940963745117,
   "00008.png": 31.555644989013672,
   "00007.png": 34.639617919921875,
   "00023.png": 28.083778381347656,
   "00012.png": 35.30752182006836,
   "00021.png": 30.617130279541016,
   "00005.png": 31.322710037231445,
   "00013.png": 32.84866714477539,
   "00022.png": 34.064491271972656,
   "00011.png": 35.901084899902344,
   "00032.png": 29.578563690185547,
   "00009.png": 34.19770812988281,
   "00033.png": 31.916473388671875,
   "00027.png": 31.87480926513672,
   "00016.png": 32.57524108886719,
   "00003.png": 35.104225158691406,
   "00000.png": 30.814828872680664,
   "00035.png": 27.58481788635254,
   "00031.png": 32.36564254760742,
   "00017.png": 34.791236877441406,
   "00006.png": 33.4366569519043,
   "00010.png": 33.80778503417969,
   "00034.png": 22.99563217163086,
   "00025.png": 32.39398956298828,
   "00015.png": 32.74034118652344,
   "00024.png": 31.75937271118164,
   "00036.png": 24.05978012084961,
   "00026.png": 31.924612045288086,
   "00038.png": 31.277137756347656,
   "00037.png": 35.062538146972656
  },
  "LPIPS": {
   "00014.png": 0.16902728378772736,
   "00030.png": 0.31125518679618835,
   "00020.png": 0.18818341195583344,
   "00018.png": 0.25466692447662354,
   "00019.png": 0.17761629819869995,
   "00001.png": 0.21117375791072845,
   "00029.png": 0.2392459213733673,
   "00028.png": 0.23426154255867004,
   "00004.png": 0.19280380010604858,
   "00002.png": 0.22951970994472504,
   "00008.png": 0.19802910089492798,
   "00007.png": 0.16361960768699646,
   "00023.png": 0.20672939717769623,
   "00012.png": 0.18006210029125214,
   "00021.png": 0.312700092792511,
   "00005.png": 0.19436177611351013,
   "00013.png": 0.19753888249397278,
   "00022.png": 0.17115789651870728,
   "00011.png": 0.18410302698612213,
   "00032.png": 0.18821077048778534,
   "00009.png": 0.17516019940376282,
   "00033.png": 0.22140417993068695,
   "00027.png": 0.2659066617488861,