{
 "ours_30000": {
  "SSIM": 0.9223191738128662,
  "PSNR": 32.54459762573242,
  "LPIPS": 0.21169410645961761
 },
 "ours_7000": {
  "SSIM": 0.9173784255981445,
  "PSNR": 31.911930084228516,
  "LPIPS": 0.22690288722515106
 }
}