{
 "ours_30000": {
  "SSIM": {
   "00014.png": 0.7276877164840698,
   "00020.png": 0.7170625329017639,
   "00018.png": 0.6986350417137146,
   "00019.png": 0.7123782634735107,
   "00001.png": 0.6382438540458679,
   "00004.png": 0.6493930220603943,
   "00002.png": 0.7333092093467712,
   "00008.png": 0.7326398491859436,
   "00007.png": 0.7769966721534729,
   "00023.png": 0.7522433996200562,
   "00012.png": 0.7184227705001831,
   "00021.png": 0.6758009791374207,
   "00005.png": 0.701213538646698,
   "00013.png": 0.721813976764679,
   "00022.png": 0.6822409629821777,
   "00011.png": 0.7424911856651306,
   "00009.png": 0.7213520407676697,
   "00016.png": 0.7023388743400574,
   "00003.png": 0.6800044178962708,
   "00000.png": 0.686805784702301,
   "00017.png": 0.73282390832901,
   "00006.png": 0.749715268611908,
   "00010.png": 0.722396731376648,
   "00015.png": 0.6808100938796997
  },
  "PSNR": {
   "00014.png": 26.600454330444336,
   "00020.png": 25.928028106689453,
   "00018.png": 25.155752182006836,
   "00019.png": 25.649805068969727,
   "00001.png": 21.78220558166504,
   "00004.png": 18.723947525024414,
   "00002.png": 25.65101432800293,
   "00008.png": 24.974143981933594,
   "00007.png": 26.148880004882812,
   "00023.png": 25.88150405883789,
   "00012.png": 25.279502868652344,
   "00021.png": 24.030759811401367,
   "00005.png": 24.391143798828125,
   "00013.png": 26.200469970703125,
   "00022.png": 23.446868896484375,
   "00011.png": 25.80014991760254,
   "00009.png": 24.887210845947266,
   "00016.png": 25.661937713623047,
   "00003.png": 23.243595123291016,
   "00000.png": 22.79554557800293,
   "00017.png": 26.58810806274414,
   "00006.png": 25.920488357543945,
   "00010.png": 23.884307861328125,
   "00015.png": 24.255775451660156
  },
  "LPIPS": {
   "00014.png": 0.33400171995162964,
   "00020.png": 0.33355623483657837,
   "00018.png": 0.3577050566673279,
   "00019.png": 0.34909874200820923,
   "00001.png": 0.3386324644088745,
   "00004.png": 0.33569908142089844,
   "00002.png": 0.28720515966415405,
   "00008.png": 0.3023875951766968,
   "00007.png": 0.28440746665000916,
   "00023.png": 0.307156503200531,
   "00012.png": 0.32846739888191223,
   "00021.png": 0.3496696949005127,
   "00005.png": 0.3229794204235077,
   "00013.png": 0.3218168020248413,
   "00022.png": 0.34452974796295166,
   "00011.png": 0.3139858841896057,
   "00009.png": 0.30991238355636597,
   "00016.png": 0.33977359533309937,
   "00003.png": 0.31242942810058594,
   "00000.png": 0.32763510942459106,
   "00017.png": 0.32364344596862793,
   "00006.png": 0.30821508169174194,
   "00010.png": 0.3280293941497803,
   "00015.png": 0.3301626443862915
  }
 },
 "ours_7000": {
  "SSIM": {
   "00014.png": 0.49572500586509705,
   "00020.png": 0.4734642803668976,
   "00018.png": 0.4613017737865448,
   "00019.png": 0.4587952792644501,
   "00001.png": 0.4023066759109497,
   "00004.png": 0.38844528794288635,
   "00002.png": 0.48188820481300354,
   "00008.png": 0.4994718134403229,
   "00007.png": 0.5278995633125305,
   "00023.png": 0.4951906204223633,
   "00012.png": 0.48202940821647644,
   "00021.png": 0.477912962436676,
   "00005.png": 0.44989433884620667,
   "00013.png": 0.47187891602516174,
   "00022.png": 0.43982067704200745,
   "00011.png": 0.49762362241744995,
   "00009.png": 0.47266820073127747,
   "00016.png": 0.4658938944339752,
   "00003.png": 0.42898261547088623,
   "00000.png": 0.420352578163147,
   "00017.png": 0.4830331802368164,
   "00006.png": 0.5110230445861816,
   "00010.png": 0.4882054924964905,
   "00015.png": 0.4548758566379547
  },
  "PSNR": {
   "00014.png": 22.36579132080078,
   "00020.png": 22.8211669921875,
   "00018.png": 21.76488494873047,
   "00019.png": 21.189851760864258,
   "00001.png": 17.386085510253906,
   "00004.png": 14.063133239746094,
   "00002.png": 19.90074348449707,
   "00008.png": 21.167905807495117,
   "00007.png": 21.064659118652344,
   "00023.png": 21.934322357177734,
   "00012.png": 21.312728881835938,
   "00021.png": 21.989791870117188,
   "00005.png": 19.97153663635254,
   "00013.png": 22.059856414794922,
   "00022.png": 20.461538314819336,
   "00011.png": 20.9244327545166,
   "00009.png": 21.32631492614746,
   "00016.png": 22.095020294189453,
   "00003.png": 19.154125213623047,
   "00000.png": 18.408668518066406,
   "00017.png": 21.998905181884766,
   "00006.png": 21.30750846862793,
   "00010.png": 20.811769485473633,
   "00015.png": 20.781383514404297
  },
  "LPIPS": {
   "00014.png": 0.5409950017929077,
   "00020.png": 0.5386146903038025,
   "00018.png": 0.5588421821594238,
   "00019.png": 0.5596340894699097,
   "00001.png": 0.5868897438049316,
   "00004.png": 0.5788320899009705,
   "00002.png": 0.5422303080558777,
   "00008.png": 0.5238465070724487,
   "00007.png": 0.5115150213241577,
   "00023.png": 0.5237452983856201,
   "00012.png": 0.5424423217773438,
   "00021.png": 0.5433508157730103,
   "00005.png": 0.5587737560272217,
   "00013.png": 0.5447316765785217,
   "00022.png": 0.5604939460754395,
   "00011.png": 0.5360658764839172,
   "00009.png": 0.5353459119796753,
   "00016.png": 0.5475217700004578,
   "00003.png": 0.5519952774047852,
   "00000.png": 0.5656713247299194,
   "00017.png": 0.5388600826263428,
   "00006.png": 0.5321789383888245,
   "00010.png": 0.546170711517334,
   "00015.png": 0.551247775554657
  }
 }
}