{
 "ours_30000": {
  "SSIM": 0.7107008099555969,
  "PSNR": 24.703399658203125,
  "LPIPS": 0.32462915778160095
 },
 "ours_7000": {
  "SSIM": 0.46786177158355713,
  "PSNR": 20.677587509155273,
  "LPIPS": 0.5466664433479309
 }
}