{
 "ours_30000": {
  "SSIM": {
   "00014.png": 0.941983699798584,
   "00030.png": 0.8854182958602905,
   "00020.png": 0.9324219226837158,
   "00018.png": 0.9212788939476013,
   "00019.png": 0.9407115578651428,
   "00001.png": 0.9037566781044006,
   "00029.png": 0.924142062664032,
   "00028.png": 0.9233952164649963,
   "00004.png": 0.9502068161964417,
   "00002.png": 0.9035555124282837,
   "00008.png": 0.9327346086502075,
   "00007.png": 0.962286651134491,
   "00023.png": 0.9043771028518677,
   "00012.png": 0.9442655444145203,
   "00021.png": 0.8660932779312134,
   "00005.png": 0.9368327260017395,
   "00013.png": 0.9288629293441772,
   "00022.png": 0.932985246181488,
   "00011.png": 0.9461015462875366,
   "00032.png": 0.9288742542266846,
   "00009.png": 0.9458908438682556,
   "00033.png": 0.9375909566879272,
   "00027.png": 0.9085749983787537,
   "00016.png": 0.9246280193328857,
   "00003.png": 0.9293864965438843,
   "00000.png": 0.8915919661521912,
   "00035.png": 0.9563605189323425,
   "00031.png": 0.8490808010101318,
   "00017.png": 0.9490216374397278,
   "00006.png": 0.9193030595779419,
   "00010.png": 0.933887243270874,
   "00034.png": 0.9370057582855225,
   "00025.png": 0.9245913028717041,
   "00015.png": 0.8876242637634277,
   "00024.png": 0.9220123291015625,
   "00036.png": 0.8732710480690002,
   "00026.png": 0.9342188239097595,
   "00038.png": 0.8940028548240662,
   "00037.png": 0.9392802715301514
  },
  "PSNR": {
   "00014.png": 32.17476272583008,
   "00030.png": 31.85559844970703,
   "00020.png": 33.075191497802734,
   "00018.png": 33.555233001708984,
   "00019.png": 31.453285217285156,
   "00001.png": 33.754798889160156,
   "00029.png": 30.32628631591797,
   "00028.png": 32.01137924194336,
   "00004.png": 34.50846481323242,
   "00002.png": 34.55071258544922,
   "00008.png": 32.190670013427734,
   "00007.png": 35.438907623291016,
   "00023.png": 29.041664123535156,
   "00012.png": 36.255889892578125,
   "00021.png": 30.950313568115234,
   "00005.png": 31.945106506347656,
   "00013.png": 33.411685943603516,
   "00022.png": 34.515052795410156,
   "00011.png": 36.791664123535156,
   "00032.png": 30.50747299194336,
   "00009.png": 35.1077995300293,
   "00033.png": 32.87162780761719,
   "00027.png": 31.809200286865234,
   "00016.png": 34.139034271240234,
   "00003.png": 35.555824279785156,
   "00000.png": 31.838987350463867,
   "00035.png": 30.318038940429688,
   "00031.png": 32.39366149902344,
   "00017.png": 35.24077606201172,
   "00006.png": 33.706939697265625,
   "00010.png": 34.03971862792969,
   "00034.png": 26.0186767578125,
   "00025.png": 32.740394592285156,
   "00015.png": 33.57533264160156,
   "00024.png": 32.40454864501953,
   "00036.png": 22.829471588134766,
   "00026.png": 30.885498046875,
   "00038.png": 31.838329315185547,
   "00037.png": 36.22653579711914
  },
  "LPIPS": {
   "00014.png": 0.16536009311676025,
   "00030.png": 0.29593777656555176,
   "00020.png": 0.169241264462471,
   "00018.png": 0.24304692447185516,
   "00019.png": 0.1642168164253235,
   "00001.png": 0.18819144368171692,
   "00029.png": 0.22525960206985474,
   "00028.png": 0.21285322308540344,
   "00004.png": 0.1842699944972992,
   "00002.png": 0.19875116646289825,
   "00008.png": 0.1866714507341385,
   "00007.png": 0.15197932720184326,
   "00023.png": 0.18686847388744354,
   "00012.png": 0.16858132183551788,
   "00021.png": 0.30955827236175537,
   "00005.png": 0.1756986826658249,
   "00013.png": 0.18210595846176147,
   "00022.png": 0.14783945679664612,
   "00011.png": 0.16932211816310883,
   "00032.png": 0.18497112393379211,
   "00009.png": 0.1657368242740631,
   "00033.png": 0.20805507898330688,
   "00027.png": 0.24861162900924683,
   "00016.png": 0.20243705809116364,
   "00003.png": 0.18249784409999847,
   "00000.png": 0.19356924295425415,
   "00035.png": 0.2469959855079651,
   "00031.png": 0.3017807900905609,
   "00017.png": 0.1589549332857132,
   "00006.png": 0.19389283657073975,
   "00010.png": 0.18027958273887634,
   "00034.png": 0.28512024879455566,
   "00025.png": 0.21494582295417786,
   "00015.png": 0.23677529394626617,
   "00024.png": 0.2417372167110443,
   "00036.png": 0.36514776945114136,
   "00026.png": 0.1834927797317505,
   "00038.png": 0.290724515914917,
   "00037.png": 0.2619876265525818
  }
 },
 "ours_7000": {
  "SSIM": {
   "00014.png": 0.9374988675117493,
   "00030.png": 0.8859566450119019,
   "00020.png": 0.922258198261261,
   "00018.png": 0.9184026718139648,
   "00019.png": 0.9342517852783203,
   "00001.png": 0.8895869255065918,
   "00029.png": 0.9132593274116516,
   "00028.png": 0.9071052670478821,
   "00004.png": 0.9477530121803284,
   "00002.png": 0.884796679019928,
   "00008.png": 0.9240418076515198,
   "00007.png": 0.9567904472351074,
   "00023.png": 0.8898155689239502,
   "00012.png": 0.9396754503250122,
   "00021.png": 0.8707818388938904,
   "00005.png": 0.9233894348144531,
   "00013.png": 0.91472327709198,
   "00022.png": 0.9218904376029968,
   "00011.png": 0.9378235340118408,
   "00032.png": 0.9290330410003662,
   "00009.png": 0.9422942996025085,
   "00033.png": 0.9248418807983398,
   "00027.png": 0.9078570008277893,
   "00016.png": 0.9166961312294006,
   "00003.png": 0.9175924062728882,
   "00000.png": 0.8770831823348999,
   "00035.png": 0.9586710929870605,
   "00031.png": 0.8344905376434326,
   "00017.png": 0.9446632862091064,
   "00006.png": 0.9084151387214661,
   "00010.png": 0.9232059121131897,
   "00034.png": 0.9471248388290405,
   "00025.png": 0.9223105907440186,
   "00015.png": 0.8664126396179199,
   "00024.png": 0.9185361862182617,
   "00036.png": 0.873548686504364,
   "00026.png": 0.9384111166000366,
   "00038.png": 0.8899691104888916,
   "00037.png": 0.9394133687019348
  },
  "PSNR": {
   "00014.png": 31.18334197998047,
   "00030.png": 30.936670303344727,
   "00020.png": 31.84453773498535,
   "00018.png": 32.53131103515625,
   "00019.png": 30.32394027709961,
   "00001.png": 33.356544494628906,
   "00029.png": 28.96491241455078,
   "00028.png": 30.04720687866211,
   "00004.png": 33.856937408447266,
   "00002.png": 33.29276657104492,
   "00008.png": 30.936620712280273,
   "00007.png": 34.32796096801758,
   "00023.png": 27.69698143005371,
   "00012.png": 34.92987823486328,
   "00021.png": 30.572568893432617,
   "00005.png": 29.988601684570312,
   "00013.png": 32.2034912109375,
   "00022.png": 33.713077545166016,
   "00011.png": 35.917991638183594,
   "00032.png": 29.773693084716797,
   "00009.png": 33.85084915161133,
   "00033.png": 30.938608169555664,
   "00027.png": 31.733999252319336,
   "00016.png": 32.62495040893555,
   "00003.png": 35.082763671875,
   "00000.png": 30.245319366455078,
   "00035.png": 30.983959197998047,
   "00031.png": 32.19428253173828,
   "00017.png": 34.65937423706055,
   "00006.png": 33.1812858581543,
   "00010.png": 33.826072692871094,
   "00034.png": 26.56500816345215,
   "00025.png": 31.788326263427734,
   "00015.png": 32.32194900512695,
   "00024.png": 31.404193878173828,
   "00036.png": 23.08746337890625,
   "00026.png": 31.807443618774414,
   "00038.png": 30.54044532775879,
   "00037.png": 34.65127182006836
  },
  "LPIPS": {
   "00014.png": 0.17127718031406403,
   "00030.png": 0.3125534653663635,
   "00020.png": 0.19108222424983978,
   "00018.png": 0.25583645701408386,
   "00019.png": 0.18113400042057037,
   "00001.png": 0.21461381018161774,
   "00029.png": 0.24786034226417542,
   "00028.png": 0.24430887401103973,
   "00004.png": 0.19349105656147003,
   "00002.png": 0.22988176345825195,
   "00008.png": 0.20385482907295227,
   "00007.png": 0.16583849489688873,
   "00023.png": 0.21397477388381958,
   "00012.png": 0.17998965084552765,
   "00021.png": 0.3123263418674469,
   "00005.png": 0.19782353937625885,
   "00013.png": 0.2056618481874466,
   "00022.png": 0.1766580045223236,
   "00011.png": 0.1865895390510559,
   "00032.png": 0.19072620570659637,
   "00009.png": 0.17733091115951538,
   "00033.png": 0.22731006145477295,
   "00027.png": 0.26530635356903076,