{
 "ours_30000": {
  "SSIM": 0.9222463965415955,
  "PSNR": 32.61165237426758,
  "LPIPS": 0.21214020252227783
 },
 "ours_7000": {
  "SSIM": 0.915394127368927,
  "PSNR": 31.740684509277344,
  "LPIPS": 0.22993099689483643
 }
}