{
 "ours_30000": {
  "SSIM": {
   "00014.png": 0.9434885382652283,
   "00030.png": 0.940169095993042,
   "00020.png": 0.9425550699234009,
   "00018.png": 0.9171393513679504,
   "00019.png": 0.9403955340385437,
   "00001.png": 0.9323146343231201,
   "00029.png": 0.9239252209663391,
   "00028.png": 0.9543299078941345,
   "00004.png": 0.9440288543701172,
   "00002.png": 0.9479429721832275,
   "00008.png": 0.9174053072929382,
   "00007.png": 0.943331778049469,
   "00023.png": 0.9408546090126038,
   "00012.png": 0.9409654140472412,
   "00021.png": 0.9390134811401367,
   "00005.png": 0.9343411922454834,
   "00013.png": 0.9551432728767395,
   "00022.png": 0.9472631812095642,
   "00011.png": 0.9056993722915649,
   "00032.png": 0.9581373333930969,
   "00009.png": 0.9287314414978027,
   "00033.png": 0.9210421442985535,
   "00027.png": 0.7605555057525635,
   "00016.png": 0.9439709782600403,
   "00003.png": 0.9509626626968384,
   "00000.png": 0.8983616232872009,
   "00031.png": 0.9417898654937744,
   "00017.png": 0.936917245388031,
   "00006.png": 0.8335825204849243,
   "00010.png": 0.953125,
   "00034.png": 0.7565649747848511,
   "00025.png": 0.9477789402008057,
   "00015.png": 0.9468409419059753,
   "00024.png": 0.9504721164703369,
   "00026.png": 0.9439057111740112
  },
  "PSNR": {
   "00014.png": 31.167789459228516,
   "00030.png": 33.03928756713867,
   "00020.png": 33.052650451660156,
   "00018.png": 30.05901336669922,
   "00019.png": 30.17612648010254,
   "00001.png": 27.839542388916016,
   "00029.png": 32.13102722167969,
   "00028.png": 33.904823303222656,
   "00004.png": 29.624738693237305,
   "00002.png": 29.462474822998047,
   "00008.png": 30.2744140625,
   "00007.png": 30.461904525756836,
   "00023.png": 33.559051513671875,
   "00012.png": 30.692663192749023,
   "00021.png": 33.0055046081543,
   "00005.png": 28.875959396362305,
   "00013.png": 33.46300506591797,
   "00022.png": 33.611942291259766,
   "00011.png": 31.318857192993164,
   "00032.png": 34.999053955078125,
   "00009.png": 31.385086059570312,
   "00033.png": 30.26065444946289,
   "00027.png": 27.35112762451172,
   "00016.png": 32.35713577270508,
   "00003.png": 30.196216583251953,
   "00000.png": 25.682376861572266,
   "00031.png": 32.14938735961914,
   "00017.png": 32.818321228027344,
   "00006.png": 28.855667114257812,
   "00010.png": 33.02662658691406,
   "00034.png": 27.888994216918945,
   "00025.png": 32.59895706176758,
   "00015.png": 31.02163314819336,
   "00024.png": 32.1374397277832,
   "00026.png": 32.9401741027832
  },
  "LPIPS": {
   "00014.png": 0.10032979398965836,
   "00030.png": 0.12155574560165405,
   "00020.png": 0.09853136539459229,
   "00018.png": 0.12364231050014496,
   "00019.png": 0.11314134299755096,
   "00001.png": 0.10778795182704926,
   "00029.png": 0.12606281042099,
   "00028.png": 0.06995390355587006,
   "00004.png": 0.0944904237985611,
   "00002.png": 0.09898442029953003,
   "00008.png": 0.14834266901016235,
   "00007.png": 0.08996941149234772,
   "00023.png": 0.13069254159927368,
   "00012.png": 0.11104759573936462,
   "00021.png": 0.1161687821149826,
   "00005.png": 0.11314232647418976,
   "00013.png": 0.12496855854988098,
   "00022.png": 0.096872478723526,
   "00011.png": 0.15078392624855042,
   "00032.png": 0.12300676852464676,
   "00009.png": 0.13731533288955688,
   "00033.png": 0.16617214679718018,
   "00027.png": 0.27543026208877563,
   "00016.png": 0.10068684816360474,
   "00003.png": 0.08496157824993134,
   "00000.png": 0.14454856514930725,
   "00031.png": 0.1425175964832306,
   "00017.png": 0.12699183821678162,
   "00006.png": 0.22113382816314697,
   "00010.png": 0.12485204637050629,
   "00034.png": 0.29146745800971985,
   "00025.png": 0.08369682729244232,
   "00015.png": 0.1168292909860611,
   "00024.png": 0.08897098898887634,
   "00026.png": 0.10590089857578278
  }
 },
 "ours_7000": {
  "SSIM": {
   "00014.png": 0.9175133109092712,
   "00030.png": 0.9177916049957275,
   "00020.png": 0.9133936166763306,
   "00018.png": 0.8854488134384155,
   "00019.png": 0.9124689102172852,
   "00001.png": 0.8951330184936523,
   "00029.png": 0.9104394912719727,
   "00028.png": 0.9195871353149414,
   "00004.png": 0.9200224280357361,
   "00002.png": 0.925518810749054,
   "00008.png": 0.8995423913002014,
   "00007.png": 0.9246006011962891,
   "00023.png": 0.9164842367172241,
   "00012.png": 0.8960239291191101,
   "00021.png": 0.8972561359405518,
   "00005.png": 0.9182837605476379,
   "00013.png": 0.9403811097145081,
   "00022.png": 0.9257077574729919,
   "00011.png": 0.9066506028175354,
   "00032.png": 0.9442366361618042,
   "00009.png": 0.9073486328125,
   "00033.png": 0.9161044359207153,
   "00027.png": 0.7725545763969421,
   "00016.png": 0.9229658246040344,
   "00003.png": 0.9255821108818054,
   "00000.png": 0.8587151765823364,
   "00031.png": 0.9247814416885376,
   "00017.png": 0.9149047136306763,
   "00006.png": 0.8038620948791504,
   "00010.png": 0.9357019066810608,
   "00034.png": 0.7572347521781921,
   "00025.png": 0.9143526554107666,
   "00015.png": 0.9201737642288208,
   "00024.png": 0.9074578881263733,
   "00026.png": 0.9314213395118713
  },
  "PSNR": {
   "00014.png": 28.513221740722656,
   "00030.png": 30.941343307495117,
   "00020.png": 30.84100914001465,
   "00018.png": 28.068151473999023,
   "00019.png": 27.87274169921875,
   "00001.png": 24.88317108154297,
   "00029.png": 29.57156753540039,
   "00028.png": 29.716720581054688,
   "00004.png": 26.748516082763672,
   "00002.png": 27.41694450378418,
   "00008.png": 28.323280334472656,
   "00007.png": 27.94771385192871,
   "00023.png": 31.837810516357422,
   "00012.png": 27.448307037353516,
   "00021.png": 29.54024887084961,
   "00005.png": 26.909042358398438,
   "00013.png": 31.029693603515625,
   "00022.png": 32.18473434448242,
   "00011.png": 28.804901123046875,
   "00032.png": 33.38101577758789,
   "00009.png": 29.86788558959961,
   "00033.png": 29.617977142333984,
   "00027.png": 27.124679565429688,
   "00016.png": 29.983562469482422,
   "00003.png": 27.75935173034668,
   "00000.png": 23.726999282836914,
   "00031.png": 30.408117294311523,
   "00017.png": 29.001773834228516,
   "00006.png": 27.3542423248291,
   "00010.png": 30.26610565185547,
   "00034.png": 27.25320053100586,
   "00025.png": 29.46355438232422,
   "00015.png": 28.199504852294922,
   "00024.png": 28.748836517333984,
   "00026.png": 31.59314727783203
  },
  "LPIPS": {
   "00014.png": 0.13706962764263153,
   "00030.png": 0.15346066653728485,
   "00020.png": 0.1347476989030838,
   "00018.png": 0.17069707810878754,
   "00019.png": 0.14544174075126648,
   "00001.png": 0.16021040081977844,
   "00029.png": 0.1513349413871765,
   "00028.png": 0.11397655308246613,
   "00004.png": 0.1342276930809021,
   "00002.png": 0.12377180904150009,
   "00008.png": 0.1709301769733429,
   "00007.png": 0.11471673846244812,
   "00023.png": 0.1505102813243866,
   "00012.png": 0.16047275066375732,
   "00021.png": 0.16927304863929749,
   "00005.png": 0.14448779821395874,
   "00013.png": 0.1486797332763672,
   "00022.png": 0.1267225742340088,
   "00011.png": 0.1611337810754776,
   "00032.png": 0.15302437543869019,
   "00009.png": 0.1626061499118805,
   "00033.png": 0.1778060495853424,
   "00027.png": 0.28025078773498535,
   "00016.png": 0.1365559697151184,
   "00003.png": 0.12452150136232376,
   "00000.png": 0.1972239911556244,
   "00031.png": 0.17099213600158691,
   "00017.png": 0.15682056546211243,
   "00006.png": 0.23858124017715454,
   "00010.png": 0.14670869708061218,
   "00034.png": 0.3027206063270569,
   "00025.png": 0.1273864209651947,
   "00015.png": 0.16385610401630402,
   "00024.png": 0.13920964300632477,
   "00026.png": 0.12778568267822266
  }
 }
}