{
 "ours_30000": {
  "SSIM": 0.9252299666404724,
  "PSNR": 31.18256187438965,
  "LPIPS": 0.12774144113063812
 },
 "ours_7000": {
  "SSIM": 0.9028469920158386,
  "PSNR": 28.92426109313965,
  "LPIPS": 0.15936899185180664
 }
}