{
 "ours_30000": {
  "SSIM": {
   "00014.png": 0.8924843668937683,
   "00020.png": 0.8930573463439941,
   "00018.png": 0.8951256275177002,
   "00019.png": 0.9103671312332153,
   "00001.png": 0.7629575133323669,
   "00004.png": 0.7775006890296936,
   "00002.png": 0.8559937477111816,
   "00008.png": 0.8643074631690979,
   "00007.png": 0.9078978300094604,
   "00023.png": 0.8975582122802734,
   "00012.png": 0.8555596470832825,
   "00021.png": 0.8260529041290283,
   "00005.png": 0.857092559337616,
   "00013.png": 0.8880317211151123,
   "00022.png": 0.8648158311843872,
   "00011.png": 0.8918229937553406,
   "00009.png": 0.8606815338134766,
   "00016.png": 0.84015291929245,
   "00003.png": 0.8110784888267517,
   "00000.png": 0.8315836787223816,
   "00017.png": 0.9090855121612549,
   "00006.png": 0.8998199105262756,
   "00010.png": 0.88427734375,
   "00015.png": 0.8193361163139343
  },
  "PSNR": {
   "00014.png": 30.165538787841797,
   "00020.png": 29.616756439208984,
   "00018.png": 28.49239158630371,
   "00019.png": 29.599987030029297,
   "00001.png": 22.69994354248047,
   "00004.png": 20.28447723388672,
   "00002.png": 27.928699493408203,
   "00008.png": 27.1334285736084,
   "00007.png": 29.156166076660156,
   "00023.png": 28.65499496459961,
   "00012.png": 27.297958374023438,
   "00021.png": 26.127939224243164,
   "00005.png": 26.262374877929688,
   "00013.png": 29.386714935302734,
   "00022.png": 27.548851013183594,
   "00011.png": 28.571151733398438,
   "00009.png": 27.505558013916016,
   "00016.png": 27.60240364074707,
   "00003.png": 24.870891571044922,
   "00000.png": 24.01746368408203,
   "00017.png": 30.696048736572266,
   "00006.png": 29.17478370666504,
   "00010.png": 27.093908309936523,
   "00015.png": 25.797330856323242
  },
  "LPIPS": {
   "00014.png": 0.09807964414358139,
   "00020.png": 0.09751221537590027,
   "00018.png": 0.10333812236785889,
   "00019.png": 0.10612961649894714,
   "00001.png": 0.1579829901456833,
   "00004.png": 0.1620529592037201,
   "00002.png": 0.10832057893276215,
   "00008.png": 0.1035289466381073,
   "00007.png": 0.09212440252304077,
   "00023.png": 0.09696733951568604,
   "00012.png": 0.1120872050523758,
   "00021.png": 0.1250382661819458,
   "00005.png": 0.11535441130399704,
   "00013.png": 0.09958461672067642,
   "00022.png": 0.10451586544513702,
   "00011.png": 0.1001569926738739,
   "00009.png": 0.10414248704910278,
   "00016.png": 0.10573814064264297,
   "00003.png": 0.12205524742603302,
   "00000.png": 0.12994031608104706,
   "00017.png": 0.09753511846065521,
   "00006.png": 0.09504810720682144,
   "00010.png": 0.10161814093589783,
   "00015.png": 0.11336840689182281
  }
 },
 "ours_7000": {
  "SSIM": {
   "00014.png": 0.8594384789466858,
   "00020.png": 0.8522686958312988,
   "00018.png": 0.8553756475448608,
   "00019.png": 0.8536864519119263,
   "00001.png": 0.715412437915802,
   "00004.png": 0.7418409585952759,
   "00002.png": 0.8173773884773254,
   "00008.png": 0.8141342401504517,
   "00007.png": 0.8702934980392456,
   "00023.png": 0.8607829213142395,
   "00012.png": 0.8082292675971985,
   "00021.png": 0.7907195687294006,
   "00005.png": 0.821685254573822,
   "00013.png": 0.8434900045394897,
   "00022.png": 0.8098438382148743,
   "00011.png": 0.8477628827095032,
   "00009.png": 0.8227189183235168,
   "00016.png": 0.8110386729240417,
   "00003.png": 0.7780851125717163,
   "00000.png": 0.8051795363426208,
   "00017.png": 0.8565551042556763,
   "00006.png": 0.8574622273445129,
   "00010.png": 0.8399596810340881,
   "00015.png": 0.8021904826164246
  },
  "PSNR": {
   "00014.png": 28.760149002075195,
   "00020.png": 27.99518394470215,
   "00018.png": 27.809261322021484,
   "00019.png": 27.4217586517334,
   "00001.png": 22.113311767578125,
   "00004.png": 20.098648071289062,
   "00002.png": 26.401123046875,
   "00008.png": 25.473411560058594,
   "00007.png": 27.485111236572266,
   "00023.png": 27.210390090942383,
   "00012.png": 25.950199127197266,
   "00021.png": 25.12467384338379,
   "00005.png": 25.48572540283203,
   "00013.png": 28.034631729125977,
   "00022.png": 26.08376693725586,
   "00011.png": 26.939659118652344,
   "00009.png": 26.26830291748047,
   "00016.png": 26.816917419433594,
   "00003.png": 24.114599227905273,
   "00000.png": 23.85993003845215,
   "00017.png": 28.288909912109375,
   "00006.png": 27.75667953491211,
   "00010.png": 25.188766479492188,
   "00015.png": 25.382789611816406
  },
  "LPIPS": {
   "00014.png": 0.15696510672569275,
   "00020.png": 0.15647009015083313,
   "00018.png": 0.16734546422958374,
   "00019.png": 0.1828136146068573,
   "00001.png": 0.22277012467384338,
   "00004.png": 0.20933082699775696,
   "00002.png": 0.153460294008255,
   "00008.png": 0.16114868223667145,
   "00007.png": 0.1442488729953766,
   "00023.png": 0.14718583226203918,
   "00012.png": 0.17036375403404236,
   "00021.png": 0.1819462925195694,
   "00005.png": 0.1738397479057312,
   "00013.png": 0.15342718362808228,
   "00022.png": 0.16920047998428345,
   "00011.png": 0.15942946076393127,
   "00009.png": 0.15561439096927643,
   "00016.png": 0.1686122715473175,
   "00003.png": 0.1831989586353302,
   "00000.png": 0.18123716115951538,
   "00017.png": 0.16660991311073303,
   "00006.png": 0.15076924860477448,
   "00010.png": 0.1681012511253357,
   "00015.png": 0.16882751882076263
  }
 }
}