{
 "ours_30000": {
  "SSIM": 0.8623600006103516,
  "PSNR": 27.32023811340332,
  "LPIPS": 0.11050916463136673
 },
 "ours_7000": {
  "SSIM": 0.8223137855529785,
  "PSNR": 26.085996627807617,
  "LPIPS": 0.16887153685092926
 }
}