{
 "ours_30000": {
  "SSIM": {
   "00014.png": 0.8855457901954651,
   "00030.png": 0.8887140154838562,
   "00020.png": 0.8840208649635315,
   "00018.png": 0.8254189491271973,
   "00019.png": 0.8682966828346252,
   "00001.png": 0.8513168096542358,
   "00029.png": 0.8919625282287598,
   "00028.png": 0.893363356590271,
   "00004.png": 0.8780037760734558,
   "00002.png": 0.898257851600647,
   "00008.png": 0.8708128333091736,
   "00007.png": 0.8866047859191895,
   "00023.png": 0.889674723148346,
   "00012.png": 0.8668715953826904,
   "00021.png": 0.872011661529541,
   "00005.png": 0.8671976923942566,
   "00013.png": 0.9100551605224609,
   "00022.png": 0.8967248797416687,
   "00011.png": 0.8709532618522644,
   "00032.png": 0.9191548824310303,
   "00009.png": 0.8755654096603394,
   "00033.png": 0.8948383927345276,
   "00027.png": 0.761229932308197,
   "00016.png": 0.8715238571166992,
   "00003.png": 0.8806384205818176,
   "00000.png": 0.8137398362159729,
   "00031.png": 0.8902187943458557,
   "00017.png": 0.8659403324127197,
   "00006.png": 0.7659701108932495,
   "00010.png": 0.8967525959014893,
   "00034.png": 0.7366689443588257,
   "00025.png": 0.888955295085907,
   "00015.png": 0.8657926917076111,
   "00024.png": 0.8830385804176331,
   "00026.png": 0.9099591970443726
  },
  "PSNR": {
   "00014.png": 27.011505126953125,
   "00030.png": 29.31501007080078,
   "00020.png": 29.374732971191406,
   "00018.png": 26.834514617919922,
   "00019.png": 27.536508560180664,
   "00001.png": 22.615327835083008,
   "00029.png": 28.79270362854004,
   "00028.png": 28.813474655151367,
   "00004.png": 25.01953887939453,
   "00002.png": 25.868892669677734,
   "00008.png": 25.103897094726562,
   "00007.png": 25.199607849121094,
   "00023.png": 29.92855453491211,
   "00012.png": 26.464092254638672,
   "00021.png": 28.23173713684082,
   "00005.png": 23.51880645751953,
   "00013.png": 28.87110137939453,
   "00022.png": 30.838855743408203,
   "00011.png": 27.135217666625977,
   "00032.png": 31.390554428100586,
   "00009.png": 28.629058837890625,
   "00033.png": 27.536888122558594,
   "00027.png": 26.84221076965332,
   "00016.png": 28.343280792236328,
   "00003.png": 25.606170654296875,
   "00000.png": 21.89337730407715,
   "00031.png": 27.78581428527832,
   "00017.png": 28.206703186035156,
   "00006.png": 27.142248153686523,
   "00010.png": 28.255159378051758,
   "00034.png": 26.395122528076172,
   "00025.png": 28.61375617980957,
   "00015.png": 25.647680282592773,
   "00024.png": 27.922409057617188,
   "00026.png": 29.971492767333984
  },
  "LPIPS": {
   "00014.png": 0.20352454483509064,
   "00030.png": 0.20226113498210907,
   "00020.png": 0.1985592544078827,
   "00018.png": 0.28037482500076294,
   "00019.png": 0.2531569302082062,
   "00001.png": 0.2569344639778137,
   "00029.png": 0.19310584664344788,
   "00028.png": 0.16790041327476501,
   "00004.png": 0.22781231999397278,
   "00002.png": 0.19382703304290771,
   "00008.png": 0.21719932556152344,
   "00007.png": 0.1912694275379181,
   "00023.png": 0.2088850438594818,
   "00012.png": 0.23681728541851044,
   "00021.png": 0.23708294332027435,
   "00005.png": 0.24238809943199158,
   "00013.png": 0.2067297399044037,
   "00022.png": 0.19498004019260406,
   "00011.png": 0.24444538354873657,
   "00032.png": 0.20424990355968475,
   "00009.png": 0.23642173409461975,
   "00033.png": 0.2192351222038269,
   "00027.png": 0.3070177435874939,
   "00016.png": 0.2546514570713043,
   "00003.png": 0.21442905068397522,
   "00000.png": 0.299385130405426,
   "00031.png": 0.22515404224395752,
   "00017.png": 0.2638550102710724,
   "00006.png": 0.3033688962459564,
   "00010.png": 0.2170407772064209,
   "00034.png": 0.3317098617553711,
   "00025.png": 0.18106359243392944,
   "00015.png": 0.2773640751838684,
   "00024.png": 0.18738725781440735,
   "00026.png": 0.1783285140991211
  }
 },
 "ours_7000": {
  "SSIM": {
   "00014.png": 0.36081576347351074,
   "00030.png": 0.5136770606040955,
   "00020.png": 0.49320149421691895,
   "00018.png": 0.43782687187194824,
   "00019.png": 0.4404171109199524,
   "00001.png": 0.43032968044281006,
   "00029.png": 0.5622047781944275,
   "00028.png": 0.43804189562797546,
   "00004.png": 0.4187977910041809,
   "00002.png": 0.45319268107414246,
   "00008.png": 0.4370892643928528,
   "00007.png": 0.38808825612068176,
   "00023.png": 0.517153799533844,
   "00012.png": 0.37629666924476624,
   "00021.png": 0.5106760859489441,
   "00005.png": 0.4589774012565613,
   "00013.png": 0.4765452444553375,
   "00022.png": 0.4967033565044403,
   "00011.png": 0.45102575421333313,
   "00032.png": 0.49497899413108826,
   "00009.png": 0.4330124855041504,
   "00033.png": 0.5432746410369873,
   "00027.png": 0.5581614375114441,
   "00016.png": 0.4816778600215912,
   "00003.png": 0.394976407289505,
   "00000.png": 0.46114078164100647,
   "00031.png": 0.490498811006546,
   "00017.png": 0.4584577679634094,
   "00006.png": 0.5071367621421814,
   "00010.png": 0.4360746145248413,
   "00034.png": 0.5933824777603149,
   "00025.png": 0.44009271264076233,
   "00015.png": 0.5191004276275635,
   "00024.png": 0.4400539994239807,
   "00026.png": 0.49909263849258423
  },
  "PSNR": {
   "00014.png": 11.124810218811035,
   "00030.png": 14.474014282226562,
   "00020.png": 13.53360652923584,
   "00018.png": 11.824637413024902,
   "00019.png": 11.503849029541016,
   "00001.png": 11.206192016601562,
   "00029.png": 14.834869384765625,
   "00028.png": 14.518705368041992,
   "00004.png": 10.759516716003418,
   "00002.png": 11.181268692016602,
   "00008.png": 10.25457763671875,
   "00007.png": 11.106768608093262,
   "00023.png": 14.825126647949219,
   "00012.png": 11.820037841796875,
   "00021.png": 13.105086326599121,
   "00005.png": 11.764362335205078,
   "00013.png": 12.574783325195312,
   "00022.png": 12.636662483215332,
   "00011.png": 11.030644416809082,
   "00032.png": 12.972827911376953,
   "00009.png": 12.191944122314453,
   "00033.png": 12.936738967895508,
   "00027.png": 12.37955093383789,
   "00016.png": 12.057408332824707,
   "00003.png": 10.499466896057129,
   "00000.png": 11.834650039672852,
   "00031.png": 12.554402351379395,
   "00017.png": 11.308713912963867,
   "00006.png": 9.996392250061035,
   "00010.png": 11.27229118347168,
   "00034.png": 11.988801956176758,
   "00025.png": 14.001848220825195,
   "00015.png": 11.567997932434082,
   "00024.png": 14.053167343139648,
   "00026.png": 13.261823654174805
  },
  "LPIPS": {
   "00014.png": 0.6182894706726074,
   "00030.png": 0.5496636033058167,
   "00020.png": 0.5772082805633545,
   "00018.png": 0.6519015431404114,
   "00019.png": 0.634678065776825,
   "00001.png": 0.610968291759491,
   "00029.png": 0.5467017889022827,
   "00028.png": 0.5571312308311462,
   "00004.png": 0.6016806364059448,
   "00002.png": 0.5772778987884521,
   "00008.png": 0.5813530683517456,
   "00007.png": 0.580030620098114,
   "00023.png": 0.5371609926223755,
   "00012.png": 0.6364327669143677,
   "00021.png": 0.5757673978805542,
   "00005.png": 0.6123003959655762,
   "00013.png": 0.5912450551986694,
   "00022.png": 0.5713534951210022,
   "00011.png": 0.6051894426345825,
   "00032.png": 0.5785300731658936,
   "00009.png": 0.6325165033340454,
   "00033.png": 0.5546524524688721,
   "00027.png": 0.5275395512580872,
   "00016.png": 0.6333167552947998,
   "00003.png": 0.6040465235710144,
   "00000.png": 0.6298733949661255,
   "00031.png": 0.5972210168838501,
   "00017.png": 0.6313492059707642,
   "00006.png": 0.577850341796875,
   "00010.png": 0.6040356159210205,
   "00034.png": 0.5498428344726562,
   "00025.png": 0.568737268447876,
   "00015.png": 0.6292915344238281,
   "00024.png": 0.5649505257606506,
   "00026.png": 0.5258535146713257
  }
 }
}