{
 "ours_30000": {
  "SSIM": 0.8690226674079895,
  "PSNR": 27.33302879333496,
  "LPIPS": 0.23022615909576416
 },
 "ours_7000": {
  "SSIM": 0.4689192771911621,
  "PSNR": 12.255929946899414,
  "LPIPS": 0.5893126130104065
 }
}