{
 "ours_30000": {
  "SSIM": {
   "00014.png": 0.8825024962425232,
   "00020.png": 0.9170805811882019,
   "00018.png": 0.9052517414093018,
   "00019.png": 0.910325288772583,
   "00001.png": 0.906175971031189,
   "00029.png": 0.8567600846290588,
   "00028.png": 0.9137617945671082,
   "00004.png": 0.9344071745872498,
   "00002.png": 0.9091137647628784,
   "00008.png": 0.8931434750556946,
   "00007.png": 0.9174509644508362,
   "00023.png": 0.9305449724197388,
   "00012.png": 0.8951070308685303,
   "00021.png": 0.9050459265708923,
   "00005.png": 0.9051216840744019,
   "00013.png": 0.9119818806648254,
   "00022.png": 0.9146040678024292,
   "00011.png": 0.915371835231781,
   "00009.png": 0.8898010849952698,
   "00027.png": 0.9135035872459412,
   "00016.png": 0.9230732321739197,
   "00003.png": 0.8481670618057251,
   "00000.png": 0.8772401809692383,
   "00017.png": 0.9023653864860535,
   "00006.png": 0.8978480100631714,
   "00010.png": 0.9014883041381836,
   "00025.png": 0.936366617679596,
   "00015.png": 0.9067530632019043,
   "00024.png": 0.9205890893936157,
   "00026.png": 0.9319276213645935
  },
  "PSNR": {
   "00014.png": 25.706005096435547,
   "00020.png": 30.718090057373047,
   "00018.png": 28.83779525756836,
   "00019.png": 27.31024742126465,
   "00001.png": 29.82849884033203,
   "00029.png": 25.457077026367188,
   "00028.png": 29.01860809326172,
   "00004.png": 31.344106674194336,
   "00002.png": 29.114643096923828,
   "00008.png": 29.88262939453125,
   "00007.png": 30.176610946655273,
   "00023.png": 30.664213180541992,
   "00012.png": 26.16458511352539,
   "00021.png": 29.42925262451172,
   "00005.png": 29.47557258605957,
   "00013.png": 28.918664932250977,
   "00022.png": 29.28998565673828,
   "00011.png": 30.533817291259766,
   "00009.png": 27.50667381286621,
   "00027.png": 28.42373275756836,
   "00016.png": 28.708267211914062,
   "00003.png": 26.304704666137695,
   "00000.png": 27.2828311920166,
   "00017.png": 27.114303588867188,
   "00006.png": 29.44713592529297,
   "00010.png": 28.58356285095215,
   "00025.png": 32.862674713134766,
   "00015.png": 29.03818130493164,
   "00024.png": 31.31479263305664,
   "00026.png": 31.569229125976562
  },
  "LPIPS": {
   "00014.png": 0.23865725100040436,
   "00020.png": 0.1883215755224228,
   "00018.png": 0.19000621140003204,
   "00019.png": 0.18757393956184387,
   "00001.png": 0.17826184630393982,
   "00029.png": 0.2665640115737915,
   "00028.png": 0.19219723343849182,
   "00004.png": 0.1899469494819641,
   "00002.png": 0.1749420166015625,
   "00008.png": 0.30593663454055786,
   "00007.png": 0.15464408695697784,
   "00023.png": 0.1771489679813385,
   "00012.png": 0.1727735698223114,
   "00021.png": 0.23107953369617462,
   "00005.png": 0.25375545024871826,
   "00013.png": 0.1680629402399063,
   "00022.png": 0.18816973268985748,
   "00011.png": 0.2775137424468994,
   "00009.png": 0.18280775845050812,
   "00027.png": 0.17137683928012848,
   "00016.png": 0.15747706592082977,
   "00003.png": 0.26109445095062256,
   "00000.png": 0.24119067192077637,
   "00017.png": 0.22718849778175354,
   "00006.png": 0.2019551694393158,
   "00010.png": 0.17563122510910034,
   "00025.png": 0.15927568078041077,
   "00015.png": 0.21069300174713135,
   "00024.png": 0.21020112931728363,
   "00026.png": 0.17068421840667725
  }
 },
 "ours_7000": {
  "SSIM": {
   "00014.png": 0.8335070610046387,
   "00020.png": 0.893465518951416,
   "00018.png": 0.8738187551498413,
   "00019.png": 0.8808287978172302,
   "00001.png": 0.876973569393158,
   "00029.png": 0.8267863392829895,
   "00028.png": 0.8919625282287598,
   "00004.png": 0.911992073059082,
   "00002.png": 0.8746725916862488,
   "00008.png": 0.8509988188743591,
   "00007.png": 0.8852322697639465,
   "00023.png": 0.9112837314605713,
   "00012.png": 0.856201708316803,
   "00021.png": 0.8752124309539795,
   "00005.png": 0.8877419829368591,
   "00013.png": 0.8641963601112366,
   "00022.png": 0.8915257453918457,
   "00011.png": 0.896429181098938,
   "00009.png": 0.8518015146255493,
   "00027.png": 0.8826234936714172,
   "00016.png": 0.8937671780586243,
   "00003.png": 0.834135890007019,
   "00000.png": 0.8315715193748474,
   "00017.png": 0.8880171179771423,
   "00006.png": 0.873508870601654,
   "00010.png": 0.8459658026695251,
   "00025.png": 0.9220836758613586,
   "00015.png": 0.8812087774276733,
   "00024.png": 0.8966754078865051,
   "00026.png": 0.9131051898002625
  },
  "PSNR": {
   "00014.png": 23.329425811767578,
   "00020.png": 29.039735794067383,
   "00018.png": 27.140087127685547,
   "00019.png": 26.114246368408203,
   "00001.png": 28.08279800415039,
   "00029.png": 23.98369789123535,
   "00028.png": 27.184112548828125,
   "00004.png": 29.39171028137207,
   "00002.png": 26.81049156188965,
   "00008.png": 28.059410095214844,
   "00007.png": 27.635705947875977,
   "00023.png": 29.164249420166016,
   "00012.png": 24.64430046081543,
   "00021.png": 27.711088180541992,
   "00005.png": 28.104862213134766,
   "00013.png": 26.27937126159668,
   "00022.png": 27.711837768554688,
   "00011.png": 28.594980239868164,
   "00009.png": 25.437061309814453,
   "00027.png": 26.615554809570312,
   "00016.png": 27.05518913269043,
   "00003.png": 25.33851432800293,
   "00000.png": 24.774497985839844,
   "00017.png": 24.862346649169922,
   "00006.png": 27.69035530090332,
   "00010.png": 25.926403045654297,
   "00025.png": 31.06084442138672,
   "00015.png": 27.400299072265625,
   "00024.png": 29.53365707397461,
   "00026.png": 29.746456146240234
  },
  "LPIPS": {
   "00014.png": 0.29981282353401184,
   "00020.png": 0.23488445580005646,
   "00018.png": 0.23744168877601624,
   "00019.png": 0.23010119795799255,
   "00001.png": 0.22530555725097656,
   "00029.png": 0.3146578073501587,
   "00028.png": 0.22587454319000244,
   "00004.png": 0.2291453778743744,
   "00002.png": 0.2254815250635147,
   "00008.png": 0.3592935800552368,
   "00007.png": 0.20582380890846252,
   "00023.png": 0.2139333188533783,
   "00012.png": 0.22127148509025574,
   "00021.png": 0.2826378345489502,
   "00005.png": 0.28276705741882324,
   "00013.png": 0.2238149642944336,
   "00022.png": 0.22585320472717285,
   "00011.png": 0.30413752794265747,
   "00009.png": 0.2370533049106598,
   "00027.png": 0.21947604417800903,
   "00016.png": 0.19799411296844482,
   "00003.png": 0.28832119703292847,
   "00000.png": 0.3004981279373169,
   "00017.png": 0.2623805105686188,
   "00006.png": 0.23875920474529266,
   "00010.png": 0.23504498600959778,
   "00025.png": 0.1866438090801239,
   "00015.png": 0.250408411026001,
   "00024.png": 0.2562659680843353,
   "00026.png": 0.20581212639808655
  }
 }
}