{
 "ours_30000": {
  "SSIM": 0.9057623744010925,
  "PSNR": 29.000883102416992,
  "LPIPS": 0.20350438356399536
 },
 "ours_7000": {
  "SSIM": 0.8765764832496643,
  "PSNR": 27.147443771362305,
  "LPIPS": 0.24736317992210388
 }
}