{
 "ours_30000": {
  "SSIM": {
   "00014.png": 0.9468201994895935,
   "00030.png": 0.9593449831008911,
   "00020.png": 0.9444294571876526,
   "00018.png": 0.9390254020690918,
   "00019.png": 0.9371713995933533,
   "00001.png": 0.9330784678459167,
   "00029.png": 0.948976457118988,
   "00028.png": 0.9539906978607178,
   "00004.png": 0.949195384979248,
   "00002.png": 0.9512431621551514,
   "00008.png": 0.9503939151763916,
   "00007.png": 0.9492985606193542,
   "00023.png": 0.9432600736618042,
   "00012.png": 0.9068392515182495,
   "00021.png": 0.9514736533164978,
   "00005.png": 0.9547555446624756,
   "00013.png": 0.9455889463424683,
   "00022.png": 0.9407476186752319,
   "00011.png": 0.9367757439613342,
   "00032.png": 0.9515164494514465,
   "00009.png": 0.9286088943481445,
   "00033.png": 0.9583138823509216,
   "00027.png": 0.9498440027236938,
   "00016.png": 0.9343273043632507,
   "00003.png": 0.945256233215332,
   "00000.png": 0.9039826393127441,
   "00035.png": 0.9259945750236511,
   "00031.png": 0.9344894886016846,
   "00017.png": 0.9414269328117371,
   "00006.png": 0.9473288059234619,
   "00010.png": 0.9348284006118774,
   "00034.png": 0.9153869152069092,
   "00025.png": 0.9424740672111511,
   "00015.png": 0.9233911633491516,
   "00024.png": 0.9309320449829102,
   "00036.png": 0.9365242719650269,
   "00026.png": 0.9471707344055176
  },
  "PSNR": {
   "00014.png": 33.81829071044922,
   "00030.png": 35.716033935546875,
   "00020.png": 34.594017028808594,
   "00018.png": 33.256771087646484,
   "00019.png": 33.04652786254883,
   "00001.png": 29.198963165283203,
   "00029.png": 33.665470123291016,
   "00028.png": 32.702796936035156,
   "00004.png": 34.26926040649414,
   "00002.png": 34.233070373535156,
   "00008.png": 33.70741271972656,
   "00007.png": 34.470611572265625,
   "00023.png": 32.94878387451172,
   "00012.png": 27.635845184326172,
   "00021.png": 35.14495849609375,
   "00005.png": 35.460323333740234,
   "00013.png": 31.58433723449707,
   "00022.png": 34.65470886230469,
   "00011.png": 28.9090518951416,
   "00032.png": 36.22990417480469,
   "00009.png": 25.06171989440918,
   "00033.png": 35.950923919677734,
   "00027.png": 34.016632080078125,
   "00016.png": 29.06940269470215,
   "00003.png": 32.18010711669922,
   "00000.png": 26.532840728759766,
   "00035.png": 29.582504272460938,
   "00031.png": 32.90886306762695,
   "00017.png": 32.697792053222656,
   "00006.png": 32.98933410644531,
   "00010.png": 31.997726440429688,
   "00034.png": 27.710363388061523,
   "00025.png": 31.187129974365234,
   "00015.png": 27.760990142822266,
   "00024.png": 28.92157745361328,
   "00036.png": 29.908830642700195,
   "00026.png": 33.572669982910156
  },
  "LPIPS": {
   "00014.png": 0.13991448283195496,
   "00030.png": 0.22863012552261353,
   "00020.png": 0.2423561066389084,
   "00018.png": 0.1966676115989685,
   "00019.png": 0.2261236310005188,
   "00001.png": 0.17612919211387634,
   "00029.png": 0.24354015290737152,
   "00028.png": 0.23951047658920288,
   "00004.png": 0.1603955626487732,
   "00002.png": 0.15894734859466553,
   "00008.png": 0.15887141227722168,
   "00007.png": 0.1654243916273117,
   "00023.png": 0.22226598858833313,
   "00012.png": 0.22557780146598816,
   "00021.png": 0.21564431488513947,
   "00005.png": 0.15481045842170715,
   "00013.png": 0.14323046803474426,
   "00022.png": 0.23767197132110596,
   "00011.png": 0.17490924894809723,
   "00032.png": 0.21251651644706726,
   "00009.png": 0.171438530087471,
   "00033.png": 0.18323412537574768,
   "00027.png": 0.251691609621048,
   "00016.png": 0.1844812035560608,
   "00003.png": 0.18360576033592224,
   "00000.png": 0.21637670695781708,
   "00035.png": 0.19806548953056335,
   "00031.png": 0.2273467779159546,
   "00017.png": 0.1901855617761612,
   "00006.png": 0.17952099442481995,
   "00010.png": 0.1520770937204361,
   "00034.png": 0.18188968300819397,
   "00025.png": 0.27734798192977905,
   "00015.png": 0.23300939798355103,
   "00024.png": 0.2878261208534241,
   "00036.png": 0.2756898105144501,
   "00026.png": 0.2798149883747101
  }
 },
 "ours_7000": {
  "SSIM": {
   "00014.png": 0.9254443049430847,
   "00030.png": 0.9474982619285583,
   "00020.png": 0.9324135184288025,
   "00018.png": 0.9087601900100708,
   "00019.png": 0.9100959300994873,
   "00001.png": 0.9100803732872009,
   "00029.png": 0.9319977760314941,
   "00028.png": 0.9404237270355225,
   "00004.png": 0.9318733811378479,
   "00002.png": 0.9338883757591248,
   "00008.png": 0.934409499168396,
   "00007.png": 0.9310480952262878,
   "00023.png": 0.926427960395813,
   "00012.png": 0.8884111642837524,
   "00021.png": 0.9313349723815918,
   "00005.png": 0.9329503774642944,
   "00013.png": 0.9242178201675415,
   "00022.png": 0.9140855073928833,
   "00011.png": 0.9122482538223267,
   "00032.png": 0.9394375085830688,
   "00009.png": 0.8987194299697876,
   "00033.png": 0.9488033652305603,
   "00027.png": 0.9355241656303406,
   "00016.png": 0.9086412191390991,
   "00003.png": 0.9290831685066223,
   "00000.png": 0.8806102871894836,
   "00035.png": 0.910887598991394,
   "00031.png": 0.9237692356109619,
   "00017.png": 0.9191434383392334,
   "00006.png": 0.9300967454910278,
   "00010.png": 0.9071010947227478,
   "00034.png": 0.9040791392326355,
   "00025.png": 0.9228724241256714,
   "00015.png": 0.8952426910400391,
   "00024.png": 0.9160923361778259,
   "00036.png": 0.9261919260025024,
   "00026.png": 0.9252986311912537
  },
  "PSNR": {
   "00014.png": 31.399648666381836,
   "00030.png": 32.49071502685547,
   "00020.png": 32.64657211303711,
   "00018.png": 29.726669311523438,
   "00019.png": 30.096309661865234,
   "00001.png": 27.22380828857422,
   "00029.png": 31.491840362548828,
   "00028.png": 30.240209579467773,
   "00004.png": 32.32535171508789,
   "00002.png": 31.23020362854004,
   "00008.png": 31.2003231048584,
   "00007.png": 32.17702102661133,
   "00023.png": 31.048660278320312,
   "00012.png": 26.09363555908203,
   "00021.png": 31.598617553710938,
   "00005.png": 32.29121017456055,
   "00013.png": 29.662914276123047,
   "00022.png": 31.326072692871094,
   "00011.png": 27.497825622558594,
   "00032.png": 33.6335563659668,
   "00009.png": 23.87254524230957,
   "00033.png": 33.73833084106445,
   "00027.png": 30.996505737304688,
   "00016.png": 27.769224166870117,
   "00003.png": 30.324146270751953,
   "00000.png": 23.977855682373047,
   "00035.png": 28.742591857910156,
   "00031.png": 30.79469871520996,
   "00017.png": 30.358863830566406,
   "00006.png": 30.05801010131836,
   "00010.png": 29.23967170715332,
   "00034.png": 27.27079200744629,
   "00025.png": 28.516637802124023,
   "00015.png": 25.39980697631836,
   "00024.png": 28.148662567138672,
   "00036.png": 28.708938598632812,
   "00026.png": 29.39771842956543
  },
  "LPIPS": {
   "00014.png": 0.17591241002082825,
   "00030.png": 0.24904559552669525,
   "00020.png": 0.2662189304828644,
   "00018.png": 0.23459255695343018,
   "00019.png": 0.2618803381919861,
   "00001.png": 0.20576199889183044,
   "00029.png": 0.2756223976612091,
   "00028.png": 0.2646978497505188,
   "00004.png": 0.18740354478359222,
   "00002.png": 0.1827322542667389,
   "00008.png": 0.18527668714523315,
   "00007.png": 0.1905500441789627,
   "00023.png": 0.25458866357803345,
   "00012.png": 0.2659144699573517,
   "00021.png": 0.2501905560493469,
   "00005.png": 0.1869579553604126,
   "00013.png": 0.1819191873073578,
   "00022.png": 0.28333234786987305,
   "00011.png": 0.21910357475280762,
   "00032.png": 0.2345355749130249,
   "00009.png": 0.21840178966522217,
   "00033.png": 0.20052410662174225,
   "00027.png": 0.2771930694580078,
   "00016.png": 0.2230096161365509,
   "00003.png": 0.20435196161270142,
   "00000.png": 0.24117857217788696,
   "00035.png": 0.2253248393535614,
   "00031.png": 0.24349839985370636,
   "00017.png": 0.22324427962303162,
   "00006.png": 0.21467894315719604,
   "00010.png": 0.18576717376708984,
   "00034.png": 0.19999457895755768,
   "00025.png": 0.3044002652168274,