{
 "ours_30000": {
  "SSIM": 0.9403839111328125,
  "PSNR": 32.08909606933594,
  "LPIPS": 0.20531725883483887
 },
 "ours_7000": {
  "SSIM": 0.9213297963142395,
  "PSNR": 29.80314064025879,
  "LPIPS": 0.2353793978691101
 }
}