{
 "ours_30000": {
  "SSIM": {
   "00014.png": 0.8848539590835571,
   "00020.png": 0.9178540110588074,
   "00018.png": 0.908187985420227,
   "00019.png": 0.9150758981704712,
   "00001.png": 0.9116450548171997,
   "00029.png": 0.8544610142707825,
   "00028.png": 0.915858268737793,
   "00004.png": 0.9404209852218628,
   "00002.png": 0.9120309948921204,
   "00008.png": 0.9025782942771912,
   "00007.png": 0.9241357445716858,
   "00023.png": 0.9349191784858704,
   "00012.png": 0.9022910594940186,
   "00021.png": 0.9063709378242493,
   "00005.png": 0.9027054309844971,
   "00013.png": 0.9172081351280212,
   "00022.png": 0.9174535274505615,
   "00011.png": 0.9171234369277954,
   "00009.png": 0.8997145891189575,
   "00027.png": 0.9214029312133789,
   "00016.png": 0.9265052676200867,
   "00003.png": 0.8452444672584534,
   "00000.png": 0.8823986053466797,
   "00017.png": 0.908437967300415,
   "00006.png": 0.9007664322853088,
   "00010.png": 0.9076734185218811,
   "00025.png": 0.9395032525062561,
   "00015.png": 0.912290096282959,
   "00024.png": 0.9237769246101379,
   "00026.png": 0.9376053214073181
  },
  "PSNR": {
   "00014.png": 26.440196990966797,
   "00020.png": 31.2032527923584,
   "00018.png": 29.70525550842285,
   "00019.png": 28.796794891357422,
   "00001.png": 30.479154586791992,
   "00029.png": 25.494140625,
   "00028.png": 29.255475997924805,
   "00004.png": 32.429439544677734,
   "00002.png": 29.72058868408203,
   "00008.png": 31.071758270263672,
   "00007.png": 31.39488983154297,
   "00023.png": 31.51446533203125,
   "00012.png": 27.34981918334961,
   "00021.png": 29.944753646850586,
   "00005.png": 29.093950271606445,
   "00013.png": 29.685253143310547,
   "00022.png": 29.788312911987305,
   "00011.png": 31.024478912353516,
   "00009.png": 27.888465881347656,
   "00027.png": 29.253244400024414,
   "00016.png": 29.340896606445312,
   "00003.png": 26.35793685913086,
   "00000.png": 28.446352005004883,
   "00017.png": 28.64670181274414,
   "00006.png": 29.934505462646484,
   "00010.png": 29.215988159179688,
   "00025.png": 33.31527328491211,
   "00015.png": 29.81477928161621,
   "00024.png": 32.14080047607422,
   "00026.png": 32.8502197265625
  },
  "LPIPS": {
   "00014.png": 0.23649081587791443,
   "00020.png": 0.18582749366760254,
   "00018.png": 0.1866770088672638,
   "00019.png": 0.17888791859149933,
   "00001.png": 0.17091268301010132,
   "00029.png": 0.26221394538879395,
   "00028.png": 0.1869628131389618,
   "00004.png": 0.17809490859508514,
   "00002.png": 0.16684094071388245,
   "00008.png": 0.2849923372268677,
   "00007.png": 0.1441241204738617,
   "00023.png": 0.16668371856212616,
   "00012.png": 0.1644071489572525,
   "00021.png": 0.22533856332302094,
   "00005.png": 0.24888864159584045,
   "00013.png": 0.16070520877838135,
   "00022.png": 0.18328633904457092,
   "00011.png": 0.27298325300216675,
   "00009.png": 0.16772569715976715,
   "00027.png": 0.1597994863986969,
   "00016.png": 0.15444904565811157,
   "00003.png": 0.2587854266166687,
   "00000.png": 0.23032867908477783,
   "00017.png": 0.22024103999137878,
   "00006.png": 0.19507156312465668,
   "00010.png": 0.1678694188594818,
   "00025.png": 0.15410834550857544,
   "00015.png": 0.20823664963245392,
   "00024.png": 0.20210984349250793,
   "00026.png": 0.16240985691547394
  }
 },
 "ours_7000": {
  "SSIM": {
   "00014.png": 0.8700081706047058,
   "00020.png": 0.908094584941864,
   "00018.png": 0.8967546224594116,
   "00019.png": 0.9006519317626953,
   "00001.png": 0.8969423174858093,
   "00029.png": 0.8523349761962891,
   "00028.png": 0.9048275351524353,
   "00004.png": 0.9324877262115479,
   "00002.png": 0.9046661257743835,
   "00008.png": 0.8824964165687561,
   "00007.png": 0.9110483527183533,
   "00023.png": 0.9280473589897156,
   "00012.png": 0.8900479078292847,
   "00021.png": 0.895080029964447,
   "00005.png": 0.9034615755081177,
   "00013.png": 0.9029421806335449,
   "00022.png": 0.9083226323127747,
   "00011.png": 0.9130769371986389,
   "00009.png": 0.8863844871520996,
   "00027.png": 0.9061825275421143,
   "00016.png": 0.9173104166984558,
   "00003.png": 0.8437902927398682,
   "00000.png": 0.8685256838798523,
   "00017.png": 0.9008111357688904,
   "00006.png": 0.8928261399269104,
   "00010.png": 0.8963196277618408,
   "00025.png": 0.9296726584434509,
   "00015.png": 0.9064012169837952,
   "00024.png": 0.915458619594574,
   "00026.png": 0.929458498954773
  },
  "PSNR": {
   "00014.png": 25.29452896118164,
   "00020.png": 30.186599731445312,
   "00018.png": 28.570850372314453,
   "00019.png": 27.13578224182129,
   "00001.png": 29.3367919921875,
   "00029.png": 25.334442138671875,
   "00028.png": 27.56740951538086,
   "00004.png": 31.215545654296875,
   "00002.png": 29.02379035949707,
   "00008.png": 29.11100196838379,
   "00007.png": 29.860666275024414,
   "00023.png": 30.612552642822266,
   "00012.png": 26.37619972229004,
   "00021.png": 28.817445755004883,
   "00005.png": 29.42734718322754,
   "00013.png": 28.414276123046875,
   "00022.png": 28.88094711303711,
   "00011.png": 30.458927154541016,
   "00009.png": 27.054550170898438,
   "00027.png": 27.97336769104004,
   "00016.png": 28.559158325195312,
   "00003.png": 25.911746978759766,
   "00000.png": 26.70663833618164,
   "00017.png": 26.807952880859375,
   "00006.png": 29.01860809326172,
   "00010.png": 28.373165130615234,
   "00025.png": 31.85761260986328,
   "00015.png": 29.120513916015625,
   "00024.png": 31.319969177246094,
   "00026.png": 31.565765380859375
  },
  "LPIPS": {
   "00014.png": 0.25656694173812866,
   "00020.png": 0.20577679574489594,
   "00018.png": 0.20441238582134247,
   "00019.png": 0.19971829652786255,
   "00001.png": 0.19578735530376434,
   "00029.png": 0.27567100524902344,
   "00028.png": 0.20251747965812683,
   "00004.png": 0.19691210985183716,
   "00002.png": 0.1835983246564865,
   "00008.png": 0.3122621476650238,
   "00007.png": 0.16573336720466614,
   "00023.png": 0.1842486411333084,
   "00012.png": 0.18312956392765045,
   "00021.png": 0.244129478931427,
   "00005.png": 0.2608978748321533,
   "00013.png": 0.1795157790184021,
   "00022.png": 0.1995772123336792,
   "00011.png": 0.28308314085006714,
   "00009.png": 0.19282861053943634,
   "00027.png": 0.18355463445186615,
   "00016.png": 0.1682768613100052,
   "00003.png": 0.267116904258728,
   "00000.png": 0.255185604095459,
   "00017.png": 0.23751071095466614,
   "00006.png": 0.21156902611255646,
   "00010.png": 0.18626415729522705,
   "00025.png": 0.17014342546463013,
   "00015.png": 0.2180376946926117,
   "00024.png": 0.221910759806633,
   "00026.png": 0.17986643314361572
  }
 }
}