{
 "ours_30000": {
  "SSIM": 0.9096831679344177,
  "PSNR": 29.71990394592285,
  "LPIPS": 0.1961817592382431
 },
 "ours_7000": {
  "SSIM": 0.8998143672943115,
  "PSNR": 28.66313934326172,
  "LPIPS": 0.2141934037208557
 }
}