{
 "ours_30000": {
  "SSIM": {
   "00014.png": 0.9257659912109375,
   "00030.png": 0.9472386837005615,
   "00020.png": 0.9270973801612854,
   "00018.png": 0.9169080853462219,
   "00019.png": 0.9122923016548157,
   "00001.png": 0.9045762419700623,
   "00029.png": 0.935445249080658,
   "00028.png": 0.9401661157608032,
   "00004.png": 0.9297205805778503,
   "00002.png": 0.931223452091217,
   "00008.png": 0.9383167028427124,
   "00007.png": 0.9321656227111816,
   "00023.png": 0.9265693426132202,
   "00012.png": 0.8803095817565918,
   "00021.png": 0.9337328672409058,
   "00005.png": 0.9355660080909729,
   "00013.png": 0.9213946461677551,
   "00022.png": 0.9190049767494202,
   "00011.png": 0.9036917686462402,
   "00032.png": 0.9347684979438782,
   "00009.png": 0.81219881772995,
   "00033.png": 0.9471432566642761,
   "00027.png": 0.9015915989875793,
   "00016.png": 0.9067423343658447,
   "00003.png": 0.928149402141571,
   "00000.png": 0.8581197261810303,
   "00035.png": 0.9149286150932312,
   "00031.png": 0.9228017926216125,
   "00017.png": 0.9198940396308899,
   "00006.png": 0.9269872903823853,
   "00010.png": 0.9108970761299133,
   "00034.png": 0.918346107006073,
   "00025.png": 0.9292001128196716,
   "00015.png": 0.858985424041748,
   "00024.png": 0.9243395328521729,
   "00036.png": 0.9092259407043457,
   "00026.png": 0.9250251054763794
  },
  "PSNR": {
   "00014.png": 31.558334350585938,
   "00030.png": 33.19163513183594,
   "00020.png": 33.0499382019043,
   "00018.png": 30.85803985595703,
   "00019.png": 30.444698333740234,
   "00001.png": 27.189579010009766,
   "00029.png": 32.4605712890625,
   "00028.png": 30.150615692138672,
   "00004.png": 32.40155029296875,
   "00002.png": 31.148130416870117,
   "00008.png": 31.90474510192871,
   "00007.png": 32.81922912597656,
   "00023.png": 31.64640235900879,
   "00012.png": 25.848600387573242,
   "00021.png": 32.65224838256836,
   "00005.png": 32.65336990356445,
   "00013.png": 29.892345428466797,
   "00022.png": 31.994998931884766,
   "00011.png": 27.002071380615234,
   "00032.png": 33.32179641723633,
   "00009.png": 20.960664749145508,
   "00033.png": 34.13319396972656,
   "00027.png": 21.023061752319336,
   "00016.png": 27.85122299194336,
   "00003.png": 29.953298568725586,
   "00000.png": 22.358304977416992,
   "00035.png": 29.22874641418457,
   "00031.png": 31.513202667236328,
   "00017.png": 31.173988342285156,
   "00006.png": 30.10984230041504,
   "00010.png": 30.031444549560547,
   "00034.png": 29.16499900817871,
   "00025.png": 29.887683868408203,
   "00015.png": 23.847084045410156,
   "00024.png": 30.938091278076172,
   "00036.png": 25.57155418395996,
   "00026.png": 29.47165298461914
  },
  "LPIPS": {
   "00014.png": 0.19008690118789673,
   "00030.png": 0.25105059146881104,
   "00020.png": 0.2823640704154968,
   "00018.png": 0.2374834269285202,
   "00019.png": 0.26629626750946045,
   "00001.png": 0.2140963077545166,
   "00029.png": 0.2723729610443115,
   "00028.png": 0.26463282108306885,
   "00004.png": 0.20083209872245789,
   "00002.png": 0.19153442978858948,
   "00008.png": 0.1856869012117386,
   "00007.png": 0.20025989413261414,
   "00023.png": 0.2640366852283478,
   "00012.png": 0.2726033926010132,
   "00021.png": 0.25559285283088684,
   "00005.png": 0.19536235928535461,
   "00013.png": 0.1952749788761139,
   "00022.png": 0.27774351835250854,
   "00011.png": 0.23133540153503418,
   "00032.png": 0.24542222917079926,
   "00009.png": 0.23440763354301453,
   "00033.png": 0.20330318808555603,
   "00027.png": 0.29505032300949097,
   "00016.png": 0.2364986389875412,
   "00003.png": 0.2141551375389099,
   "00000.png": 0.2616630792617798,
   "00035.png": 0.23273158073425293,
   "00031.png": 0.2530573308467865,
   "00017.png": 0.24084536731243134,
   "00006.png": 0.2193690687417984,
   "00010.png": 0.19537074863910675,
   "00034.png": 0.20234185457229614,
   "00025.png": 0.3096623420715332,
   "00015.png": 0.29770517349243164,
   "00024.png": 0.3095937669277191,
   "00036.png": 0.3097214102745056,
   "00026.png": 0.3172452449798584
  }
 },
 "ours_7000": {
  "SSIM": {
   "00014.png": 0.7390772700309753,
   "00030.png": 0.8622995615005493,
   "00020.png": 0.795901894569397,
   "00018.png": 0.7543998956680298,
   "00019.png": 0.7437722086906433,
   "00001.png": 0.7536520957946777,
   "00029.png": 0.8477538228034973,
   "00028.png": 0.8291962742805481,
   "00004.png": 0.7555136680603027,
   "00002.png": 0.752075731754303,
   "00008.png": 0.7872694730758667,
   "00007.png": 0.785132884979248,
   "00023.png": 0.7975622415542603,
   "00012.png": 0.6791236400604248,
   "00021.png": 0.7844242453575134,
   "00005.png": 0.7745754718780518,
   "00013.png": 0.7113156318664551,
   "00022.png": 0.75997394323349,
   "00011.png": 0.7423416972160339,
   "00032.png": 0.8482049703598022,
   "00009.png": 0.7130664587020874,
   "00033.png": 0.8433133363723755,
   "00027.png": 0.796006441116333,
   "00016.png": 0.7217138409614563,
   "00003.png": 0.7555014491081238,
   "00000.png": 0.6890197992324829,
   "00035.png": 0.7936334609985352,
   "00031.png": 0.8274036645889282,
   "00017.png": 0.7440511584281921,
   "00006.png": 0.7375695705413818,
   "00010.png": 0.7189165949821472,
   "00034.png": 0.8038791418075562,
   "00025.png": 0.8051416873931885,
   "00015.png": 0.6449722051620483,
   "00024.png": 0.8335496187210083,
   "00036.png": 0.8439304232597351,
   "00026.png": 0.7993406653404236
  },
  "PSNR": {
   "00014.png": 23.52438735961914,
   "00030.png": 22.694761276245117,
   "00020.png": 23.897750854492188,
   "00018.png": 22.58920669555664,
   "00019.png": 21.808673858642578,
   "00001.png": 21.776935577392578,
   "00029.png": 22.833261489868164,
   "00028.png": 17.48946189880371,
   "00004.png": 23.762035369873047,
   "00002.png": 21.706153869628906,
   "00008.png": 23.197214126586914,
   "00007.png": 24.766557693481445,
   "00023.png": 22.9704647064209,
   "00012.png": 15.999268531799316,
   "00021.png": 22.274860382080078,
   "00005.png": 24.026447296142578,
   "00013.png": 21.950180053710938,
   "00022.png": 19.52733612060547,
   "00011.png": 22.418582916259766,
   "00032.png": 24.430618286132812,
   "00009.png": 18.846027374267578,
   "00033.png": 22.308948516845703,
   "00027.png": 15.950815200805664,
   "00016.png": 21.965696334838867,
   "00003.png": 19.983009338378906,
   "00000.png": 16.3139705657959,
   "00035.png": 21.28281021118164,
   "00031.png": 20.18492889404297,
   "00017.png": 23.268291473388672,
   "00006.png": 19.99191665649414,
   "00010.png": 22.003366470336914,
   "00034.png": 21.669082641601562,
   "00025.png": 18.136457443237305,
   "00015.png": 14.75683307647705,
   "00024.png": 22.25387191772461,
   "00036.png": 21.44171905517578,
   "00026.png": 17.98337745666504
  },
  "LPIPS": {
   "00014.png": 0.39178067445755005,
   "00030.png": 0.4113979637622833,
   "00020.png": 0.4467981457710266,
   "00018.png": 0.42116373777389526,
   "00019.png": 0.44410163164138794,
   "00001.png": 0.39378875494003296,
   "00029.png": 0.4222301244735718,
   "00028.png": 0.44090911746025085,
   "00004.png": 0.39448830485343933,
   "00002.png": 0.3803422749042511,
   "00008.png": 0.36910301446914673,
   "00007.png": 0.38153958320617676,
   "00023.png": 0.44608259201049805,
   "00012.png": 0.4793280363082886,
   "00021.png": 0.44673389196395874,
   "00005.png": 0.38160622119903564,
   "00013.png": 0.4089941382408142,
   "00022.png": 0.463003545999527,
   "00011.png": 0.42998698353767395,
   "00032.png": 0.3925199508666992,
   "00009.png": 0.4085119366645813,
   "00033.png": 0.36049550771713257,
   "00027.png": 0.44581931829452515,
   "00016.png": 0.4313076138496399,
   "00003.png": 0.3980817198753357,
   "00000.png": 0.43306535482406616,
   "00035.png": 0.39584821462631226,
   "00031.png": 0.40322405099868774,
   "00017.png": 0.4275078773498535,
   "00006.png": 0.42035743594169617,
   "00010.png": 0.40675199031829834,
   "00034.png": 0.35679909586906433,
   "00025.png": 0.4797389805316925,