{
 "ours_30000": {
  "SSIM": 0.9165009260177612,
  "PSNR": 29.713699340820312,
  "LPIPS": 0.24396730959415436
 },
 "ours_7000": {
  "SSIM": 0.7722857594490051,
  "PSNR": 21.134737014770508,
  "LPIPS": 0.4201686382293701
 }
}