{
 "ours_30000": {
  "SSIM": {
   "00014.png": 0.9388447403907776,
   "00030.png": 0.8878311514854431,
   "00020.png": 0.9292700290679932,
   "00018.png": 0.92398601770401,
   "00019.png": 0.9340581297874451,
   "00001.png": 0.9021288752555847,
   "00029.png": 0.9079774618148804,
   "00028.png": 0.9070125222206116,
   "00004.png": 0.9464542269706726,
   "00002.png": 0.8980786204338074,
   "00008.png": 0.9258137345314026,
   "00007.png": 0.9569631814956665,
   "00023.png": 0.8921181559562683,
   "00012.png": 0.9427487850189209,
   "00021.png": 0.8668527603149414,
   "00005.png": 0.9267746210098267,
   "00013.png": 0.9211122393608093,
   "00022.png": 0.9295982718467712,
   "00011.png": 0.9432091116905212,
   "00032.png": 0.9292401671409607,
   "00009.png": 0.9445390105247498,
   "00033.png": 0.9233953356742859,
   "00027.png": 0.9088610410690308,
   "00016.png": 0.9200801849365234,
   "00003.png": 0.9292246699333191,
   "00000.png": 0.8869121074676514,
   "00035.png": 0.954631507396698,
   "00031.png": 0.8519130349159241,
   "00017.png": 0.9457478523254395,
   "00006.png": 0.9194967150688171,
   "00010.png": 0.9321302175521851,
   "00034.png": 0.9412547945976257,
   "00025.png": 0.9214152693748474,
   "00015.png": 0.8810267448425293,
   "00024.png": 0.9206833839416504,
   "00036.png": 0.8723706603050232,
   "00026.png": 0.934279203414917,
   "00038.png": 0.8911362886428833,
   "00037.png": 0.930587887763977
  },
  "PSNR": {
   "00014.png": 30.119300842285156,
   "00030.png": 31.194345474243164,
   "00020.png": 31.50113868713379,
   "00018.png": 33.01805877685547,
   "00019.png": 30.17300796508789,
   "00001.png": 33.47185134887695,
   "00029.png": 28.279035568237305,
   "00028.png": 30.189163208007812,
   "00004.png": 33.57963943481445,
   "00002.png": 33.86082077026367,
   "00008.png": 31.14321517944336,
   "00007.png": 34.020050048828125,
   "00023.png": 27.67253875732422,
   "00012.png": 34.768836975097656,
   "00021.png": 30.40770721435547,
   "00005.png": 30.228660583496094,
   "00013.png": 32.3255615234375,
   "00022.png": 33.780269622802734,
   "00011.png": 35.71661376953125,
   "00032.png": 29.059837341308594,
   "00009.png": 34.2697868347168,
   "00033.png": 30.207733154296875,
   "00027.png": 31.672222137451172,
   "00016.png": 32.930660247802734,
   "00003.png": 34.949790954589844,
   "00000.png": 30.214540481567383,
   "00035.png": 29.535009384155273,
   "00031.png": 32.12908935546875,
   "00017.png": 34.7789306640625,
   "00006.png": 33.25462341308594,
   "00010.png": 33.7476806640625,
   "00034.png": 25.45400619506836,
   "00025.png": 32.42694091796875,
   "00015.png": 32.582069396972656,
   "00024.png": 31.264141082763672,
   "00036.png": 23.528879165649414,
   "00026.png": 31.026477813720703,
   "00038.png": 31.392669677734375,
   "00037.png": 33.58759307861328
  },
  "LPIPS": {
   "00014.png": 0.17042526602745056,
   "00030.png": 0.2995838224887848,
   "00020.png": 0.17318034172058105,
   "00018.png": 0.24616876244544983,
   "00019.png": 0.17279484868049622,
   "00001.png": 0.1915660947561264,
   "00029.png": 0.2545801103115082,
   "00028.png": 0.24427056312561035,
   "00004.png": 0.18942706286907196,
   "00002.png": 0.20684656500816345,
   "00008.png": 0.19165726006031036,
   "00007.png": 0.15917733311653137,
   "00023.png": 0.20567834377288818,
   "00012.png": 0.1698160320520401,
   "00021.png": 0.3082178831100464,
   "00005.png": 0.18231864273548126,
   "00013.png": 0.19575177133083344,
   "00022.png": 0.15687048435211182,
   "00011.png": 0.1721392720937729,
   "00032.png": 0.19044801592826843,
   "00009.png": 0.16642221808433533,
   "00033.png": 0.22367465496063232,
   "00027.png": 0.2573578357696533,
   "00016.png": 0.21047928929328918,
   "00003.png": 0.18202254176139832,
   "00000.png": 0.2094457745552063,
   "00035.png": 0.25656962394714355,
   "00031.png": 0.29738378524780273,
   "00017.png": 0.1627313792705536,
   "00006.png": 0.1919407844543457,
   "00010.png": 0.18162798881530762,
   "00034.png": 0.2911115288734436,
   "00025.png": 0.22676001489162445,
   "00015.png": 0.2465069741010666,
   "00024.png": 0.24635164439678192,
   "00036.png": 0.37332528829574585,
   "00026.png": 0.1926974654197693,
   "00038.png": 0.3053129017353058,
   "00037.png": 0.2727782726287842
  }
 },
 "ours_7000": {
  "SSIM": {
   "00014.png": 0.9185230135917664,
   "00030.png": 0.8890098333358765,
   "00020.png": 0.8991613388061523,
   "00018.png": 0.9095270037651062,
   "00019.png": 0.9116436839103699,
   "00001.png": 0.8664988279342651,
   "00029.png": 0.8562816381454468,
   "00028.png": 0.8625853657722473,
   "00004.png": 0.9405514597892761,
   "00002.png": 0.8438069224357605,
   "00008.png": 0.9112248420715332,
   "00007.png": 0.9404609203338623,
   "00023.png": 0.8543996810913086,
   "00012.png": 0.9267921447753906,
   "00021.png": 0.8726834654808044,
   "00005.png": 0.9026371836662292,
   "00013.png": 0.881131649017334,
   "00022.png": 0.896158754825592,
   "00011.png": 0.9224257469177246,
   "00032.png": 0.9131262898445129,
   "00009.png": 0.9305391907691956,
   "00033.png": 0.9099279642105103,
   "00027.png": 0.9002653956413269,
   "00016.png": 0.890074610710144,
   "00003.png": 0.8998448252677917,
   "00000.png": 0.8541600108146667,
   "00035.png": 0.9203961491584778,
   "00031.png": 0.8241822719573975,
   "00017.png": 0.9316920042037964,
   "00006.png": 0.8765190839767456,
   "00010.png": 0.9009523987770081,
   "00034.png": 0.9154098629951477,
   "00025.png": 0.9131553769111633,
   "00015.png": 0.8361912369728088,
   "00024.png": 0.904852569103241,
   "00036.png": 0.8642452955245972,
   "00026.png": 0.9083868861198425,
   "00038.png": 0.8798354864120483,
   "00037.png": 0.9256318211555481
  },
  "PSNR": {
   "00014.png": 28.038616180419922,
   "00030.png": 30.362247467041016,
   "00020.png": 29.893178939819336,
   "00018.png": 31.0109806060791,
   "00019.png": 27.74900245666504,
   "00001.png": 31.549293518066406,
   "00029.png": 25.937402725219727,
   "00028.png": 27.03758430480957,
   "00004.png": 32.21538543701172,
   "00002.png": 30.262727737426758,
   "00008.png": 29.082916259765625,
   "00007.png": 32.22011947631836,
   "00023.png": 25.95587730407715,
   "00012.png": 33.020355224609375,
   "00021.png": 29.25046157836914,
   "00005.png": 27.504329681396484,
   "00013.png": 29.13091468811035,
   "00022.png": 30.803909301757812,
   "00011.png": 32.93720245361328,
   "00032.png": 27.856569290161133,
   "00009.png": 32.208580017089844,
   "00033.png": 28.75927734375,
   "00027.png": 30.526737213134766,
   "00016.png": 30.43975067138672,
   "00003.png": 32.76304244995117,
   "00000.png": 28.79279327392578,
   "00035.png": 23.00084114074707,
   "00031.png": 31.673662185668945,
   "00017.png": 32.34096145629883,
   "00006.png": 31.394569396972656,
   "00010.png": 31.903453826904297,
   "00034.png": 20.09891128540039,
   "00025.png": 30.662641525268555,
   "00015.png": 30.553302764892578,
   "00024.png": 29.034000396728516,
   "00036.png": 23.335060119628906,
   "00026.png": 29.16501808166504,
   "00038.png": 30.116268157958984,
   "00037.png": 30.39487648010254
  },
  "LPIPS": {
   "00014.png": 0.19791609048843384,
   "00030.png": 0.3232341408729553,
   "00020.png": 0.22927570343017578,
   "00018.png": 0.2724260091781616,
   "00019.png": 0.21731716394424438,
   "00001.png": 0.2473183274269104,
   "00029.png": 0.32012850046157837,
   "00028.png": 0.3079637885093689,
   "00004.png": 0.2053835541009903,
   "00002.png": 0.2745429277420044,
   "00008.png": 0.21876652538776398,
   "00007.png": 0.18959176540374756,
   "00023.png": 0.2618542015552521,
   "00012.png": 0.19368621706962585,
   "00021.png": 0.318081796169281,
   "00005.png": 0.22530131042003632,
   "00013.png": 0.24523240327835083,
   "00022.png": 0.2157498598098755,
   "00011.png": 0.20836973190307617,
   "00032.png": 0.21358641982078552,
   "00009.png": 0.19329200685024261,
   "00033.png": 0.266184538602829,
   "00027.png": 0.28597378730773926,
   "00016.png": 0.2543073296546936,