{
 "ours_30000": {
  "SSIM": 0.9184553623199463,
  "PSNR": 31.627246856689453,
  "LPIPS": 0.2198825180530548
 },
 "ours_7000": {
  "SSIM": 0.894997239112854,
  "PSNR": 29.461097717285156,
  "LPIPS": 0.260259211063385
 }
}