{
 "ours_30000": {
  "SSIM": {
   "00014.png": 0.9366081953048706,
   "00030.png": 0.8869287967681885,
   "00020.png": 0.9286022186279297,
   "00018.png": 0.9235105514526367,
   "00019.png": 0.932831346988678,
   "00001.png": 0.9022963047027588,
   "00029.png": 0.914537250995636,
   "00028.png": 0.9084813594818115,
   "00004.png": 0.9451320767402649,
   "00002.png": 0.8971264958381653,
   "00008.png": 0.9261647462844849,
   "00007.png": 0.9545693397521973,
   "00023.png": 0.8910167813301086,
   "00012.png": 0.9417417645454407,
   "00021.png": 0.8683111667633057,
   "00005.png": 0.9186419248580933,
   "00013.png": 0.9196228384971619,
   "00022.png": 0.9285131096839905,
   "00011.png": 0.9413871765136719,
   "00032.png": 0.9267723560333252,
   "00009.png": 0.9449008703231812,
   "00033.png": 0.9241012334823608,
   "00027.png": 0.9083428382873535,
   "00016.png": 0.9203261137008667,
   "00003.png": 0.9288975596427917,
   "00000.png": 0.883371889591217,
   "00035.png": 0.9524111151695251,
   "00031.png": 0.8510803580284119,
   "00017.png": 0.9458119869232178,
   "00006.png": 0.9179915189743042,
   "00010.png": 0.9293864965438843,
   "00034.png": 0.9386571049690247,
   "00025.png": 0.9209138751029968,
   "00015.png": 0.876221776008606,
   "00024.png": 0.9201801419258118,
   "00036.png": 0.8706676959991455,
   "00026.png": 0.9332570433616638,
   "00038.png": 0.8881968259811401,
   "00037.png": 0.928052544593811
  },
  "PSNR": {
   "00014.png": 29.05323028564453,
   "00030.png": 31.049253463745117,
   "00020.png": 31.66339683532715,
   "00018.png": 32.8070068359375,
   "00019.png": 29.860105514526367,
   "00001.png": 33.40428924560547,
   "00029.png": 29.098865509033203,
   "00028.png": 30.137928009033203,
   "00004.png": 32.94974136352539,
   "00002.png": 33.76478576660156,
   "00008.png": 30.841171264648438,
   "00007.png": 33.29216766357422,
   "00023.png": 27.576114654541016,
   "00012.png": 34.763065338134766,
   "00021.png": 30.668636322021484,
   "00005.png": 29.04053497314453,
   "00013.png": 32.16746520996094,
   "00022.png": 33.40761184692383,
   "00011.png": 36.04434585571289,
   "00032.png": 28.190248489379883,
   "00009.png": 34.018890380859375,
   "00033.png": 30.370075225830078,
   "00027.png": 31.638315200805664,
   "00016.png": 32.35838317871094,
   "00003.png": 34.82798767089844,
   "00000.png": 29.983484268188477,
   "00035.png": 27.46220588684082,
   "00031.png": 31.786148071289062,
   "00017.png": 34.87821578979492,
   "00006.png": 33.11582946777344,
   "00010.png": 33.4539794921875,
   "00034.png": 25.09668731689453,
   "00025.png": 32.425045013427734,
   "00015.png": 32.25973129272461,
   "00024.png": 31.016658782958984,
   "00036.png": 23.115205764770508,
   "00026.png": 31.24262046813965,
   "00038.png": 31.219636917114258,
   "00037.png": 31.9986515045166
  },
  "LPIPS": {
   "00014.png": 0.1724356710910797,
   "00030.png": 0.3022042214870453,
   "00020.png": 0.17606908082962036,
   "00018.png": 0.24788805842399597,
   "00019.png": 0.17699821293354034,
   "00001.png": 0.19276300072669983,
   "00029.png": 0.24688434600830078,
   "00028.png": 0.23888607323169708,
   "00004.png": 0.19157546758651733,
   "00002.png": 0.21146580576896667,
   "00008.png": 0.1925135999917984,
   "00007.png": 0.1631614714860916,
   "00023.png": 0.20740848779678345,
   "00012.png": 0.16975721716880798,
   "00021.png": 0.3087427020072937,
   "00005.png": 0.18619629740715027,
   "00013.png": 0.19815830886363983,
   "00022.png": 0.16070465743541718,
   "00011.png": 0.17204564809799194,
   "00032.png": 0.19220440089702606,
   "00009.png": 0.1665867120027542,
   "00033.png": 0.2224515825510025,
   "00027.png": 0.2578009366989136,
   "00016.png": 0.21051135659217834,
   "00003.png": 0.18395936489105225,
   "00000.png": 0.21189719438552856,
   "00035.png": 0.25807827711105347,
   "00031.png": 0.2979153096675873,
   "00017.png": 0.16299575567245483,
   "00006.png": 0.1983030140399933,
   "00010.png": 0.18739894032478333,
   "00034.png": 0.293872594833374,
   "00025.png": 0.22894467413425446,
   "00015.png": 0.24878272414207458,
   "00024.png": 0.24945025146007538,
   "00036.png": 0.3757978677749634,
   "00026.png": 0.19512242078781128,
   "00038.png": 0.3103846311569214,
   "00037.png": 0.2750447988510132
  }
 },
 "ours_7000": {
  "SSIM": {
   "00014.png": 0.9176660180091858,
   "00030.png": 0.8881286382675171,
   "00020.png": 0.893622636795044,
   "00018.png": 0.9061048030853271,
   "00019.png": 0.9102553129196167,
   "00001.png": 0.8547741770744324,
   "00029.png": 0.8473738431930542,
   "00028.png": 0.8556033968925476,
   "00004.png": 0.9368272423744202,
   "00002.png": 0.8348767757415771,
   "00008.png": 0.9055556058883667,
   "00007.png": 0.9344093799591064,
   "00023.png": 0.8467357158660889,
   "00012.png": 0.9280125498771667,
   "00021.png": 0.8767787218093872,
   "00005.png": 0.888529896736145,
   "00013.png": 0.8753975033760071,
   "00022.png": 0.8895379304885864,
   "00011.png": 0.9155049324035645,
   "00032.png": 0.904267430305481,
   "00009.png": 0.9266523122787476,
   "00033.png": 0.8927455544471741,
   "00027.png": 0.8971813321113586,
   "00016.png": 0.8850954174995422,
   "00003.png": 0.8919396996498108,
   "00000.png": 0.842755913734436,
   "00035.png": 0.9209461212158203,
   "00031.png": 0.8196498155593872,
   "00017.png": 0.9303420186042786,
   "00006.png": 0.8697159290313721,
   "00010.png": 0.8939366340637207,
   "00034.png": 0.9195268154144287,
   "00025.png": 0.9112955331802368,
   "00015.png": 0.8311769962310791,
   "00024.png": 0.9009837508201599,
   "00036.png": 0.8568698763847351,
   "00026.png": 0.9068173170089722,
   "00038.png": 0.8784477114677429,
   "00037.png": 0.921273946762085
  },
  "PSNR": {
   "00014.png": 27.3453426361084,
   "00030.png": 30.231937408447266,
   "00020.png": 29.477436065673828,
   "00018.png": 30.620756149291992,
   "00019.png": 27.880355834960938,
   "00001.png": 30.984060287475586,
   "00029.png": 25.434858322143555,
   "00028.png": 26.72018814086914,
   "00004.png": 31.532516479492188,
   "00002.png": 29.897489547729492,
   "00008.png": 28.727685928344727,
   "00007.png": 31.694156646728516,
   "00023.png": 25.648963928222656,
   "00012.png": 32.791404724121094,
   "00021.png": 28.97040557861328,
   "00005.png": 26.12408447265625,
   "00013.png": 28.782482147216797,
   "00022.png": 30.45278549194336,
   "00011.png": 32.178165435791016,
   "00032.png": 26.674585342407227,
   "00009.png": 31.736223220825195,
   "00033.png": 27.01043128967285,
   "00027.png": 30.290279388427734,
   "00016.png": 30.09883689880371,
   "00003.png": 32.34727096557617,
   "00000.png": 28.359539031982422,
   "00035.png": 23.074626922607422,
   "00031.png": 31.36160659790039,
   "00017.png": 31.99598503112793,
   "00006.png": 30.948143005371094,
   "00010.png": 31.62252426147461,
   "00034.png": 22.100086212158203,
   "00025.png": 30.403736114501953,
   "00015.png": 30.359962463378906,
   "00024.png": 28.836214065551758,
   "00036.png": 23.182350158691406,
   "00026.png": 28.305742263793945,
   "00038.png": 29.722787857055664,
   "00037.png": 29.732406616210938
  },
  "LPIPS": {
   "00014.png": 0.20091310143470764,
   "00030.png": 0.32934874296188354,
   "00020.png": 0.23766373097896576,
   "00018.png": 0.27724307775497437,
   "00019.png": 0.22078245878219604,
   "00001.png": 0.25989967584609985,
   "00029.png": 0.32905447483062744,
   "00028.png": 0.31684258580207825,
   "00004.png": 0.21002066135406494,
   "00002.png": 0.2863600254058838,
   "00008.png": 0.22694119811058044,
   "00007.png": 0.19740407168865204,
   "00023.png": 0.27270078659057617,
   "00012.png": 0.19895045459270477,
   "00021.png": 0.31760698556900024,
   "00005.png": 0.23277845978736877,
   "00013.png": 0.2501819133758545,
   "00022.png": 0.2253437489271164,
   "00011.png": 0.2163631021976471,
   "00032.png": 0.22288891673088074,
   "00009.png": 0.2014663964509964,
   "00033.png": 0.27829450368881226,
   "00027.png": 0.2916014790534973,