{
 "ours_30000": {
  "SSIM": 0.9173222184181213,
  "PSNR": 31.334556579589844,
  "LPIPS": 0.22162464261054993
 },
 "ours_7000": {
  "SSIM": 0.8899311423301697,
  "PSNR": 29.06816864013672,
  "LPIPS": 0.2673510015010834
 }
}