{
 "ours_30000": {
  "SSIM": {
   "00014.png": 0.941523015499115,
   "00030.png": 0.953701376914978,
   "00020.png": 0.9413342475891113,
   "00018.png": 0.9331379532814026,
   "00019.png": 0.9297226071357727,
   "00001.png": 0.9132288098335266,
   "00029.png": 0.943341076374054,
   "00028.png": 0.947452962398529,
   "00004.png": 0.944685697555542,
   "00002.png": 0.9454245567321777,
   "00008.png": 0.9477332830429077,
   "00007.png": 0.9447364807128906,
   "00023.png": 0.9386996626853943,
   "00012.png": 0.9000105261802673,
   "00021.png": 0.9466789364814758,
   "00005.png": 0.9482452869415283,
   "00013.png": 0.9383065700531006,
   "00022.png": 0.9348316788673401,
   "00011.png": 0.9272928237915039,
   "00032.png": 0.9447201490402222,
   "00009.png": 0.9174002408981323,
   "00033.png": 0.9548996090888977,
   "00027.png": 0.9468489289283752,
   "00016.png": 0.9244964718818665,
   "00003.png": 0.9419801831245422,
   "00000.png": 0.8721943497657776,
   "00035.png": 0.9283327460289001,
   "00031.png": 0.9330151081085205,
   "00017.png": 0.9371601343154907,
   "00006.png": 0.942150890827179,
   "00010.png": 0.9286719560623169,
   "00034.png": 0.930957555770874,
   "00025.png": 0.9383063912391663,
   "00015.png": 0.9094588160514832,
   "00024.png": 0.9347323775291443,
   "00036.png": 0.933610737323761,
   "00026.png": 0.9418241381645203
  },
  "PSNR": {
   "00014.png": 33.26536560058594,
   "00030.png": 34.311100006103516,
   "00020.png": 34.5546875,
   "00018.png": 32.4666633605957,
   "00019.png": 31.959274291992188,
   "00001.png": 26.76633071899414,
   "00029.png": 33.313804626464844,
   "00028.png": 30.95525360107422,
   "00004.png": 34.14167022705078,
   "00002.png": 33.079994201660156,
   "00008.png": 33.24834442138672,
   "00007.png": 34.436126708984375,
   "00023.png": 32.949951171875,
   "00012.png": 26.955148696899414,
   "00021.png": 34.33721923828125,
   "00005.png": 34.5742073059082,
   "00013.png": 30.851699829101562,
   "00022.png": 33.931156158447266,
   "00011.png": 28.43813705444336,
   "00032.png": 34.87595748901367,
   "00009.png": 24.45913314819336,
   "00033.png": 35.41313934326172,
   "00027.png": 33.945430755615234,
   "00016.png": 28.81267547607422,
   "00003.png": 31.805530548095703,
   "00000.png": 23.414108276367188,
   "00035.png": 30.426929473876953,
   "00031.png": 32.13312911987305,
   "00017.png": 33.02136993408203,
   "00006.png": 32.021087646484375,
   "00010.png": 31.364545822143555,
   "00034.png": 30.574180603027344,
   "00025.png": 30.534900665283203,
   "00015.png": 26.618511199951172,
   "00024.png": 32.53988265991211,
   "00036.png": 29.623886108398438,
   "00026.png": 32.633785247802734
  },
  "LPIPS": {
   "00014.png": 0.1565915048122406,
   "00030.png": 0.23510141670703888,
   "00020.png": 0.25342583656311035,
   "00018.png": 0.20929551124572754,
   "00019.png": 0.23887929320335388,
   "00001.png": 0.1890832632780075,
   "00029.png": 0.25400108098983765,
   "00028.png": 0.2513178884983063,
   "00004.png": 0.17131930589675903,
   "00002.png": 0.16719526052474976,
   "00008.png": 0.1663217544555664,
   "00007.png": 0.17760202288627625,
   "00023.png": 0.23607376217842102,
   "00012.png": 0.23843207955360413,
   "00021.png": 0.227997288107872,
   "00005.png": 0.16769075393676758,
   "00013.png": 0.16211819648742676,
   "00022.png": 0.24931767582893372,
   "00011.png": 0.1966797560453415,
   "00032.png": 0.22335055470466614,
   "00009.png": 0.19235070049762726,
   "00033.png": 0.18841832876205444,
   "00027.png": 0.25968998670578003,
   "00016.png": 0.20550890266895294,
   "00003.png": 0.18861371278762817,
   "00000.png": 0.2325623631477356,
   "00035.png": 0.20616097748279572,
   "00031.png": 0.2330527901649475,
   "00017.png": 0.20509657263755798,
   "00006.png": 0.19213171303272247,
   "00010.png": 0.16638672351837158,
   "00034.png": 0.18366757035255432,
   "00025.png": 0.28788110613822937,
   "00015.png": 0.25850945711135864,
   "00024.png": 0.28824079036712646,
   "00036.png": 0.2848677337169647,
   "00026.png": 0.2929190993309021
  }
 },
 "ours_7000": {
  "SSIM": {
   "00014.png": 0.9147037863731384,
   "00030.png": 0.9373719096183777,
   "00020.png": 0.9224169850349426,
   "00018.png": 0.9006747007369995,
   "00019.png": 0.8979867100715637,
   "00001.png": 0.8891035318374634,
   "00029.png": 0.9267641305923462,
   "00028.png": 0.932065486907959,
   "00004.png": 0.9206435084342957,
   "00002.png": 0.9161238074302673,
   "00008.png": 0.9228363633155823,
   "00007.png": 0.9240553379058838,
   "00023.png": 0.9210978150367737,
   "00012.png": 0.8626024723052979,
   "00021.png": 0.9235684871673584,
   "00005.png": 0.9237828254699707,
   "00013.png": 0.9110158085823059,
   "00022.png": 0.9017804265022278,
   "00011.png": 0.8941064476966858,
   "00032.png": 0.9249818921089172,
   "00009.png": 0.8836497068405151,
   "00033.png": 0.9381237626075745,
   "00027.png": 0.9327007532119751,
   "00016.png": 0.8940845131874084,
   "00003.png": 0.914824366569519,
   "00000.png": 0.8441333770751953,
   "00035.png": 0.9077962636947632,
   "00031.png": 0.9185788631439209,
   "00017.png": 0.9139517545700073,
   "00006.png": 0.9156793355941772,
   "00010.png": 0.8941220641136169,
   "00034.png": 0.9092063307762146,
   "00025.png": 0.9164296388626099,
   "00015.png": 0.8677144646644592,
   "00024.png": 0.9150944948196411,
   "00036.png": 0.9207772016525269,
   "00026.png": 0.9219630360603333
  },
  "PSNR": {
   "00014.png": 30.561811447143555,
   "00030.png": 31.310665130615234,
   "00020.png": 31.68134307861328,
   "00018.png": 29.339962005615234,
   "00019.png": 28.76685333251953,
   "00001.png": 25.940914154052734,
   "00029.png": 31.03714370727539,
   "00028.png": 27.374935150146484,
   "00004.png": 31.277353286743164,
   "00002.png": 28.867053985595703,
   "00008.png": 30.003023147583008,
   "00007.png": 31.789413452148438,
   "00023.png": 30.87594223022461,
   "00012.png": 24.559316635131836,
   "00021.png": 31.028324127197266,
   "00005.png": 31.31072998046875,
   "00013.png": 29.033042907714844,
   "00022.png": 29.472505569458008,
   "00011.png": 26.729915618896484,
   "00032.png": 31.638755798339844,
   "00009.png": 23.19817543029785,
   "00033.png": 32.08586502075195,
   "00027.png": 30.674327850341797,
   "00016.png": 27.171672821044922,
   "00003.png": 28.61589813232422,
   "00000.png": 21.08015251159668,
   "00035.png": 28.79694366455078,
   "00031.png": 30.529382705688477,
   "00017.png": 30.250730514526367,
   "00006.png": 28.573047637939453,
   "00010.png": 28.191387176513672,
   "00034.png": 28.0100040435791,
   "00025.png": 27.774398803710938,
   "00015.png": 23.899459838867188,
   "00024.png": 29.997997283935547,
   "00036.png": 28.29513168334961,
   "00026.png": 29.480743408203125
  },
  "LPIPS": {
   "00014.png": 0.20139285922050476,
   "00030.png": 0.2622687816619873,
   "00020.png": 0.2909722626209259,
   "00018.png": 0.2529669404029846,
   "00019.png": 0.27918505668640137,
   "00001.png": 0.22855600714683533,
   "00029.png": 0.2853965759277344,
   "00028.png": 0.2806563377380371,
   "00004.png": 0.21211229264736176,
   "00002.png": 0.20620492100715637,
   "00008.png": 0.2018333524465561,
   "00007.png": 0.21130329370498657,
   "00023.png": 0.2734074890613556,
   "00012.png": 0.2996668219566345,
   "00021.png": 0.26746708154678345,
   "00005.png": 0.20927345752716064,
   "00013.png": 0.20851343870162964,
   "00022.png": 0.30423644185066223,
   "00011.png": 0.24932751059532166,
   "00032.png": 0.25762057304382324,
   "00009.png": 0.24731554090976715,
   "00033.png": 0.2172277718782425,
   "00027.png": 0.2890302240848541,
   "00016.png": 0.24939832091331482,
   "00003.png": 0.22872459888458252,
   "00000.png": 0.26893359422683716,
   "00035.png": 0.24323105812072754,
   "00031.png": 0.25552302598953247,
   "00017.png": 0.245753675699234,
   "00006.png": 0.23749566078186035,
   "00010.png": 0.20937305688858032,
   "00034.png": 0.21154475212097168,
   "00025.png": 0.32358068227767944,