{
 "ours_30000": {
  "SSIM": 0.9346175193786621,
  "PSNR": 31.587949752807617,
  "LPIPS": 0.21723927557468414
 },
 "ours_7000": {
  "SSIM": 0.9101759195327759,
  "PSNR": 28.897953033447266,
  "LPIPS": 0.2566305100917816
 }
}