{
 "ours_30000": {
  "SSIM": {
   "00014.png": 0.8740456104278564,
   "00020.png": 0.917360246181488,
   "00018.png": 0.9054872989654541,
   "00019.png": 0.9093816876411438,
   "00001.png": 0.9064813256263733,
   "00029.png": 0.8561332821846008,
   "00028.png": 0.9127811789512634,
   "00004.png": 0.9334561824798584,
   "00002.png": 0.9011813998222351,
   "00008.png": 0.8846527934074402,
   "00007.png": 0.9160476326942444,
   "00023.png": 0.93045574426651,
   "00012.png": 0.8940309286117554,
   "00021.png": 0.9045156836509705,
   "00005.png": 0.9059423208236694,
   "00013.png": 0.9109618067741394,
   "00022.png": 0.9128615856170654,
   "00011.png": 0.9125995635986328,
   "00009.png": 0.8872811198234558,
   "00027.png": 0.9124408960342407,
   "00016.png": 0.9216623306274414,
   "00003.png": 0.8464235067367554,
   "00000.png": 0.8715741634368896,
   "00017.png": 0.9005897641181946,
   "00006.png": 0.8971288800239563,
   "00010.png": 0.9012123346328735,
   "00025.png": 0.935834527015686,
   "00015.png": 0.9041228294372559,
   "00024.png": 0.9200950264930725,
   "00026.png": 0.9317243695259094
  },
  "PSNR": {
   "00014.png": 25.134885787963867,
   "00020.png": 30.643064498901367,
   "00018.png": 28.764301300048828,
   "00019.png": 27.495677947998047,
   "00001.png": 29.825550079345703,
   "00029.png": 25.43617057800293,
   "00028.png": 28.794925689697266,
   "00004.png": 31.24213409423828,
   "00002.png": 27.987863540649414,
   "00008.png": 29.004154205322266,
   "00007.png": 30.071102142333984,
   "00023.png": 30.932415008544922,
   "00012.png": 26.4676456451416,
   "00021.png": 29.290924072265625,
   "00005.png": 29.59463882446289,
   "00013.png": 28.909881591796875,
   "00022.png": 29.0618896484375,
   "00011.png": 30.179256439208984,
   "00009.png": 27.576982498168945,
   "00027.png": 28.284242630004883,
   "00016.png": 28.597192764282227,
   "00003.png": 26.25974464416504,
   "00000.png": 26.554073333740234,
   "00017.png": 27.044261932373047,
   "00006.png": 29.412166595458984,
   "00010.png": 28.562042236328125,
   "00025.png": 32.46802520751953,
   "00015.png": 28.695411682128906,
   "00024.png": 31.242246627807617,
   "00026.png": 31.585140228271484
  },
  "LPIPS": {
   "00014.png": 0.24277204275131226,
   "00020.png": 0.18937921524047852,
   "00018.png": 0.19167053699493408,
   "00019.png": 0.19071105122566223,
   "00001.png": 0.17834830284118652,
   "00029.png": 0.2693251073360443,
   "00028.png": 0.19363868236541748,
   "00004.png": 0.1910085529088974,
   "00002.png": 0.17868560552597046,
   "00008.png": 0.30686208605766296,
   "00007.png": 0.15775179862976074,
   "00023.png": 0.1781018227338791,
   "00012.png": 0.17586752772331238,
   "00021.png": 0.23299933969974518,
   "00005.png": 0.25440505146980286,
   "00013.png": 0.17055577039718628,
   "00022.png": 0.1899847686290741,
   "00011.png": 0.2783500552177429,
   "00009.png": 0.18574222922325134,
   "00027.png": 0.17418503761291504,
   "00016.png": 0.16176797449588776,
   "00003.png": 0.26295846700668335,
   "00000.png": 0.2471734583377838,
   "00017.png": 0.22963933646678925,
   "00006.png": 0.20469290018081665,
   "00010.png": 0.17806318402290344,
   "00025.png": 0.15956063568592072,
   "00015.png": 0.21712207794189453,
   "00024.png": 0.21056905388832092,
   "00026.png": 0.17331555485725403
  }
 },
 "ours_7000": {
  "SSIM": {
   "00014.png": 0.8269240260124207,
   "00020.png": 0.8837531805038452,
   "00018.png": 0.8691024780273438,
   "00019.png": 0.8724505305290222,
   "00001.png": 0.8701318502426147,
   "00029.png": 0.8188650012016296,
   "00028.png": 0.8876169919967651,
   "00004.png": 0.9089721441268921,
   "00002.png": 0.8606482148170471,
   "00008.png": 0.8456445336341858,
   "00007.png": 0.8786914944648743,
   "00023.png": 0.9036200046539307,
   "00012.png": 0.857215404510498,
   "00021.png": 0.8667795658111572,
   "00005.png": 0.8917375802993774,
   "00013.png": 0.8630245327949524,
   "00022.png": 0.8832323551177979,
   "00011.png": 0.8916109204292297,
   "00009.png": 0.8452856540679932,
   "00027.png": 0.8750881552696228,
   "00016.png": 0.8882733583450317,
   "00003.png": 0.8346287608146667,
   "00000.png": 0.8231128454208374,
   "00017.png": 0.884642481803894,
   "00006.png": 0.8717824220657349,
   "00010.png": 0.8421359062194824,
   "00025.png": 0.911509096622467,
   "00015.png": 0.8771684765815735,
   "00024.png": 0.8877350687980652,
   "00026.png": 0.9064406156539917
  },
  "PSNR": {
   "00014.png": 22.985660552978516,
   "00020.png": 28.468225479125977,
   "00018.png": 26.92449951171875,
   "00019.png": 25.32720375061035,
   "00001.png": 27.816030502319336,
   "00029.png": 23.431541442871094,
   "00028.png": 26.917898178100586,
   "00004.png": 29.21577262878418,
   "00002.png": 26.097023010253906,
   "00008.png": 27.726016998291016,
   "00007.png": 27.28959846496582,
   "00023.png": 28.70038604736328,
   "00012.png": 24.5482177734375,
   "00021.png": 27.4810791015625,
   "00005.png": 28.452804565429688,
   "00013.png": 26.497608184814453,
   "00022.png": 27.20073699951172,
   "00011.png": 28.064865112304688,
   "00009.png": 25.131038665771484,
   "00027.png": 26.344697952270508,
   "00016.png": 26.705280303955078,
   "00003.png": 25.283042907714844,
   "00000.png": 24.633365631103516,
   "00017.png": 24.357532501220703,
   "00006.png": 27.588422775268555,
   "00010.png": 25.48223114013672,
   "00025.png": 29.979610443115234,
   "00015.png": 27.173927307128906,
   "00024.png": 29.322063446044922,
   "00026.png": 29.593141555786133
  },
  "LPIPS": {
   "00014.png": 0.3094315528869629,
   "00020.png": 0.24569359421730042,
   "00018.png": 0.24399515986442566,
   "00019.png": 0.24133166670799255,
   "00001.png": 0.2365894913673401,
   "00029.png": 0.3260011374950409,
   "00028.png": 0.23316849768161774,
   "00004.png": 0.23599615693092346,
   "00002.png": 0.23852260410785675,
   "00008.png": 0.36631307005882263,
   "00007.png": 0.21522554755210876,
   "00023.png": 0.22635841369628906,
   "00012.png": 0.22781622409820557,
   "00021.png": 0.2922636866569519,
   "00005.png": 0.2829456925392151,
   "00013.png": 0.2311650514602661,
   "00022.png": 0.23746757209300995,
   "00011.png": 0.31051790714263916,
   "00009.png": 0.24709871411323547,
   "00027.png": 0.22826731204986572,
   "00016.png": 0.20956751704216003,
   "00003.png": 0.29298925399780273,
   "00000.png": 0.3141023814678192,
   "00017.png": 0.26946669816970825,
   "00006.png": 0.2465847134590149,
   "00010.png": 0.24410384893417358,
   "00025.png": 0.19767053425312042,
   "00015.png": 0.25679031014442444,
   "00024.png": 0.266140341758728,
   "00026.png": 0.21407769620418549
  }
 }
}