{
 "ours_30000": {
  "SSIM": 0.9039489030838013,
  "PSNR": 28.837263107299805,
  "LPIPS": 0.20584025979042053
 },
 "ours_7000": {
  "SSIM": 0.8709274530410767,
  "PSNR": 26.82465171813965,
  "LPIPS": 0.2562553882598877
 }
}