{
 "ours_30000": {
  "SSIM": {
   "00014.png": 0.8564742207527161,
   "00020.png": 0.8986709117889404,
   "00018.png": 0.886387050151825,
   "00019.png": 0.8883470296859741,
   "00001.png": 0.8842281699180603,
   "00029.png": 0.8462379574775696,
   "00028.png": 0.8997609615325928,
   "00004.png": 0.9215583801269531,
   "00002.png": 0.8902608156204224,
   "00008.png": 0.8752831220626831,
   "00007.png": 0.8988093137741089,
   "00023.png": 0.9188653230667114,
   "00012.png": 0.8798927068710327,
   "00021.png": 0.8876115083694458,
   "00005.png": 0.897506058216095,
   "00013.png": 0.8864029049873352,
   "00022.png": 0.8970049619674683,
   "00011.png": 0.9062637686729431,
   "00009.png": 0.8668926954269409,
   "00027.png": 0.8971065878868103,
   "00016.png": 0.9083333611488342,
   "00003.png": 0.8438026309013367,
   "00000.png": 0.8516544103622437,
   "00017.png": 0.8945465087890625,
   "00006.png": 0.8843762874603271,
   "00010.png": 0.8801375031471252,
   "00025.png": 0.9235635995864868,
   "00015.png": 0.8963727951049805,
   "00024.png": 0.9043327569961548,
   "00026.png": 0.9180194139480591
  },
  "PSNR": {
   "00014.png": 24.321840286254883,
   "00020.png": 29.50762939453125,
   "00018.png": 27.732383728027344,
   "00019.png": 26.639291763305664,
   "00001.png": 28.902667999267578,
   "00029.png": 25.055023193359375,
   "00028.png": 27.76573944091797,
   "00004.png": 30.40536880493164,
   "00002.png": 27.86201286315918,
   "00008.png": 29.258100509643555,
   "00007.png": 28.839370727539062,
   "00023.png": 30.132408142089844,
   "00012.png": 25.730804443359375,
   "00021.png": 28.302698135375977,
   "00005.png": 29.227230072021484,
   "00013.png": 27.495826721191406,
   "00022.png": 28.14495849609375,
   "00011.png": 29.58486557006836,
   "00009.png": 26.570865631103516,
   "00027.png": 27.509069442749023,
   "00016.png": 27.934120178222656,
   "00003.png": 25.8555908203125,
   "00000.png": 25.89263153076172,
   "00017.png": 26.302576065063477,
   "00006.png": 28.501813888549805,
   "00010.png": 27.622297286987305,
   "00025.png": 31.531959533691406,
   "00015.png": 28.562715530395508,
   "00024.png": 30.405799865722656,
   "00026.png": 30.362422943115234
  },
  "LPIPS": {
   "00014.png": 0.27748972177505493,
   "00020.png": 0.2286093533039093,
   "00018.png": 0.22825917601585388,
   "00019.png": 0.22470329701900482,
   "00001.png": 0.21669858694076538,
   "00029.png": 0.2939833998680115,
   "00028.png": 0.2182684987783432,
   "00004.png": 0.21703270077705383,
   "00002.png": 0.21052715182304382,
   "00008.png": 0.3347417712211609,
   "00007.png": 0.1921965330839157,
   "00023.png": 0.20657885074615479,
   "00012.png": 0.2072022706270218,
   "00021.png": 0.2678071856498718,
   "00005.png": 0.2716447710990906,
   "00013.png": 0.2073262482881546,
   "00022.png": 0.2213417887687683,
   "00011.png": 0.297161340713501,
   "00009.png": 0.21974442899227142,
   "00027.png": 0.20641475915908813,
   "00016.png": 0.18481716513633728,
   "00003.png": 0.2784508466720581,
   "00000.png": 0.2860567569732666,
   "00017.png": 0.25259652733802795,
   "00006.png": 0.23341043293476105,
   "00010.png": 0.2140580415725708,
   "00025.png": 0.18571999669075012,
   "00015.png": 0.23601727187633514,
   "00024.png": 0.24486228823661804,
   "00026.png": 0.20027369260787964
  }
 },
 "ours_7000": {
  "SSIM": {
   "00014.png": 0.7978633642196655,
   "00020.png": 0.8576955795288086,
   "00018.png": 0.8432050347328186,
   "00019.png": 0.8289842009544373,
   "00001.png": 0.8255216479301453,
   "00029.png": 0.8029356002807617,
   "00028.png": 0.8617537617683411,
   "00004.png": 0.8814571499824524,
   "00002.png": 0.8281685709953308,
   "00008.png": 0.82187420129776,
   "00007.png": 0.8443301320075989,
   "00023.png": 0.8853054642677307,
   "00012.png": 0.8240582942962646,
   "00021.png": 0.8438886404037476,
   "00005.png": 0.8454008102416992,
   "00013.png": 0.8233031630516052,
   "00022.png": 0.8506099581718445,
   "00011.png": 0.8755385279655457,
   "00009.png": 0.8040952086448669,
   "00027.png": 0.8501001596450806,
   "00016.png": 0.8603506088256836,
   "00003.png": 0.8226206302642822,
   "00000.png": 0.8041861057281494,
   "00017.png": 0.8627268671989441,
   "00006.png": 0.8464539647102356,
   "00010.png": 0.7981273531913757,
   "00025.png": 0.890860915184021,
   "00015.png": 0.8440243601799011,
   "00024.png": 0.8620626330375671,
   "00026.png": 0.884692370891571
  },
  "PSNR": {
   "00014.png": 21.702594757080078,
   "00020.png": 26.81846809387207,
   "00018.png": 25.61396026611328,
   "00019.png": 21.716135025024414,
   "00001.png": 24.79376220703125,
   "00029.png": 22.080280303955078,
   "00028.png": 25.677377700805664,
   "00004.png": 28.023405075073242,
   "00002.png": 23.997163772583008,
   "00008.png": 25.053058624267578,
   "00007.png": 25.63148307800293,
   "00023.png": 27.910419464111328,
   "00012.png": 23.3290958404541,
   "00021.png": 26.1801815032959,
   "00005.png": 26.592098236083984,
   "00013.png": 24.411375045776367,
   "00022.png": 24.333518981933594,
   "00011.png": 26.69428825378418,
   "00009.png": 23.293926239013672,
   "00027.png": 25.132570266723633,
   "00016.png": 25.4395751953125,
   "00003.png": 24.810914993286133,
   "00000.png": 23.76711082458496,
   "00017.png": 22.602169036865234,
   "00006.png": 26.254619598388672,
   "00010.png": 23.129995346069336,
   "00025.png": 28.7575626373291,
   "00015.png": 25.121755599975586,
   "00024.png": 27.39725112915039,
   "00026.png": 28.340015411376953
  },
  "LPIPS": {
   "00014.png": 0.35229286551475525,
   "00020.png": 0.29367154836654663,
   "00018.png": 0.2934373617172241,
   "00019.png": 0.2992549538612366,
   "00001.png": 0.30054450035095215,
   "00029.png": 0.3594443202018738,
   "00028.png": 0.27451956272125244,
   "00004.png": 0.2940128445625305,
   "00002.png": 0.2961066961288452,
   "00008.png": 0.39625152945518494,
   "00007.png": 0.26656147837638855,
   "00023.png": 0.2694135308265686,
   "00012.png": 0.27751094102859497,
   "00021.png": 0.3341783583164215,
   "00005.png": 0.31320273876190186,
   "00013.png": 0.29064303636550903,
   "00022.png": 0.2941797375679016,
   "00011.png": 0.3382619023323059,
   "00009.png": 0.31051772832870483,
   "00027.png": 0.27015605568885803,
   "00016.png": 0.2645288109779358,
   "00003.png": 0.31526535749435425,
   "00000.png": 0.3490181863307953,
   "00017.png": 0.30962005257606506,
   "00006.png": 0.2868307828903198,
   "00010.png": 0.2981484532356262,
   "00025.png": 0.240594282746315,
   "00015.png": 0.3033958673477173,
   "00024.png": 0.31739866733551025,
   "00026.png": 0.2617633044719696
  }
 }
}