{
 "ours_30000": {
  "SSIM": 0.8896235227584839,
  "PSNR": 28.065336227416992,
  "LPIPS": 0.23546648025512695
 },
 "ours_7000": {
  "SSIM": 0.8424065113067627,
  "PSNR": 25.153533935546875,
  "LPIPS": 0.3023575246334076
 }
}