{
 "ours_30000": {
  "SSIM": {
   "00014.png": 0.9368029236793518,
   "00030.png": 0.9538677930831909,
   "00020.png": 0.9384797811508179,
   "00018.png": 0.9288885593414307,
   "00019.png": 0.9259840846061707,
   "00001.png": 0.9134827852249146,
   "00029.png": 0.9438539743423462,
   "00028.png": 0.9470389485359192,
   "00004.png": 0.9404172301292419,
   "00002.png": 0.9424845576286316,
   "00008.png": 0.9450455904006958,
   "00007.png": 0.9416833519935608,
   "00023.png": 0.9362874031066895,
   "00012.png": 0.888850212097168,
   "00021.png": 0.9441579580307007,
   "00005.png": 0.945331335067749,
   "00013.png": 0.9344440698623657,
   "00022.png": 0.9307317733764648,
   "00011.png": 0.9218792915344238,
   "00032.png": 0.9435585737228394,
   "00009.png": 0.8928686380386353,
   "00033.png": 0.9531094431877136,
   "00027.png": 0.9448910355567932,
   "00016.png": 0.915402352809906,
   "00003.png": 0.9346069693565369,
   "00000.png": 0.8686686158180237,
   "00035.png": 0.9159578680992126,
   "00031.png": 0.9299610257148743,
   "00017.png": 0.9327864646911621,
   "00006.png": 0.9371504783630371,
   "00010.png": 0.9242218732833862,
   "00034.png": 0.8987951874732971,
   "00025.png": 0.9354876279830933,
   "00015.png": 0.7859658598899841,
   "00024.png": 0.934417724609375,
   "00036.png": 0.9309563040733337,
   "00026.png": 0.9410639405250549
  },
  "PSNR": {
   "00014.png": 32.683349609375,
   "00030.png": 34.44282913208008,
   "00020.png": 33.89540100097656,
   "00018.png": 31.92394256591797,
   "00019.png": 31.56578254699707,
   "00001.png": 28.602909088134766,
   "00029.png": 33.419830322265625,
   "00028.png": 31.72132110595703,
   "00004.png": 33.63145446777344,
   "00002.png": 32.87985610961914,
   "00008.png": 32.63130569458008,
   "00007.png": 33.818206787109375,
   "00023.png": 32.376766204833984,
   "00012.png": 25.924890518188477,
   "00021.png": 33.986846923828125,
   "00005.png": 33.82358169555664,
   "00013.png": 30.710905075073242,
   "00022.png": 33.24585723876953,
   "00011.png": 28.1766414642334,
   "00032.png": 34.81608200073242,
   "00009.png": 24.01012420654297,
   "00033.png": 34.79631805419922,
   "00027.png": 33.52409744262695,
   "00016.png": 28.55790138244629,
   "00003.png": 30.96331024169922,
   "00000.png": 23.74372100830078,
   "00035.png": 28.1156005859375,
   "00031.png": 32.32822036743164,
   "00017.png": 32.49317932128906,
   "00006.png": 30.938232421875,
   "00010.png": 31.167503356933594,
   "00034.png": 25.96033477783203,
   "00025.png": 30.33590316772461,
   "00015.png": 22.96013069152832,
   "00024.png": 32.70869064331055,
   "00036.png": 29.74209213256836,
   "00026.png": 33.78522491455078
  },
  "LPIPS": {
   "00014.png": 0.16729183495044708,
   "00030.png": 0.2378050833940506,
   "00020.png": 0.2609507739543915,
   "00018.png": 0.21500664949417114,
   "00019.png": 0.24426467716693878,
   "00001.png": 0.19612637162208557,
   "00029.png": 0.25504183769226074,
   "00028.png": 0.25297319889068604,
   "00004.png": 0.18054264783859253,
   "00002.png": 0.17315196990966797,
   "00008.png": 0.17194315791130066,
   "00007.png": 0.18217414617538452,
   "00023.png": 0.24100452661514282,
   "00012.png": 0.2503025531768799,
   "00021.png": 0.2318379282951355,
   "00005.png": 0.1752522587776184,
   "00013.png": 0.17182627320289612,
   "00022.png": 0.258486807346344,
   "00011.png": 0.20494729280471802,
   "00032.png": 0.2290838658809662,
   "00009.png": 0.20162487030029297,
   "00033.png": 0.1918649971485138,
   "00027.png": 0.26594895124435425,
   "00016.png": 0.2123577892780304,
   "00003.png": 0.19670242071151733,
   "00000.png": 0.2427557110786438,
   "00035.png": 0.21596980094909668,
   "00031.png": 0.23833242058753967,
   "00017.png": 0.21393850445747375,
   "00006.png": 0.19912679493427277,
   "00010.png": 0.17498113214969635,
   "00034.png": 0.19170230627059937,
   "00025.png": 0.2957807183265686,
   "00015.png": 0.26903194189071655,
   "00024.png": 0.2911345064640045,
   "00036.png": 0.2903561592102051,
   "00026.png": 0.29660606384277344
  }
 },
 "ours_7000": {
  "SSIM": {
   "00014.png": 0.8904330134391785,
   "00030.png": 0.9315504431724548,
   "00020.png": 0.9020959734916687,
   "00018.png": 0.8672571182250977,
   "00019.png": 0.8701624274253845,
   "00001.png": 0.8737865090370178,
   "00029.png": 0.9167506694793701,
   "00028.png": 0.9195000529289246,
   "00004.png": 0.8937152028083801,
   "00002.png": 0.889497697353363,
   "00008.png": 0.8965827226638794,
   "00007.png": 0.9033249616622925,
   "00023.png": 0.9007287621498108,
   "00012.png": 0.8182168006896973,
   "00021.png": 0.8983890414237976,
   "00005.png": 0.9030698537826538,
   "00013.png": 0.8800271153450012,
   "00022.png": 0.8674377202987671,
   "00011.png": 0.8682397603988647,
   "00032.png": 0.9147315621376038,
   "00009.png": 0.8066840171813965,
   "00033.png": 0.9264724254608154,
   "00027.png": 0.9233564138412476,
   "00016.png": 0.8651763200759888,
   "00003.png": 0.8721059560775757,
   "00000.png": 0.8059183359146118,
   "00035.png": 0.8702978491783142,
   "00031.png": 0.9053009152412415,
   "00017.png": 0.8904802799224854,
   "00006.png": 0.8897694945335388,
   "00010.png": 0.865955650806427,
   "00034.png": 0.8893104791641235,
   "00025.png": 0.8962793350219727,
   "00015.png": 0.6553767919540405,
   "00024.png": 0.9037916660308838,
   "00036.png": 0.90969318151474,
   "00026.png": 0.9094127416610718
  },
  "PSNR": {
   "00014.png": 29.05286407470703,
   "00030.png": 30.02448272705078,
   "00020.png": 29.730934143066406,
   "00018.png": 26.711732864379883,
   "00019.png": 26.439556121826172,
   "00001.png": 25.817855834960938,
   "00029.png": 29.840496063232422,
   "00028.png": 25.59028434753418,
   "00004.png": 29.25748634338379,
   "00002.png": 26.972448348999023,
   "00008.png": 27.992557525634766,
   "00007.png": 30.056398391723633,
   "00023.png": 28.90536117553711,
   "00012.png": 22.467573165893555,
   "00021.png": 28.10349464416504,
   "00005.png": 29.757139205932617,
   "00013.png": 27.1776180267334,
   "00022.png": 24.173419952392578,
   "00011.png": 25.4416446685791,
   "00032.png": 30.70142936706543,
   "00009.png": 21.054645538330078,
   "00033.png": 30.59152603149414,
   "00027.png": 29.48357582092285,
   "00016.png": 25.792695999145508,
   "00003.png": 26.1107234954834,
   "00000.png": 19.628700256347656,
   "00035.png": 24.161930084228516,
   "00031.png": 29.06355857849121,
   "00017.png": 28.822803497314453,
   "00006.png": 26.680116653442383,
   "00010.png": 26.60696792602539,
   "00034.png": 25.972318649291992,
   "00025.png": 24.773101806640625,
   "00015.png": 17.8009090423584,
   "00024.png": 27.840591430664062,
   "00036.png": 27.15637969970703,
   "00026.png": 28.915605545043945
  },
  "LPIPS": {
   "00014.png": 0.2409096658229828,
   "00030.png": 0.281774640083313,
   "00020.png": 0.32632675766944885,
   "00018.png": 0.29232057929039,
   "00019.png": 0.32000041007995605,
   "00001.png": 0.2537883520126343,
   "00029.png": 0.3064368963241577,
   "00028.png": 0.30505403876304626,
   "00004.png": 0.24565711617469788,
   "00002.png": 0.23840802907943726,
   "00008.png": 0.23537740111351013,
   "00007.png": 0.2422933727502823,
   "00023.png": 0.306845486164093,
   "00012.png": 0.3451283574104309,
   "00021.png": 0.30891966819763184,
   "00005.png": 0.23922905325889587,
   "00013.png": 0.2510984241962433,
   "00022.png": 0.3510795533657074,
   "00011.png": 0.2869294285774231,
   "00032.png": 0.27984219789505005,
   "00009.png": 0.2888954281806946,
   "00033.png": 0.23374046385288239,
   "00027.png": 0.3132650852203369,
   "00016.png": 0.28550562262535095,
   "00003.png": 0.26640963554382324,
   "00000.png": 0.3075534403324127,
   "00035.png": 0.27187830209732056,
   "00031.png": 0.28553345799446106,
   "00017.png": 0.2824530005455017,
   "00006.png": 0.2785411775112152,
   "00010.png": 0.24744576215744019,
   "00034.png": 0.23725003004074097,
   "00025.png": 0.3667766749858856,
   "00015.png": 0.37161439657211304,