{
 "ours_30000": {
  "SSIM": 0.9264751076698303,
  "PSNR": 31.092117309570312,
  "LPIPS": 0.22400619089603424
 },
 "ours_7000": {
  "SSIM": 0.8808345198631287,
  "PSNR": 26.882999420166016,
  "LPIPS": 0.29007062315940857
 }
}