{
 "ours_30000": {
  "SSIM": {
   "00014.png": 0.9455065727233887,
   "00030.png": 0.9581946134567261,
   "00020.png": 0.9437740445137024,
   "00018.png": 0.9392917156219482,
   "00019.png": 0.9367936849594116,
   "00001.png": 0.9333069920539856,
   "00029.png": 0.9475394487380981,
   "00028.png": 0.9546714425086975,
   "00004.png": 0.947790265083313,
   "00002.png": 0.9480101466178894,
   "00008.png": 0.9480584263801575,
   "00007.png": 0.9489102959632874,
   "00023.png": 0.9441125392913818,
   "00012.png": 0.9032686352729797,
   "00021.png": 0.9508025646209717,
   "00005.png": 0.9536640644073486,
   "00013.png": 0.943911612033844,
   "00022.png": 0.9404677748680115,
   "00011.png": 0.9355804324150085,
   "00032.png": 0.9502519965171814,
   "00009.png": 0.9285686612129211,
   "00033.png": 0.9551464319229126,
   "00027.png": 0.9482430219650269,
   "00016.png": 0.9339861273765564,
   "00003.png": 0.9436019062995911,
   "00000.png": 0.9058452844619751,
   "00035.png": 0.921940267086029,
   "00031.png": 0.9345630407333374,
   "00017.png": 0.9399874806404114,
   "00006.png": 0.9458484649658203,
   "00010.png": 0.9364586472511292,
   "00034.png": 0.8797423243522644,
   "00025.png": 0.9406445622444153,
   "00015.png": 0.9213013052940369,
   "00024.png": 0.9356921911239624,
   "00036.png": 0.9335243105888367,
   "00026.png": 0.9466391205787659
  },
  "PSNR": {
   "00014.png": 33.65554428100586,
   "00030.png": 35.39714813232422,
   "00020.png": 34.753883361816406,
   "00018.png": 33.17634582519531,
   "00019.png": 33.00929641723633,
   "00001.png": 29.353971481323242,
   "00029.png": 33.57624816894531,
   "00028.png": 33.93885040283203,
   "00004.png": 34.13601303100586,
   "00002.png": 33.60033416748047,
   "00008.png": 33.33425521850586,
   "00007.png": 34.53792953491211,
   "00023.png": 33.956443786621094,
   "00012.png": 27.434358596801758,
   "00021.png": 34.94160842895508,
   "00005.png": 35.102989196777344,
   "00013.png": 31.45850372314453,
   "00022.png": 34.56645584106445,
   "00011.png": 28.799823760986328,
   "00032.png": 36.03824996948242,
   "00009.png": 24.986019134521484,
   "00033.png": 34.96005630493164,
   "00027.png": 33.854862213134766,
   "00016.png": 29.168785095214844,
   "00003.png": 31.994190216064453,
   "00000.png": 26.079601287841797,
   "00035.png": 28.848407745361328,
   "00031.png": 32.01198196411133,
   "00017.png": 33.43178176879883,
   "00006.png": 32.50765609741211,
   "00010.png": 32.056819915771484,
   "00034.png": 24.1573486328125,
   "00025.png": 31.007171630859375,
   "00015.png": 27.819381713867188,
   "00024.png": 32.75703048706055,
   "00036.png": 29.709253311157227,
   "00026.png": 34.337520599365234
  },
  "LPIPS": {
   "00014.png": 0.14294300973415375,
   "00030.png": 0.22969180345535278,
   "00020.png": 0.24512939155101776,
   "00018.png": 0.19639983773231506,
   "00019.png": 0.22646617889404297,
   "00001.png": 0.1794302761554718,
   "00029.png": 0.24672308564186096,
   "00028.png": 0.23671536147594452,
   "00004.png": 0.16111867129802704,
   "00002.png": 0.1597701907157898,
   "00008.png": 0.1622096449136734,
   "00007.png": 0.1663486808538437,
   "00023.png": 0.22517673671245575,
   "00012.png": 0.22655248641967773,
   "00021.png": 0.21925196051597595,
   "00005.png": 0.1565130054950714,
   "00013.png": 0.14705179631710052,
   "00022.png": 0.2371656447649002,
   "00011.png": 0.17658576369285583,
   "00032.png": 0.21488264203071594,
   "00009.png": 0.1739007532596588,
   "00033.png": 0.1841261386871338,
   "00027.png": 0.25359806418418884,
   "00016.png": 0.18390870094299316,
   "00003.png": 0.18410907685756683,
   "00000.png": 0.2173522412776947,
   "00035.png": 0.20214593410491943,
   "00031.png": 0.22822801768779755,
   "00017.png": 0.1934605836868286,
   "00006.png": 0.1808852106332779,
   "00010.png": 0.1539236605167389,
   "00034.png": 0.18318700790405273,
   "00025.png": 0.2791137099266052,
   "00015.png": 0.23276984691619873,
   "00024.png": 0.28413599729537964,
   "00036.png": 0.2782819867134094,
   "00026.png": 0.2807515263557434
  }
 },
 "ours_7000": {
  "SSIM": {
   "00014.png": 0.9183462262153625,
   "00030.png": 0.9417339563369751,
   "00020.png": 0.930045485496521,
   "00018.png": 0.9093661308288574,
   "00019.png": 0.9101650714874268,
   "00001.png": 0.9047822952270508,
   "00029.png": 0.9285032153129578,
   "00028.png": 0.9393466711044312,
   "00004.png": 0.9265660643577576,
   "00002.png": 0.9318929314613342,
   "00008.png": 0.9290173649787903,
   "00007.png": 0.9280018210411072,
   "00023.png": 0.9252232313156128,
   "00012.png": 0.8837416768074036,
   "00021.png": 0.9286711812019348,
   "00005.png": 0.9296479225158691,
   "00013.png": 0.9190124869346619,
   "00022.png": 0.9126052856445312,
   "00011.png": 0.9085776209831238,
   "00032.png": 0.9298422932624817,
   "00009.png": 0.8976913094520569,
   "00033.png": 0.9419834017753601,
   "00027.png": 0.9341970682144165,
   "00016.png": 0.9032710194587708,
   "00003.png": 0.9259456396102905,
   "00000.png": 0.8707855343818665,
   "00035.png": 0.9100282192230225,
   "00031.png": 0.9227754473686218,
   "00017.png": 0.914143979549408,
   "00006.png": 0.9256337285041809,
   "00010.png": 0.9047529101371765,
   "00034.png": 0.9131287336349487,
   "00025.png": 0.9212877154350281,
   "00015.png": 0.8914273977279663,
   "00024.png": 0.9165615439414978,
   "00036.png": 0.9241456985473633,
   "00026.png": 0.9238804578781128
  },
  "PSNR": {
   "00014.png": 30.35923957824707,
   "00030.png": 31.640270233154297,
   "00020.png": 32.56218338012695,
   "00018.png": 29.827260971069336,
   "00019.png": 30.03929901123047,
   "00001.png": 26.769025802612305,
   "00029.png": 31.05215072631836,
   "00028.png": 30.427331924438477,
   "00004.png": 31.801715850830078,
   "00002.png": 30.628467559814453,
   "00008.png": 30.786678314208984,
   "00007.png": 31.744617462158203,
   "00023.png": 30.76154327392578,
   "00012.png": 25.684158325195312,
   "00021.png": 31.18621063232422,
   "00005.png": 31.873912811279297,
   "00013.png": 29.116783142089844,
   "00022.png": 30.97304916381836,
   "00011.png": 27.373306274414062,
   "00032.png": 32.21023178100586,
   "00009.png": 23.684547424316406,
   "00033.png": 32.64811325073242,
   "00027.png": 30.941017150878906,
   "00016.png": 27.560853958129883,
   "00003.png": 29.822540283203125,
   "00000.png": 23.47265625,
   "00035.png": 28.767459869384766,
   "00031.png": 30.72317123413086,
   "00017.png": 30.048667907714844,
   "00006.png": 29.587366104125977,
   "00010.png": 29.278390884399414,
   "00034.png": 28.535465240478516,
   "00025.png": 28.686893463134766,
   "00015.png": 25.031034469604492,
   "00024.png": 30.07362174987793,
   "00036.png": 28.547237396240234,
   "00026.png": 30.4537353515625
  },
  "LPIPS": {
   "00014.png": 0.18511366844177246,
   "00030.png": 0.2561834752559662,
   "00020.png": 0.2737268805503845,
   "00018.png": 0.2379174828529358,
   "00019.png": 0.2630971670150757,
   "00001.png": 0.2120354026556015,
   "00029.png": 0.27912449836730957,
   "00028.png": 0.2675324082374573,
   "00004.png": 0.19547033309936523,
   "00002.png": 0.18708500266075134,
   "00008.png": 0.19076357781887054,
   "00007.png": 0.19724147021770477,
   "00023.png": 0.2595440745353699,
   "00012.png": 0.2747826874256134,
   "00021.png": 0.2574217915534973,
   "00005.png": 0.1954904943704605,
   "00013.png": 0.19009844958782196,
   "00022.png": 0.28743278980255127,
   "00011.png": 0.22570377588272095,
   "00032.png": 0.24643224477767944,
   "00009.png": 0.22230619192123413,
   "00033.png": 0.20736080408096313,
   "00027.png": 0.28202933073043823,
   "00016.png": 0.23112550377845764,
   "00003.png": 0.21135783195495605,
   "00000.png": 0.24581071734428406,
   "00035.png": 0.23221927881240845,
   "00031.png": 0.24786439538002014,
   "00017.png": 0.23274573683738708,
   "00006.png": 0.22174116969108582,
   "00010.png": 0.1914234161376953,
   "00034.png": 0.20182454586029053,
   "00025.png": 0.30968859791755676,