{
 "ours_30000": {
  "SSIM": 0.9385308027267456,
  "PSNR": 32.012325286865234,
  "LPIPS": 0.20675688982009888
 },
 "ours_7000": {
  "SSIM": 0.9182900190353394,
  "PSNR": 29.58595085144043,
  "LPIPS": 0.24143309891223907
 }
}