{
 "ours_30000": {
  "SSIM": {
   "00014.png": 0.8816974759101868,
   "00020.png": 0.9183834195137024,
   "00018.png": 0.9067876935005188,
   "00019.png": 0.9139440655708313,
   "00001.png": 0.9082453846931458,
   "00029.png": 0.8566662073135376,
   "00028.png": 0.9136590361595154,
   "00004.png": 0.9355419874191284,
   "00002.png": 0.9099252223968506,
   "00008.png": 0.8955755829811096,
   "00007.png": 0.9182601571083069,
   "00023.png": 0.9312584400177002,
   "00012.png": 0.8966425061225891,
   "00021.png": 0.9052067995071411,
   "00005.png": 0.9041563868522644,
   "00013.png": 0.914024293422699,
   "00022.png": 0.91481614112854,
   "00011.png": 0.9159445762634277,
   "00009.png": 0.8927141427993774,
   "00027.png": 0.9137417674064636,
   "00016.png": 0.9246640205383301,
   "00003.png": 0.8479402661323547,
   "00000.png": 0.8773430585861206,
   "00017.png": 0.9026243686676025,
   "00006.png": 0.8988803029060364,
   "00010.png": 0.9030861258506775,
   "00025.png": 0.936418890953064,
   "00015.png": 0.9073870778083801,
   "00024.png": 0.9208173751831055,
   "00026.png": 0.9318434000015259
  },
  "PSNR": {
   "00014.png": 25.544157028198242,
   "00020.png": 30.737876892089844,
   "00018.png": 28.851926803588867,
   "00019.png": 28.019989013671875,
   "00001.png": 29.92593002319336,
   "00029.png": 25.34864616394043,
   "00028.png": 28.826343536376953,
   "00004.png": 31.49021339416504,
   "00002.png": 29.172382354736328,
   "00008.png": 30.253332138061523,
   "00007.png": 30.248830795288086,
   "00023.png": 30.614652633666992,
   "00012.png": 26.73263168334961,
   "00021.png": 29.27436637878418,
   "00005.png": 29.368181228637695,
   "00013.png": 29.215023040771484,
   "00022.png": 29.226119995117188,
   "00011.png": 30.695728302001953,
   "00009.png": 27.74317169189453,
   "00027.png": 28.353775024414062,
   "00016.png": 28.854671478271484,
   "00003.png": 26.336366653442383,
   "00000.png": 27.170089721679688,
   "00017.png": 27.636491775512695,
   "00006.png": 29.525901794433594,
   "00010.png": 28.65970230102539,
   "00025.png": 32.52341079711914,
   "00015.png": 29.141712188720703,
   "00024.png": 31.25431251525879,
   "00026.png": 30.910823822021484
  },
  "LPIPS": {
   "00014.png": 0.23714029788970947,
   "00020.png": 0.18563079833984375,
   "00018.png": 0.1858328878879547,
   "00019.png": 0.18046489357948303,
   "00001.png": 0.17419689893722534,
   "00029.png": 0.2662264108657837,
   "00028.png": 0.1912633180618286,
   "00004.png": 0.18700385093688965,
   "00002.png": 0.17302252352237701,
   "00008.png": 0.30006563663482666,
   "00007.png": 0.1512199491262436,
   "00023.png": 0.17502561211585999,
   "00012.png": 0.17051859200000763,
   "00021.png": 0.22850707173347473,
   "00005.png": 0.25260019302368164,
   "00013.png": 0.1656932532787323,
   "00022.png": 0.18588954210281372,
   "00011.png": 0.2759261727333069,
   "00009.png": 0.1752157062292099,
   "00027.png": 0.1700853705406189,
   "00016.png": 0.15587395429611206,
   "00003.png": 0.2606956660747528,
   "00000.png": 0.23927363753318787,
   "00017.png": 0.22628602385520935,
   "00006.png": 0.1994033306837082,
   "00010.png": 0.17340758442878723,
   "00025.png": 0.15777255594730377,
   "00015.png": 0.2097271978855133,
   "00024.png": 0.20813894271850586,
   "00026.png": 0.17008644342422485
  }
 },
 "ours_7000": {
  "SSIM": {
   "00014.png": 0.8361353278160095,
   "00020.png": 0.895405113697052,
   "00018.png": 0.8759637475013733,
   "00019.png": 0.880914032459259,
   "00001.png": 0.8782602548599243,
   "00029.png": 0.8265233039855957,
   "00028.png": 0.8926150798797607,
   "00004.png": 0.9143973588943481,
   "00002.png": 0.8770050406455994,
   "00008.png": 0.8522300720214844,
   "00007.png": 0.8870129585266113,
   "00023.png": 0.9119810461997986,
   "00012.png": 0.8569357991218567,
   "00021.png": 0.8761829137802124,
   "00005.png": 0.890789806842804,
   "00013.png": 0.8665309548377991,
   "00022.png": 0.8919064402580261,
   "00011.png": 0.8943251371383667,
   "00009.png": 0.8563612103462219,
   "00027.png": 0.8830605149269104,
   "00016.png": 0.8948908448219299,
   "00003.png": 0.8345567584037781,
   "00000.png": 0.8320451378822327,
   "00017.png": 0.889581024646759,
   "00006.png": 0.8748360276222229,
   "00010.png": 0.8465672135353088,
   "00025.png": 0.9222205877304077,
   "00015.png": 0.881633996963501,
   "00024.png": 0.8968980312347412,
   "00026.png": 0.9130443930625916
  },
  "PSNR": {
   "00014.png": 23.633804321289062,
   "00020.png": 29.187881469726562,
   "00018.png": 27.227458953857422,
   "00019.png": 25.623676300048828,
   "00001.png": 28.226137161254883,
   "00029.png": 23.912813186645508,
   "00028.png": 27.270587921142578,
   "00004.png": 29.632970809936523,
   "00002.png": 26.92247200012207,
   "00008.png": 28.242952346801758,
   "00007.png": 27.759017944335938,
   "00023.png": 29.217212677001953,
   "00012.png": 24.623308181762695,
   "00021.png": 27.83412742614746,
   "00005.png": 28.401378631591797,
   "00013.png": 26.51240348815918,
   "00022.png": 27.775667190551758,
   "00011.png": 28.714214324951172,
   "00009.png": 25.501705169677734,
   "00027.png": 26.80721664428711,
   "00016.png": 27.179601669311523,
   "00003.png": 25.374624252319336,
   "00000.png": 24.783689498901367,
   "00017.png": 25.377059936523438,
   "00006.png": 27.70984649658203,
   "00010.png": 26.016950607299805,
   "00025.png": 31.127473831176758,
   "00015.png": 27.38036346435547,
   "00024.png": 29.47303009033203,
   "00026.png": 29.914207458496094
  },
  "LPIPS": {
   "00014.png": 0.2969878315925598,
   "00020.png": 0.2310781627893448,
   "00018.png": 0.23234310746192932,
   "00019.png": 0.22798395156860352,
   "00001.png": 0.22180220484733582,
   "00029.png": 0.3133569657802582,
   "00028.png": 0.2242112159729004,
   "00004.png": 0.22364427149295807,
   "00002.png": 0.22040718793869019,
   "00008.png": 0.3567219376564026,
   "00007.png": 0.20226074755191803,
   "00023.png": 0.21130095422267914,
   "00012.png": 0.2210868000984192,
   "00021.png": 0.27917784452438354,
   "00005.png": 0.280173659324646,
   "00013.png": 0.22204354405403137,
   "00022.png": 0.22270408272743225,
   "00011.png": 0.30443376302719116,
   "00009.png": 0.23159664869308472,
   "00027.png": 0.2166154831647873,
   "00016.png": 0.19656246900558472,
   "00003.png": 0.287033349275589,
   "00000.png": 0.3003922402858734,
   "00017.png": 0.2595457136631012,
   "00006.png": 0.23650671541690826,
   "00010.png": 0.23372548818588257,
   "00025.png": 0.185559943318367,
   "00015.png": 0.24689897894859314,
   "00024.png": 0.2529434561729431,
   "00026.png": 0.2051880806684494
  }
 }
}