{
 "ours_30000": {
  "SSIM": 0.9066064357757568,
  "PSNR": 29.055227279663086,
  "LPIPS": 0.20107316970825195
 },
 "ours_7000": {
  "SSIM": 0.8776935935020447,
  "PSNR": 27.24546241760254,
  "LPIPS": 0.2448095679283142
 }
}