{
 "ours_30000": {
  "SSIM": {
   "00014.png": 0.9365663528442383,
   "00030.png": 0.8864091634750366,
   "00020.png": 0.9154684543609619,
   "00018.png": 0.91831374168396,
   "00019.png": 0.9277718663215637,
   "00001.png": 0.879994809627533,
   "00029.png": 0.9077431559562683,
   "00028.png": 0.8992974758148193,
   "00004.png": 0.9439226388931274,
   "00002.png": 0.8716774582862854,
   "00008.png": 0.920433521270752,
   "00007.png": 0.9513878226280212,
   "00023.png": 0.8799580931663513,
   "00012.png": 0.9370673298835754,
   "00021.png": 0.8720596432685852,
   "00005.png": 0.9122298955917358,
   "00013.png": 0.9067850708961487,
   "00022.png": 0.9137778282165527,
   "00011.png": 0.93560791015625,
   "00032.png": 0.9278991222381592,
   "00009.png": 0.9407384395599365,
   "00033.png": 0.9169599413871765,
   "00027.png": 0.9034912586212158,
   "00016.png": 0.9066828489303589,
   "00003.png": 0.9124873280525208,
   "00000.png": 0.8693917393684387,
   "00035.png": 0.9440746307373047,
   "00031.png": 0.8294053077697754,
   "00017.png": 0.9450764060020447,
   "00006.png": 0.9022001028060913,
   "00010.png": 0.9176781177520752,
   "00034.png": 0.9339058995246887,
   "00025.png": 0.9214457869529724,
   "00015.png": 0.8617938160896301,
   "00024.png": 0.9139724969863892,
   "00036.png": 0.8704507946968079,
   "00026.png": 0.9361264109611511,
   "00038.png": 0.8864260315895081,
   "00037.png": 0.9350538849830627
  },
  "PSNR": {
   "00014.png": 30.98821258544922,
   "00030.png": 31.11980438232422,
   "00020.png": 31.100732803344727,
   "00018.png": 32.672264099121094,
   "00019.png": 29.28988265991211,
   "00001.png": 32.585845947265625,
   "00029.png": 28.516389846801758,
   "00028.png": 29.40143585205078,
   "00004.png": 33.32072067260742,
   "00002.png": 32.56538772583008,
   "00008.png": 30.589454650878906,
   "00007.png": 33.7398681640625,
   "00023.png": 27.398069381713867,
   "00012.png": 34.54512405395508,
   "00021.png": 30.290664672851562,
   "00005.png": 28.895967483520508,
   "00013.png": 31.252864837646484,
   "00022.png": 32.6119384765625,
   "00011.png": 35.81288528442383,
   "00032.png": 29.93421745300293,
   "00009.png": 33.7733154296875,
   "00033.png": 29.575977325439453,
   "00027.png": 31.392724990844727,
   "00016.png": 31.14934539794922,
   "00003.png": 34.3065299987793,
   "00000.png": 29.417072296142578,
   "00035.png": 25.597076416015625,
   "00031.png": 32.004032135009766,
   "00017.png": 34.6677360534668,
   "00006.png": 32.65053176879883,
   "00010.png": 33.22892761230469,
   "00034.png": 23.087310791015625,
   "00025.png": 32.17240905761719,
   "00015.png": 31.918468475341797,
   "00024.png": 30.130924224853516,
   "00036.png": 23.509695053100586,
   "00026.png": 31.60938262939453,
   "00038.png": 30.371877670288086,
   "00037.png": 33.227394104003906
  },
  "LPIPS": {
   "00014.png": 0.17757830023765564,
   "00030.png": 0.3245846629142761,
   "00020.png": 0.20578250288963318,
   "00018.png": 0.26321667432785034,
   "00019.png": 0.19302520155906677,
   "00001.png": 0.2344752550125122,
   "00029.png": 0.2601078450679779,
   "00028.png": 0.2581920027732849,
   "00004.png": 0.2000284492969513,
   "00002.png": 0.25391703844070435,
   "00008.png": 0.20803631842136383,
   "00007.png": 0.17373649775981903,
   "00023.png": 0.23041650652885437,
   "00012.png": 0.1913713961839676,
   "00021.png": 0.3150598406791687,
   "00005.png": 0.2103775143623352,
   "00013.png": 0.21813741326332092,
   "00022.png": 0.19547364115715027,
   "00011.png": 0.19701749086380005,
   "00032.png": 0.19460073113441467,
   "00009.png": 0.1820172369480133,
   "00033.png": 0.24267934262752533,
   "00027.png": 0.2827826738357544,
   "00016.png": 0.23977476358413696,
   "00003.png": 0.22435052692890167,
   "00000.png": 0.2368500828742981,
   "00035.png": 0.26964399218559265,
   "00031.png": 0.34478533267974854,
   "00017.png": 0.17098194360733032,
   "00006.png": 0.2388671636581421,
   "00010.png": 0.22012898325920105,
   "00034.png": 0.29158398509025574,
   "00025.png": 0.2380492091178894,
   "00015.png": 0.28221970796585083,
   "00024.png": 0.26709914207458496,
   "00036.png": 0.39092257618904114,
   "00026.png": 0.20102083683013916,
   "00038.png": 0.3219013214111328,
   "00037.png": 0.27415990829467773
  }
 },
 "ours_7000": {
  "SSIM": {
   "00014.png": 0.9135715961456299,
   "00030.png": 0.8823410868644714,
   "00020.png": 0.8874188661575317,
   "00018.png": 0.9025481343269348,
   "00019.png": 0.9027366638183594,
   "00001.png": 0.8476611971855164,
   "00029.png": 0.8349454998970032,
   "00028.png": 0.8486295342445374,
   "00004.png": 0.9289149641990662,
   "00002.png": 0.8267965316772461,
   "00008.png": 0.8984860777854919,
   "00007.png": 0.9286640882492065,
   "00023.png": 0.8349130153656006,
   "00012.png": 0.9235472679138184,
   "00021.png": 0.8766498565673828,
   "00005.png": 0.8827358484268188,
   "00013.png": 0.8665079474449158,
   "00022.png": 0.8811433911323547,
   "00011.png": 0.9076941609382629,
   "00032.png": 0.89769446849823,
   "00009.png": 0.9230526685714722,
   "00033.png": 0.8873224258422852,
   "00027.png": 0.8908700942993164,
   "00016.png": 0.8744149208068848,
   "00003.png": 0.8828995227813721,
   "00000.png": 0.8331666588783264,
   "00035.png": 0.9060603976249695,
   "00031.png": 0.8096204996109009,
   "00017.png": 0.9263336658477783,
   "00006.png": 0.8645322918891907,
   "00010.png": 0.8873149156570435,
   "00034.png": 0.899357795715332,
   "00025.png": 0.9092370271682739,
   "00015.png": 0.8289071917533875,
   "00024.png": 0.8945322632789612,
   "00036.png": 0.8549290895462036,
   "00026.png": 0.9133538603782654,
   "00038.png": 0.8747999668121338,
   "00037.png": 0.9210062623023987
  },
  "PSNR": {
   "00014.png": 27.990406036376953,
   "00030.png": 30.141069412231445,
   "00020.png": 28.966543197631836,
   "00018.png": 30.821884155273438,
   "00019.png": 26.811092376708984,
   "00001.png": 30.86221694946289,
   "00029.png": 23.8808536529541,
   "00028.png": 25.607250213623047,
   "00004.png": 30.540008544921875,
   "00002.png": 29.98976707458496,
   "00008.png": 28.1299991607666,
   "00007.png": 30.476682662963867,
   "00023.png": 24.756662368774414,
   "00012.png": 32.41914749145508,
   "00021.png": 28.72003936767578,
   "00005.png": 25.861278533935547,
   "00013.png": 27.757856369018555,
   "00022.png": 29.844676971435547,
   "00011.png": 30.977981567382812,
   "00032.png": 26.527027130126953,
   "00009.png": 31.238887786865234,
   "00033.png": 26.62919044494629,
   "00027.png": 30.2785587310791,
   "00016.png": 28.5682373046875,
   "00003.png": 32.1268424987793,
   "00000.png": 27.772682189941406,
   "00035.png": 20.884553909301758,
   "00031.png": 31.46811294555664,
   "00017.png": 31.447696685791016,
   "00006.png": 30.857189178466797,
   "00010.png": 31.522720336914062,
   "00034.png": 18.109947204589844,
   "00025.png": 30.489604949951172,
   "00015.png": 30.35334587097168,
   "00024.png": 28.08620834350586,
   "00036.png": 22.75870132446289,
   "00026.png": 29.10610580444336,
   "00038.png": 29.447677612304688,
   "00037.png": 29.821626663208008
  },
  "LPIPS": {
   "00014.png": 0.2127041518688202,
   "00030.png": 0.3484955430030823,
   "00020.png": 0.26087185740470886,
   "00018.png": 0.29373443126678467,
   "00019.png": 0.24098628759384155,
   "00001.png": 0.28775596618652344,
   "00029.png": 0.34977075457572937,
   "00028.png": 0.3340369760990143,
   "00004.png": 0.23259298503398895,
   "00002.png": 0.3173125386238098,
   "00008.png": 0.2420703023672104,
   "00007.png": 0.21783655881881714,
   "00023.png": 0.2953045666217804,
   "00012.png": 0.2251400202512741,
   "00021.png": 0.32845908403396606,
   "00005.png": 0.25782880187034607,
   "00013.png": 0.2729942202568054,
   "00022.png": 0.25380414724349976,
   "00011.png": 0.23719362914562225,
   "00032.png": 0.2360132485628128,
   "00009.png": 0.22311954200267792,
   "00033.png": 0.2907940745353699,
   "00027.png": 0.3167762756347656,
   "00016.png": 0.2872052788734436,