{
 "ours_30000": {
  "SSIM": 0.9100443720817566,
  "PSNR": 31.036470413208008,
  "LPIPS": 0.24166549742221832
 },
 "ours_7000": {
  "SSIM": 0.8834695219993591,
  "PSNR": 28.514110565185547,
  "LPIPS": 0.28683891892433167
 }
}