{
 "ours_30000": {
  "SSIM": {
   "00014.png": 0.9448435306549072,
   "00030.png": 0.9582839608192444,
   "00020.png": 0.9439416527748108,
   "00018.png": 0.9387935996055603,
   "00019.png": 0.9366158843040466,
   "00001.png": 0.9315162301063538,
   "00029.png": 0.947550356388092,
   "00028.png": 0.9539546370506287,
   "00004.png": 0.9476764798164368,
   "00002.png": 0.9499265551567078,
   "00008.png": 0.950864315032959,
   "00007.png": 0.948639988899231,
   "00023.png": 0.9420733451843262,
   "00012.png": 0.9072938561439514,
   "00021.png": 0.9508538246154785,
   "00005.png": 0.9533432126045227,
   "00013.png": 0.9439312815666199,
   "00022.png": 0.9397955536842346,
   "00011.png": 0.9338276386260986,
   "00032.png": 0.9504039883613586,
   "00009.png": 0.927935779094696,
   "00033.png": 0.9575855135917664,
   "00027.png": 0.9490772485733032,
   "00016.png": 0.9321130514144897,
   "00003.png": 0.9437007904052734,
   "00000.png": 0.904556393623352,
   "00035.png": 0.925512433052063,
   "00031.png": 0.9324800372123718,
   "00017.png": 0.9415673017501831,
   "00006.png": 0.9459813833236694,
   "00010.png": 0.9351004362106323,
   "00034.png": 0.9045096635818481,
   "00025.png": 0.9416878819465637,
   "00015.png": 0.9194225668907166,
   "00024.png": 0.9364245533943176,
   "00036.png": 0.9342326521873474,
   "00026.png": 0.9472566843032837
  },
  "PSNR": {
   "00014.png": 33.573055267333984,
   "00030.png": 35.82682800292969,
   "00020.png": 34.81001281738281,
   "00018.png": 33.0174560546875,
   "00019.png": 33.209022521972656,
   "00001.png": 29.237701416015625,
   "00029.png": 33.70574951171875,
   "00028.png": 33.649070739746094,
   "00004.png": 34.20343017578125,
   "00002.png": 34.100181579589844,
   "00008.png": 33.75119400024414,
   "00007.png": 34.54936218261719,
   "00023.png": 33.749534606933594,
   "00012.png": 27.695762634277344,
   "00021.png": 34.89879608154297,
   "00005.png": 35.28900909423828,
   "00013.png": 31.451953887939453,
   "00022.png": 34.389766693115234,
   "00011.png": 28.65748405456543,
   "00032.png": 36.02348709106445,
   "00009.png": 24.9920654296875,
   "00033.png": 35.70539855957031,
   "00027.png": 34.247432708740234,
   "00016.png": 29.242895126342773,
   "00003.png": 31.896652221679688,
   "00000.png": 26.38134765625,
   "00035.png": 29.72955322265625,
   "00031.png": 32.18226623535156,
   "00017.png": 33.76332473754883,
   "00006.png": 32.78375244140625,
   "00010.png": 31.757652282714844,
   "00034.png": 26.28299331665039,
   "00025.png": 31.22414779663086,
   "00015.png": 27.478076934814453,
   "00024.png": 32.86305236816406,
   "00036.png": 30.101470947265625,
   "00026.png": 34.424659729003906
  },
  "LPIPS": {
   "00014.png": 0.1436781883239746,
   "00030.png": 0.22940568625926971,
   "00020.png": 0.24466416239738464,
   "00018.png": 0.19740065932273865,
   "00019.png": 0.22779712080955505,
   "00001.png": 0.17967653274536133,
   "00029.png": 0.2477721869945526,
   "00028.png": 0.23743966221809387,
   "00004.png": 0.16229724884033203,
   "00002.png": 0.15917231142520905,
   "00008.png": 0.16058233380317688,
   "00007.png": 0.1674107015132904,
   "00023.png": 0.22519813477993011,
   "00012.png": 0.22752302885055542,
   "00021.png": 0.2181277573108673,
   "00005.png": 0.15843257308006287,
   "00013.png": 0.14847329258918762,
   "00022.png": 0.23843280971050262,
   "00011.png": 0.18130207061767578,
   "00032.png": 0.21476516127586365,
   "00009.png": 0.17584872245788574,
   "00033.png": 0.1830969899892807,
   "00027.png": 0.2539657950401306,
   "00016.png": 0.1891310065984726,
   "00003.png": 0.18545088171958923,
   "00000.png": 0.21941080689430237,
   "00035.png": 0.20279553532600403,
   "00031.png": 0.23071935772895813,
   "00017.png": 0.19331961870193481,
   "00006.png": 0.18143707513809204,
   "00010.png": 0.1555541604757309,
   "00034.png": 0.18390202522277832,
   "00025.png": 0.27832847833633423,
   "00015.png": 0.2366231083869934,
   "00024.png": 0.2817690968513489,
   "00036.png": 0.2784672975540161,
   "00026.png": 0.2811014652252197
  }
 },
 "ours_7000": {
  "SSIM": {
   "00014.png": 0.9220742583274841,
   "00030.png": 0.9422950744628906,
   "00020.png": 0.9315986037254333,
   "00018.png": 0.9093742370605469,
   "00019.png": 0.9089981913566589,
   "00001.png": 0.9045238494873047,
   "00029.png": 0.9301093220710754,
   "00028.png": 0.9380964636802673,
   "00004.png": 0.9282401204109192,
   "00002.png": 0.9313027262687683,
   "00008.png": 0.9293083548545837,
   "00007.png": 0.9275211095809937,
   "00023.png": 0.9270346164703369,
   "00012.png": 0.8775531649589539,
   "00021.png": 0.9306520819664001,
   "00005.png": 0.9303060173988342,
   "00013.png": 0.9226322174072266,
   "00022.png": 0.9120239615440369,
   "00011.png": 0.9088950753211975,
   "00032.png": 0.9362229108810425,
   "00009.png": 0.8958621025085449,
   "00033.png": 0.9452559947967529,
   "00027.png": 0.9347018599510193,
   "00016.png": 0.905134916305542,
   "00003.png": 0.9248086214065552,
   "00000.png": 0.8741464614868164,
   "00035.png": 0.9081524610519409,
   "00031.png": 0.9219599366188049,
   "00017.png": 0.9177660942077637,
   "00006.png": 0.9253993630409241,
   "00010.png": 0.9037963151931763,
   "00034.png": 0.9027051329612732,
   "00025.png": 0.9218066334724426,
   "00015.png": 0.8872956037521362,
   "00024.png": 0.9187038540840149,
   "00036.png": 0.9241862297058105,
   "00026.png": 0.9239027500152588
  },
  "PSNR": {
   "00014.png": 31.056804656982422,
   "00030.png": 31.615966796875,
   "00020.png": 32.65232849121094,
   "00018.png": 29.702131271362305,
   "00019.png": 29.839784622192383,
   "00001.png": 26.892589569091797,
   "00029.png": 31.075422286987305,
   "00028.png": 29.730398178100586,
   "00004.png": 32.09196472167969,
   "00002.png": 30.848766326904297,
   "00008.png": 30.609695434570312,
   "00007.png": 31.884456634521484,
   "00023.png": 31.330673217773438,
   "00012.png": 25.126924514770508,
   "00021.png": 31.585399627685547,
   "00005.png": 31.992446899414062,
   "00013.png": 29.61534881591797,
   "00022.png": 30.72211456298828,
   "00011.png": 27.302324295043945,
   "00032.png": 33.252235412597656,
   "00009.png": 23.684385299682617,
   "00033.png": 33.15548324584961,
   "00027.png": 31.580001831054688,
   "00016.png": 27.628807067871094,
   "00003.png": 29.871173858642578,
   "00000.png": 23.51575469970703,
   "00035.png": 28.540813446044922,
   "00031.png": 30.954708099365234,
   "00017.png": 30.524690628051758,
   "00006.png": 29.719566345214844,
   "00010.png": 29.020578384399414,
   "00034.png": 27.316814422607422,
   "00025.png": 28.884719848632812,
   "00015.png": 25.037534713745117,
   "00024.png": 30.480344772338867,
   "00036.png": 28.70781135559082,
   "00026.png": 30.38932991027832
  },
  "LPIPS": {
   "00014.png": 0.1842435598373413,
   "00030.png": 0.25255411863327026,
   "00020.png": 0.2735133171081543,
   "00018.png": 0.2376568615436554,
   "00019.png": 0.2639685273170471,
   "00001.png": 0.2128971815109253,
   "00029.png": 0.2768923342227936,
   "00028.png": 0.26892679929733276,
   "00004.png": 0.1935986876487732,
   "00002.png": 0.1864166557788849,
   "00008.png": 0.19157160818576813,
   "00007.png": 0.19826197624206543,
   "00023.png": 0.2584042251110077,
   "00012.png": 0.2805370092391968,
   "00021.png": 0.2535814344882965,
   "00005.png": 0.1929764300584793,
   "00013.png": 0.18881255388259888,
   "00022.png": 0.28818047046661377,
   "00011.png": 0.22673845291137695,
   "00032.png": 0.24221602082252502,
   "00009.png": 0.2219870537519455,
   "00033.png": 0.20434585213661194,
   "00027.png": 0.27928900718688965,
   "00016.png": 0.23042868077754974,
   "00003.png": 0.20964713394641876,
   "00000.png": 0.2450738251209259,
   "00035.png": 0.23210006952285767,
   "00031.png": 0.24694040417671204,
   "00017.png": 0.22962237894535065,
   "00006.png": 0.22123102843761444,
   "00010.png": 0.19165658950805664,
   "00034.png": 0.20229856669902802,
   "00025.png": 0.307822048664093,