{
 "ours_30000": {
  "SSIM": 0.9392776489257812,
  "PSNR": 32.18501663208008,
  "LPIPS": 0.2075803428888321
 },
 "ours_7000": {
  "SSIM": 0.9184958934783936,
  "PSNR": 29.674062728881836,
  "LPIPS": 0.24068211019039154
 }
}