{
 "ours_30000": {
  "SSIM": {
   "00014.png": 0.8266870975494385,
   "00020.png": 0.8269132971763611,
   "00018.png": 0.8184261918067932,
   "00019.png": 0.8355391025543213,
   "00001.png": 0.7115559577941895,
   "00004.png": 0.7295358777046204,
   "00002.png": 0.8079560399055481,
   "00008.png": 0.8105553388595581,
   "00007.png": 0.8584529161453247,
   "00023.png": 0.8477230668067932,
   "00012.png": 0.8010707497596741,
   "00021.png": 0.7665043473243713,
   "00005.png": 0.7958848476409912,
   "00013.png": 0.8234475255012512,
   "00022.png": 0.7981764078140259,
   "00011.png": 0.8329324126243591,
   "00009.png": 0.8070202469825745,
   "00016.png": 0.7937182188034058,
   "00003.png": 0.7564672231674194,
   "00000.png": 0.776451587677002,
   "00017.png": 0.8347844481468201,
   "00006.png": 0.8394880294799805,
   "00010.png": 0.8152967095375061,
   "00015.png": 0.7691143155097961
  },
  "PSNR": {
   "00014.png": 28.42593002319336,
   "00020.png": 27.92528533935547,
   "00018.png": 26.810701370239258,
   "00019.png": 27.869182586669922,
   "00001.png": 22.48863983154297,
   "00004.png": 19.55689239501953,
   "00002.png": 26.908662796020508,
   "00008.png": 26.073572158813477,
   "00007.png": 27.858564376831055,
   "00023.png": 27.525264739990234,
   "00012.png": 26.47332763671875,
   "00021.png": 25.030229568481445,
   "00005.png": 25.815771102905273,
   "00013.png": 27.97003173828125,
   "00022.png": 25.995651245117188,
   "00011.png": 27.568416595458984,
   "00009.png": 26.18445587158203,
   "00016.png": 27.020179748535156,
   "00003.png": 24.14274024963379,
   "00000.png": 23.686067581176758,
   "00017.png": 28.66059112548828,
   "00006.png": 27.637556076049805,
   "00010.png": 25.125225067138672,
   "00015.png": 25.246427536010742
  },
  "LPIPS": {
   "00014.png": 0.21920570731163025,
   "00020.png": 0.21238620579242706,
   "00018.png": 0.2375156581401825,
   "00019.png": 0.2340245544910431,
   "00001.png": 0.24628721177577972,
   "00004.png": 0.23434919118881226,
   "00002.png": 0.1858997493982315,
   "00008.png": 0.20324334502220154,
   "00007.png": 0.18787860870361328,
   "00023.png": 0.1878454089164734,
   "00012.png": 0.22025573253631592,
   "00021.png": 0.2385731041431427,
   "00005.png": 0.2177661657333374,
   "00013.png": 0.20885717868804932,
   "00022.png": 0.22836706042289734,
   "00011.png": 0.21093405783176422,
   "00009.png": 0.20231792330741882,
   "00016.png": 0.22042691707611084,
   "00003.png": 0.21906599402427673,
   "00000.png": 0.22114817798137665,
   "00017.png": 0.21547886729240417,
   "00006.png": 0.2023869752883911,
   "00010.png": 0.22165048122406006,
   "00015.png": 0.22434982657432556
  }
 },
 "ours_7000": {
  "SSIM": {
   "00014.png": 0.6962468028068542,
   "00020.png": 0.6819540858268738,
   "00018.png": 0.6587099432945251,
   "00019.png": 0.6687129735946655,
   "00001.png": 0.5770273208618164,
   "00004.png": 0.5969177484512329,
   "00002.png": 0.6940920948982239,
   "00008.png": 0.6990213990211487,
   "00007.png": 0.7370439767837524,
   "00023.png": 0.7135812044143677,
   "00012.png": 0.6832335591316223,
   "00021.png": 0.6475125551223755,
   "00005.png": 0.6545113325119019,
   "00013.png": 0.6861101984977722,
   "00022.png": 0.6474926471710205,
   "00011.png": 0.7053861618041992,
   "00009.png": 0.6843675971031189,
   "00016.png": 0.6682607531547546,
   "00003.png": 0.6255084276199341,
   "00000.png": 0.6430337429046631,
   "00017.png": 0.6907738447189331,
   "00006.png": 0.7160919308662415,
   "00010.png": 0.6859961748123169,
   "00015.png": 0.6425758004188538
  },
  "PSNR": {
   "00014.png": 25.903766632080078,
   "00020.png": 25.22810173034668,
   "00018.png": 24.400482177734375,
   "00019.png": 24.66642189025879,
   "00001.png": 19.824016571044922,
   "00004.png": 16.660104751586914,
   "00002.png": 24.68064308166504,
   "00008.png": 24.285560607910156,
   "00007.png": 25.12443733215332,
   "00023.png": 25.02591896057129,
   "00012.png": 24.600299835205078,
   "00021.png": 23.463132858276367,
   "00005.png": 23.289777755737305,
   "00013.png": 25.51275062561035,
   "00022.png": 24.104644775390625,
   "00011.png": 24.914701461791992,
   "00009.png": 24.209461212158203,
   "00016.png": 24.919092178344727,
   "00003.png": 22.150678634643555,
   "00000.png": 22.066062927246094,
   "00017.png": 25.604907989501953,
   "00006.png": 24.99197006225586,
   "00010.png": 23.15378189086914,
   "00015.png": 23.536304473876953
  },
  "LPIPS": {
   "00014.png": 0.375623881816864,
   "00020.png": 0.38043761253356934,
   "00018.png": 0.40753114223480225,
   "00019.png": 0.3999626934528351,
   "00001.png": 0.4076681435108185,
   "00004.png": 0.392058789730072,
   "00002.png": 0.3390856981277466,
   "00008.png": 0.347581148147583,
   "00007.png": 0.33226490020751953,
   "00023.png": 0.3602779507637024,
   "00012.png": 0.37408170104026794,
   "00021.png": 0.3922143876552582,
   "00005.png": 0.3771672546863556,
   "00013.png": 0.3658543527126312,
   "00022.png": 0.39771753549575806,
   "00011.png": 0.35937145352363586,
   "00009.png": 0.35591039061546326,
   "00016.png": 0.3881349563598633,
   "00003.png": 0.3696407675743103,
   "00000.png": 0.3802850842475891,
   "00017.png": 0.37381863594055176,
   "00006.png": 0.3498425781726837,
   "00010.png": 0.37363070249557495,
   "00015.png": 0.38041064143180847
  }
 }
}