{
 "ours_30000": {
  "SSIM": 0.8034875392913818,
  "PSNR": 26.166641235351562,
  "LPIPS": 0.21667559444904327
 },
 "ours_7000": {
  "SSIM": 0.6710067391395569,
  "PSNR": 23.846542358398438,
  "LPIPS": 0.37419047951698303
 }
}