{
 "ours_30000": {
  "SSIM": {
   "00014.png": 0.9434822201728821,
   "00030.png": 0.955883264541626,
   "00020.png": 0.9423161745071411,
   "00018.png": 0.9377878308296204,
   "00019.png": 0.9326409101486206,
   "00001.png": 0.9290702939033508,
   "00029.png": 0.947736382484436,
   "00028.png": 0.9501480460166931,
   "00004.png": 0.9451212286949158,
   "00002.png": 0.9449961185455322,
   "00008.png": 0.9455468058586121,
   "00007.png": 0.945739209651947,
   "00023.png": 0.9398298263549805,
   "00012.png": 0.9021058678627014,
   "00021.png": 0.9490147233009338,
   "00005.png": 0.9504778385162354,
   "00013.png": 0.9396413564682007,
   "00022.png": 0.939140260219574,
   "00011.png": 0.9282323122024536,
   "00032.png": 0.9469830989837646,
   "00009.png": 0.9217739105224609,
   "00033.png": 0.9541752338409424,
   "00027.png": 0.9477828741073608,
   "00016.png": 0.9277275204658508,
   "00003.png": 0.9408994913101196,
   "00000.png": 0.8636523485183716,
   "00035.png": 0.9222850799560547,
   "00031.png": 0.932580292224884,
   "00017.png": 0.93784099817276,
   "00006.png": 0.9439545273780823,
   "00010.png": 0.9334749579429626,
   "00034.png": 0.9185466766357422,
   "00025.png": 0.9404081702232361,
   "00015.png": 0.9137229323387146,
   "00024.png": 0.9345918297767639,
   "00036.png": 0.9327417016029358,
   "00026.png": 0.9392666220664978
  },
  "PSNR": {
   "00014.png": 33.36625671386719,
   "00030.png": 34.29446792602539,
   "00020.png": 34.578792572021484,
   "00018.png": 32.90833282470703,
   "00019.png": 32.40565872192383,
   "00001.png": 28.89400863647461,
   "00029.png": 33.98346710205078,
   "00028.png": 31.653520584106445,
   "00004.png": 33.663047790527344,
   "00002.png": 33.361061096191406,
   "00008.png": 32.78213882446289,
   "00007.png": 34.135231018066406,
   "00023.png": 33.051055908203125,
   "00012.png": 27.27916717529297,
   "00021.png": 34.60408020019531,
   "00005.png": 34.48013687133789,
   "00013.png": 30.783950805664062,
   "00022.png": 34.31011962890625,
   "00011.png": 28.59006118774414,
   "00032.png": 35.357154846191406,
   "00009.png": 24.879026412963867,
   "00033.png": 34.994441986083984,
   "00027.png": 33.653987884521484,
   "00016.png": 28.925142288208008,
   "00003.png": 31.624242782592773,
   "00000.png": 22.60540199279785,
   "00035.png": 29.181568145751953,
   "00031.png": 32.455657958984375,
   "00017.png": 32.998779296875,
   "00006.png": 32.343467712402344,
   "00010.png": 31.518705368041992,
   "00034.png": 28.566036224365234,
   "00025.png": 30.75489044189453,
   "00015.png": 27.114107131958008,
   "00024.png": 32.08247756958008,
   "00036.png": 30.135374069213867,
   "00026.png": 30.216466903686523
  },
  "LPIPS": {
   "00014.png": 0.1490551382303238,
   "00030.png": 0.2320345938205719,
   "00020.png": 0.25019481778144836,
   "00018.png": 0.20012710988521576,
   "00019.png": 0.23170894384384155,
   "00001.png": 0.18298980593681335,
   "00029.png": 0.24941156804561615,
   "00028.png": 0.24633347988128662,
   "00004.png": 0.16585715115070343,
   "00002.png": 0.1639523059129715,
   "00008.png": 0.16451704502105713,
   "00007.png": 0.17209583520889282,
   "00023.png": 0.23087085783481598,
   "00012.png": 0.23200133442878723,
   "00021.png": 0.22376087307929993,
   "00005.png": 0.1621399074792862,
   "00013.png": 0.1553279161453247,
   "00022.png": 0.23867341876029968,
   "00011.png": 0.18815144896507263,
   "00032.png": 0.21976539492607117,
   "00009.png": 0.1830020397901535,
   "00033.png": 0.18703100085258484,
   "00027.png": 0.25674742460250854,
   "00016.png": 0.19732704758644104,
   "00003.png": 0.1874108910560608,
   "00000.png": 0.2249097228050232,
   "00035.png": 0.20569376647472382,
   "00031.png": 0.2311260998249054,
   "00017.png": 0.20051714777946472,
   "00006.png": 0.18590329587459564,
   "00010.png": 0.15983381867408752,
   "00034.png": 0.1839715838432312,
   "00025.png": 0.2821362614631653,
   "00015.png": 0.2456638216972351,
   "00024.png": 0.2850905656814575,
   "00036.png": 0.28203368186950684,
   "00026.png": 0.28947460651397705
  }
 },
 "ours_7000": {
  "SSIM": {
   "00014.png": 0.90550297498703,
   "00030.png": 0.9329974055290222,
   "00020.png": 0.9183090925216675,
   "00018.png": 0.8968772292137146,
   "00019.png": 0.8968589305877686,
   "00001.png": 0.8916347026824951,
   "00029.png": 0.9164616465568542,
   "00028.png": 0.9231786131858826,
   "00004.png": 0.9092431664466858,
   "00002.png": 0.9189728498458862,
   "00008.png": 0.9205698370933533,
   "00007.png": 0.9158936738967896,
   "00023.png": 0.9144505858421326,
   "00012.png": 0.8710870146751404,
   "00021.png": 0.9188276529312134,
   "00005.png": 0.9152007699012756,
   "00013.png": 0.9066471457481384,
   "00022.png": 0.8999296426773071,
   "00011.png": 0.8875417113304138,
   "00032.png": 0.9161989688873291,
   "00009.png": 0.8812786340713501,
   "00033.png": 0.9355766177177429,
   "00027.png": 0.9303014278411865,
   "00016.png": 0.8863688707351685,
   "00003.png": 0.9101032614707947,
   "00000.png": 0.8445453643798828,
   "00035.png": 0.9025502800941467,
   "00031.png": 0.9173898100852966,
   "00017.png": 0.9020739793777466,
   "00006.png": 0.9144501686096191,
   "00010.png": 0.8907185792922974,
   "00034.png": 0.8927061557769775,
   "00025.png": 0.9149348139762878,
   "00015.png": 0.8659734129905701,
   "00024.png": 0.9084984064102173,
   "00036.png": 0.9182707071304321,
   "00026.png": 0.9135541915893555
  },
  "PSNR": {
   "00014.png": 29.451614379882812,
   "00030.png": 30.61190414428711,
   "00020.png": 30.93491554260254,
   "00018.png": 29.017539978027344,
   "00019.png": 28.98960304260254,
   "00001.png": 26.095172882080078,
   "00029.png": 29.93640899658203,
   "00028.png": 27.496435165405273,
   "00004.png": 29.866817474365234,
   "00002.png": 29.122520446777344,
   "00008.png": 29.797658920288086,
   "00007.png": 30.627742767333984,
   "00023.png": 29.93607521057129,
   "00012.png": 24.893539428710938,
   "00021.png": 30.02386474609375,
   "00005.png": 30.689746856689453,
   "00013.png": 28.259803771972656,
   "00022.png": 28.486637115478516,
   "00011.png": 26.472490310668945,
   "00032.png": 30.738773345947266,
   "00009.png": 23.195438385009766,
   "00033.png": 31.717164993286133,
   "00027.png": 30.98434829711914,
   "00016.png": 26.79595184326172,
   "00003.png": 28.66631507873535,
   "00000.png": 21.464969635009766,
   "00035.png": 28.831052780151367,
   "00031.png": 30.558937072753906,
   "00017.png": 29.28533363342285,
   "00006.png": 28.72026252746582,
   "00010.png": 27.931072235107422,
   "00034.png": 27.068593978881836,
   "00025.png": 28.268238067626953,
   "00015.png": 23.84258270263672,
   "00024.png": 28.78260040283203,
   "00036.png": 27.900291442871094,
   "00026.png": 28.380455017089844
  },
  "LPIPS": {
   "00014.png": 0.20461681485176086,
   "00030.png": 0.26802676916122437,
   "00020.png": 0.29184845089912415,
   "00018.png": 0.2553120255470276,
   "00019.png": 0.278749942779541,
   "00001.png": 0.22877199947834015,
   "00029.png": 0.29390236735343933,
   "00028.png": 0.2801938056945801,
   "00004.png": 0.2179160714149475,
   "00002.png": 0.2035665214061737,
   "00008.png": 0.20526815950870514,
   "00007.png": 0.21405752003192902,
   "00023.png": 0.2789987623691559,
   "00012.png": 0.2941936254501343,
   "00021.png": 0.27405834197998047,
   "00005.png": 0.21383589506149292,
   "00013.png": 0.20830084383487701,
   "00022.png": 0.3079671859741211,
   "00011.png": 0.2489822804927826,
   "00032.png": 0.2628509998321533,
   "00009.png": 0.245331272482872,
   "00033.png": 0.21722659468650818,
   "00027.png": 0.2936045825481415,
   "00016.png": 0.2515779435634613,
   "00003.png": 0.227225661277771,
   "00000.png": 0.26707154512405396,
   "00035.png": 0.24518442153930664,
   "00031.png": 0.2577474117279053,
   "00017.png": 0.25069478154182434,
   "00006.png": 0.23956677317619324,
   "00010.png": 0.20837336778640747,
   "00034.png": 0.21609078347682953,
   "00025.png": 0.3255350589752197,