{
 "ours_30000": {
  "SSIM": 0.9357113242149353,
  "PSNR": 31.581932067871094,
  "LPIPS": 0.212076798081398
 },
 "ours_7000": {
  "SSIM": 0.9055588245391846,
  "PSNR": 28.482240676879883,
  "LPIPS": 0.25845766067504883
 }
}