{
 "ours_30000": {
  "SSIM": {
   "00014.png": 0.943477213382721,
   "00030.png": 0.9417871832847595,
   "00020.png": 0.9501231908798218,
   "00018.png": 0.9298192262649536,
   "00019.png": 0.9437392950057983,
   "00001.png": 0.9414846897125244,
   "00029.png": 0.9202571511268616,
   "00028.png": 0.9541938304901123,
   "00004.png": 0.9505882859230042,
   "00002.png": 0.9537752866744995,
   "00008.png": 0.9182826280593872,
   "00007.png": 0.9495666027069092,
   "00023.png": 0.9400211572647095,
   "00012.png": 0.9443150758743286,
   "00021.png": 0.9443082809448242,
   "00005.png": 0.9376187920570374,
   "00013.png": 0.9572024941444397,
   "00022.png": 0.9528017044067383,
   "00011.png": 0.9135754108428955,
   "00032.png": 0.9615188241004944,
   "00009.png": 0.934768557548523,
   "00033.png": 0.924808919429779,
   "00027.png": 0.7538220882415771,
   "00016.png": 0.9489247798919678,
   "00003.png": 0.9555521607398987,
   "00000.png": 0.9185871481895447,
   "00031.png": 0.943885326385498,
   "00017.png": 0.9410918354988098,
   "00006.png": 0.8328348398208618,
   "00010.png": 0.9561083316802979,
   "00034.png": 0.7771174311637878,
   "00025.png": 0.9523323178291321,
   "00015.png": 0.9519016146659851,
   "00024.png": 0.9550829529762268,
   "00026.png": 0.9500175714492798
  },
  "PSNR": {
   "00014.png": 31.94129180908203,
   "00030.png": 33.46007537841797,
   "00020.png": 34.5161018371582,
   "00018.png": 32.48187255859375,
   "00019.png": 32.766075134277344,
   "00001.png": 30.075681686401367,
   "00029.png": 32.04122543334961,
   "00028.png": 33.11631393432617,
   "00004.png": 31.91128921508789,
   "00002.png": 32.66429138183594,
   "00008.png": 30.891820907592773,
   "00007.png": 31.392303466796875,
   "00023.png": 33.275394439697266,
   "00012.png": 31.3315372467041,
   "00021.png": 34.048667907714844,
   "00005.png": 30.06291961669922,
   "00013.png": 34.598384857177734,
   "00022.png": 34.38153839111328,
   "00011.png": 32.25627136230469,
   "00032.png": 35.63533401489258,
   "00009.png": 31.924936294555664,
   "00033.png": 30.823984146118164,
   "00027.png": 27.162580490112305,
   "00016.png": 33.68147277832031,
   "00003.png": 32.26272201538086,
   "00000.png": 27.561304092407227,
   "00031.png": 32.920623779296875,
   "00017.png": 34.13835906982422,
   "00006.png": 29.401565551757812,
   "00010.png": 34.425537109375,
   "00034.png": 28.689952850341797,
   "00025.png": 33.4879035949707,
   "00015.png": 32.00691223144531,
   "00024.png": 33.964290618896484,
   "00026.png": 34.049129486083984
  },
  "LPIPS": {
   "00014.png": 0.09976156800985336,
   "00030.png": 0.12378337979316711,
   "00020.png": 0.09125088155269623,
   "00018.png": 0.11089012771844864,
   "00019.png": 0.10555875301361084,
   "00001.png": 0.09748108685016632,
   "00029.png": 0.1284615695476532,
   "00028.png": 0.07031983882188797,
   "00004.png": 0.08815999329090118,
   "00002.png": 0.09026450663805008,
   "00008.png": 0.14548051357269287,
   "00007.png": 0.08241532742977142,
   "00023.png": 0.13136738538742065,
   "00012.png": 0.10378992557525635,
   "00021.png": 0.11247221380472183,
   "00005.png": 0.10831640660762787,
   "00013.png": 0.1229330524802208,
   "00022.png": 0.09525725245475769,
   "00011.png": 0.13989976048469543,
   "00032.png": 0.11884711682796478,
   "00009.png": 0.1270296275615692,
   "00033.png": 0.16202490031719208,
   "00027.png": 0.27702081203460693,
   "00016.png": 0.09428609907627106,
   "00003.png": 0.07884235680103302,
   "00000.png": 0.126395583152771,
   "00031.png": 0.13821791112422943,
   "00017.png": 0.119474396109581,
   "00006.png": 0.2172655463218689,
   "00010.png": 0.11902157962322235,
   "00034.png": 0.2791334390640259,
   "00025.png": 0.07983158528804779,
   "00015.png": 0.11033204197883606,
   "00024.png": 0.08343362808227539,
   "00026.png": 0.10243800282478333
  }
 },
 "ours_7000": {
  "SSIM": {
   "00014.png": 0.9381669759750366,
   "00030.png": 0.93586665391922,
   "00020.png": 0.9389147758483887,
   "00018.png": 0.9147788286209106,
   "00019.png": 0.9351741075515747,
   "00001.png": 0.9322091341018677,
   "00029.png": 0.9184714555740356,
   "00028.png": 0.9425536394119263,
   "00004.png": 0.9424525499343872,
   "00002.png": 0.946038007736206,
   "00008.png": 0.9104719161987305,
   "00007.png": 0.943770706653595,
   "00023.png": 0.9358565211296082,
   "00012.png": 0.9333861470222473,
   "00021.png": 0.9323848485946655,
   "00005.png": 0.9312861561775208,
   "00013.png": 0.9522072076797485,
   "00022.png": 0.9471865296363831,
   "00011.png": 0.9168778657913208,
   "00032.png": 0.9526545405387878,
   "00009.png": 0.9252950549125671,
   "00033.png": 0.9250909090042114,
   "00027.png": 0.7681447267532349,
   "00016.png": 0.9393692016601562,
   "00003.png": 0.9462786912918091,
   "00000.png": 0.907446563243866,
   "00031.png": 0.9373778700828552,
   "00017.png": 0.9315157532691956,
   "00006.png": 0.8201954960823059,
   "00010.png": 0.9530194401741028,
   "00034.png": 0.7718824744224548,
   "00025.png": 0.9399539232254028,
   "00015.png": 0.9432172179222107,
   "00024.png": 0.9419052004814148,
   "00026.png": 0.944004237651825
  },
  "PSNR": {
   "00014.png": 30.95102310180664,
   "00030.png": 32.518680572509766,
   "00020.png": 33.12992858886719,
   "00018.png": 30.859825134277344,
   "00019.png": 31.62514877319336,
   "00001.png": 29.0543155670166,
   "00029.png": 31.475370407104492,
   "00028.png": 31.467941284179688,
   "00004.png": 30.500591278076172,
   "00002.png": 31.575397491455078,
   "00008.png": 30.207902908325195,
   "00007.png": 30.418617248535156,
   "00023.png": 33.10495376586914,
   "00012.png": 30.092819213867188,
   "00021.png": 32.6359977722168,
   "00005.png": 29.40129280090332,
   "00013.png": 33.29048538208008,
   "00022.png": 33.93510437011719,
   "00011.png": 32.053871154785156,
   "00032.png": 34.31132125854492,
   "00009.png": 31.190261840820312,
   "00033.png": 30.54123306274414,
   "00027.png": 27.281579971313477,
   "00016.png": 32.43167495727539,
   "00003.png": 31.281063079833984,
   "00000.png": 27.259653091430664,
   "00031.png": 32.09593963623047,
   "00017.png": 32.73125457763672,
   "00006.png": 28.7888126373291,
   "00010.png": 33.394569396972656,
   "00034.png": 27.96535301208496,
   "00025.png": 31.985342025756836,
   "00015.png": 30.991714477539062,
   "00024.png": 31.57100486755371,
   "00026.png": 33.29234313964844
  },
  "LPIPS": {
   "00014.png": 0.11198708415031433,
   "00030.png": 0.12775543332099915,
   "00020.png": 0.10439746081829071,
   "00018.png": 0.13727563619613647,
   "00019.png": 0.12038663774728775,
   "00001.png": 0.11536368727684021,
   "00029.png": 0.13281241059303284,
   "00028.png": 0.08504584431648254,
   "00004.png": 0.1030624657869339,
   "00002.png": 0.10138386487960815,
   "00008.png": 0.15486255288124084,
   "00007.png": 0.09394346922636032,
   "00023.png": 0.13550415635108948,
   "00012.png": 0.12107598036527634,
   "00021.png": 0.12953594326972961,
   "00005.png": 0.11902087926864624,
   "00013.png": 0.13107091188430786,
   "00022.png": 0.10506382584571838,
   "00011.png": 0.14590582251548767,
   "00032.png": 0.13182887434959412,
   "00009.png": 0.1382707953453064,
   "00033.png": 0.16466748714447021,
   "00027.png": 0.2738216519355774,
   "00016.png": 0.11316127330064774,
   "00003.png": 0.09667213261127472,
   "00000.png": 0.14302155375480652,
   "00031.png": 0.14859730005264282,
   "00017.png": 0.13654285669326782,
   "00006.png": 0.22785109281539917,
   "00010.png": 0.12318055331707001,
   "00034.png": 0.28806066513061523,
   "00025.png": 0.09673096239566803,
   "00015.png": 0.1275787055492401,
   "00024.png": 0.09921258687973022,
   "00026.png": 0.11000991612672806
  }
 }
}