{
 "ours_30000": {
  "SSIM": 0.9298653602600098,
  "PSNR": 32.26713562011719,
  "LPIPS": 0.12232737988233566
 },
 "ours_7000": {
  "SSIM": 0.9227259159088135,
  "PSNR": 31.297494888305664,
  "LPIPS": 0.1341332197189331
 }
}