{
 "ours_30000": {
  "SSIM": {
   "00014.png": 0.9215753078460693,
   "00030.png": 0.8961591124534607,
   "00020.png": 0.9263687133789062,
   "00018.png": 0.9131772518157959,
   "00019.png": 0.9100085496902466,
   "00001.png": 0.9020670652389526,
   "00029.png": 0.9344874024391174,
   "00028.png": 0.9364104866981506,
   "00004.png": 0.9244754910469055,
   "00002.png": 0.9285531640052795,
   "00008.png": 0.9331234693527222,
   "00007.png": 0.9285445213317871,
   "00023.png": 0.9230600595474243,
   "00012.png": 0.8745076060295105,
   "00021.png": 0.9304577708244324,
   "00005.png": 0.9325565099716187,
   "00013.png": 0.9167359471321106,
   "00022.png": 0.9156861305236816,
   "00011.png": 0.9054365158081055,
   "00032.png": 0.9317864775657654,
   "00009.png": 0.8900231719017029,
   "00033.png": 0.9448356032371521,
   "00027.png": 0.9363583922386169,
   "00016.png": 0.9039552807807922,
   "00003.png": 0.9243873953819275,
   "00000.png": 0.8300138115882874,
   "00035.png": 0.9116002321243286,
   "00031.png": 0.9207817912101746,
   "00017.png": 0.9168888330459595,
   "00006.png": 0.8641040921211243,
   "00010.png": 0.9062618017196655,
   "00034.png": 0.8987196683883667,
   "00025.png": 0.926555335521698,
   "00015.png": 0.8822112083435059,
   "00024.png": 0.9030928015708923,
   "00036.png": 0.9163166284561157,
   "00026.png": 0.929065465927124
  },
  "PSNR": {
   "00014.png": 31.41352653503418,
   "00030.png": 19.735109329223633,
   "00020.png": 32.98112106323242,
   "00018.png": 30.741853713989258,
   "00019.png": 30.186613082885742,
   "00001.png": 27.15301513671875,
   "00029.png": 32.5556640625,
   "00028.png": 28.51589584350586,
   "00004.png": 32.200984954833984,
   "00002.png": 31.01763916015625,
   "00008.png": 31.31141471862793,
   "00007.png": 32.653358459472656,
   "00023.png": 31.23468589782715,
   "00012.png": 25.462400436401367,
   "00021.png": 31.959327697753906,
   "00005.png": 32.52656555175781,
   "00013.png": 29.684040069580078,
   "00022.png": 31.7979736328125,
   "00011.png": 27.268220901489258,
   "00032.png": 32.932987213134766,
   "00009.png": 23.545791625976562,
   "00033.png": 33.66904830932617,
   "00027.png": 31.974031448364258,
   "00016.png": 27.789670944213867,
   "00003.png": 29.9190673828125,
   "00000.png": 22.17584991455078,
   "00035.png": 28.50494384765625,
   "00031.png": 31.25339126586914,
   "00017.png": 31.27130699157715,
   "00006.png": 27.239397048950195,
   "00010.png": 29.728588104248047,
   "00034.png": 28.369365692138672,
   "00025.png": 29.274446487426758,
   "00015.png": 24.786914825439453,
   "00024.png": 26.142135620117188,
   "00036.png": 28.39305877685547,
   "00026.png": 32.162925720214844
  },
  "LPIPS": {
   "00014.png": 0.19685548543930054,
   "00030.png": 0.26981037855148315,
   "00020.png": 0.2905539274215698,
   "00018.png": 0.24297191202640533,
   "00019.png": 0.2707279324531555,
   "00001.png": 0.22077812254428864,
   "00029.png": 0.27950501441955566,
   "00028.png": 0.26965534687042236,
   "00004.png": 0.20998196303844452,
   "00002.png": 0.19740387797355652,
   "00008.png": 0.19081422686576843,
   "00007.png": 0.2077035754919052,
   "00023.png": 0.26925206184387207,
   "00012.png": 0.2765529751777649,
   "00021.png": 0.2626878321170807,
   "00005.png": 0.20106545090675354,
   "00013.png": 0.20429185032844543,
   "00022.png": 0.28522467613220215,
   "00011.png": 0.23969537019729614,
   "00032.png": 0.25156891345977783,
   "00009.png": 0.23727190494537354,
   "00033.png": 0.20923054218292236,
   "00027.png": 0.28477728366851807,
   "00016.png": 0.24104276299476624,
   "00003.png": 0.21808108687400818,
   "00000.png": 0.26884233951568604,
   "00035.png": 0.23847384750843048,
   "00031.png": 0.25533416867256165,
   "00017.png": 0.2459150105714798,
   "00006.png": 0.22790080308914185,
   "00010.png": 0.2012542337179184,
   "00034.png": 0.2080555409193039,
   "00025.png": 0.31336092948913574,
   "00015.png": 0.300182044506073,
   "00024.png": 0.3221169710159302,
   "00036.png": 0.31187865138053894,
   "00026.png": 0.32353514432907104
  }
 },
 "ours_7000": {
  "SSIM": {
   "00014.png": 0.7412375807762146,
   "00030.png": 0.7981497645378113,
   "00020.png": 0.7989457845687866,
   "00018.png": 0.7529872059822083,
   "00019.png": 0.7441442012786865,
   "00001.png": 0.7359825968742371,
   "00029.png": 0.8486058712005615,
   "00028.png": 0.8097819685935974,
   "00004.png": 0.7436038255691528,
   "00002.png": 0.738260805606842,
   "00008.png": 0.7469977140426636,
   "00007.png": 0.7745084762573242,
   "00023.png": 0.7995744347572327,
   "00012.png": 0.6987776160240173,
   "00021.png": 0.7878745198249817,
   "00005.png": 0.7540749311447144,
   "00013.png": 0.7262749075889587,
   "00022.png": 0.7619287371635437,
   "00011.png": 0.7297226190567017,
   "00032.png": 0.8370147347450256,
   "00009.png": 0.711014986038208,
   "00033.png": 0.8366802930831909,
   "00027.png": 0.8521641492843628,
   "00016.png": 0.737589955329895,
   "00003.png": 0.7418720126152039,
   "00000.png": 0.6924910545349121,
   "00035.png": 0.7852925658226013,
   "00031.png": 0.8238218426704407,
   "00017.png": 0.749797523021698,
   "00006.png": 0.617927074432373,
   "00010.png": 0.7157575488090515,
   "00034.png": 0.797538697719574,
   "00025.png": 0.7929535508155823,
   "00015.png": 0.6811710596084595,
   "00024.png": 0.8132297992706299,
   "00036.png": 0.8490759134292603,
   "00026.png": 0.8435666561126709
  },
  "PSNR": {
   "00014.png": 23.609439849853516,
   "00030.png": 15.719813346862793,
   "00020.png": 23.627683639526367,
   "00018.png": 22.680992126464844,
   "00019.png": 22.001970291137695,
   "00001.png": 22.03009033203125,
   "00029.png": 24.622079849243164,
   "00028.png": 16.392210006713867,
   "00004.png": 23.357139587402344,
   "00002.png": 22.108531951904297,
   "00008.png": 21.607135772705078,
   "00007.png": 24.484825134277344,
   "00023.png": 23.539241790771484,
   "00012.png": 17.464820861816406,
   "00021.png": 23.099857330322266,
   "00005.png": 23.775352478027344,
   "00013.png": 22.110790252685547,
   "00022.png": 21.135231018066406,
   "00011.png": 22.219627380371094,
   "00032.png": 24.390775680541992,
   "00009.png": 19.207252502441406,
   "00033.png": 23.727977752685547,
   "00027.png": 23.332901000976562,
   "00016.png": 22.191699981689453,
   "00003.png": 20.84061622619629,
   "00000.png": 16.9611759185791,
   "00035.png": 21.148326873779297,
   "00031.png": 20.156496047973633,
   "00017.png": 23.043556213378906,
   "00006.png": 15.700872421264648,
   "00010.png": 21.366191864013672,
   "00034.png": 22.32190704345703,
   "00025.png": 17.482378005981445,
   "00015.png": 15.983308792114258,
   "00024.png": 19.11215591430664,
   "00036.png": 22.38328742980957,
   "00026.png": 23.469438552856445
  },
  "LPIPS": {
   "00014.png": 0.37031280994415283,
   "00030.png": 0.4167537987232208,
   "00020.png": 0.4354766011238098,
   "00018.png": 0.40382787585258484,
   "00019.png": 0.42902258038520813,
   "00001.png": 0.3870304226875305,
   "00029.png": 0.41053280234336853,
   "00028.png": 0.425577849149704,
   "00004.png": 0.39019179344177246,
   "00002.png": 0.37439340353012085,
   "00008.png": 0.36839380860328674,
   "00007.png": 0.37611252069473267,
   "00023.png": 0.4291306138038635,
   "00012.png": 0.4553321301937103,
   "00021.png": 0.43041935563087463,
   "00005.png": 0.3760029077529907,
   "00013.png": 0.38172560930252075,
   "00022.png": 0.45205050706863403,
   "00011.png": 0.41554033756256104,
   "00032.png": 0.3844897150993347,
   "00009.png": 0.4036576747894287,
   "00033.png": 0.34319326281547546,
   "00027.png": 0.41538500785827637,
   "00016.png": 0.40975552797317505,
   "00003.png": 0.394902765750885,
   "00000.png": 0.4322085976600647,
   "00035.png": 0.3882433772087097,
   "00031.png": 0.3843134045600891,
   "00017.png": 0.41049668192863464,
   "00006.png": 0.434802770614624,
   "00010.png": 0.3907553553581238,
   "00034.png": 0.35566091537475586,
   "00025.png": 0.466348797082901,