{
 "ours_30000": {
  "SSIM": 0.9132526516914368,
  "PSNR": 29.446819305419922,
  "LPIPS": 0.249847412109375
 },
 "ours_7000": {
  "SSIM": 0.7667674422264099,
  "PSNR": 21.308298110961914,
  "LPIPS": 0.40899622440338135
 }
}