{
 "ours_30000": {
  "SSIM": {
   "00014.png": 0.9458305835723877,
   "00030.png": 0.9592301845550537,
   "00020.png": 0.9438762068748474,
   "00018.png": 0.9390572905540466,
   "00019.png": 0.9369333982467651,
   "00001.png": 0.9327388405799866,
   "00029.png": 0.9491497874259949,
   "00028.png": 0.9543860554695129,
   "00004.png": 0.9485837817192078,
   "00002.png": 0.9497514367103577,
   "00008.png": 0.9508231282234192,
   "00007.png": 0.9493417143821716,
   "00023.png": 0.942755937576294,
   "00012.png": 0.9065032005310059,
   "00021.png": 0.9509493112564087,
   "00005.png": 0.9541087746620178,
   "00013.png": 0.944497287273407,
   "00022.png": 0.940578043460846,
   "00011.png": 0.9357393383979797,
   "00032.png": 0.9512215852737427,
   "00009.png": 0.9285405874252319,
   "00033.png": 0.9580867886543274,
   "00027.png": 0.9478721618652344,
   "00016.png": 0.9341620802879333,
   "00003.png": 0.9443828463554382,
   "00000.png": 0.9059846997261047,
   "00035.png": 0.9249420166015625,
   "00031.png": 0.9341334700584412,
   "00017.png": 0.9414487481117249,
   "00006.png": 0.9473817944526672,
   "00010.png": 0.9365816116333008,
   "00034.png": 0.9071192145347595,
   "00025.png": 0.9424180388450623,
   "00015.png": 0.92112797498703,
   "00024.png": 0.9362305402755737,
   "00036.png": 0.9356067776679993,
   "00026.png": 0.9461791515350342
  },
  "PSNR": {
   "00014.png": 33.64261245727539,
   "00030.png": 35.90039825439453,
   "00020.png": 34.83738327026367,
   "00018.png": 33.096981048583984,
   "00019.png": 32.911067962646484,
   "00001.png": 29.182300567626953,
   "00029.png": 33.944515228271484,
   "00028.png": 33.906253814697266,
   "00004.png": 34.29850769042969,
   "00002.png": 34.11366271972656,
   "00008.png": 33.78363037109375,
   "00007.png": 34.7823486328125,
   "00023.png": 33.5849609375,
   "00012.png": 27.700368881225586,
   "00021.png": 35.073177337646484,
   "00005.png": 35.42876052856445,
   "00013.png": 31.49054718017578,
   "00022.png": 34.466766357421875,
   "00011.png": 28.79108238220215,
   "00032.png": 36.29913330078125,
   "00009.png": 24.971311569213867,
   "00033.png": 36.10353469848633,
   "00027.png": 31.888349533081055,
   "00016.png": 29.217798233032227,
   "00003.png": 32.13302993774414,
   "00000.png": 26.630001068115234,
   "00035.png": 29.416976928710938,
   "00031.png": 32.337459564208984,
   "00017.png": 33.18743896484375,
   "00006.png": 33.002017974853516,
   "00010.png": 32.13211441040039,
   "00034.png": 26.857799530029297,
   "00025.png": 31.142147064208984,
   "00015.png": 27.622249603271484,
   "00024.png": 32.515750885009766,
   "00036.png": 29.900903701782227,
   "00026.png": 33.681427001953125
  },
  "LPIPS": {
   "00014.png": 0.14265450835227966,
   "00030.png": 0.22852544486522675,
   "00020.png": 0.24470295011997223,
   "00018.png": 0.19739209115505219,
   "00019.png": 0.22859123349189758,
   "00001.png": 0.17865413427352905,
   "00029.png": 0.24326138198375702,
   "00028.png": 0.2370031625032425,
   "00004.png": 0.16077739000320435,
   "00002.png": 0.15762971341609955,
   "00008.png": 0.16013893485069275,
   "00007.png": 0.16655340790748596,
   "00023.png": 0.22422048449516296,
   "00012.png": 0.22327254712581635,
   "00021.png": 0.21792441606521606,
   "00005.png": 0.1563665121793747,
   "00013.png": 0.1465913951396942,
   "00022.png": 0.23833033442497253,
   "00011.png": 0.17554111778736115,
   "00032.png": 0.21224762499332428,
   "00009.png": 0.17142903804779053,
   "00033.png": 0.18263967335224152,
   "00027.png": 0.2627697288990021,
   "00016.png": 0.18523624539375305,
   "00003.png": 0.18356773257255554,
   "00000.png": 0.21676823496818542,
   "00035.png": 0.2003486603498459,
   "00031.png": 0.22735922038555145,
   "00017.png": 0.19286656379699707,
   "00006.png": 0.18023040890693665,
   "00010.png": 0.15307927131652832,
   "00034.png": 0.18185365200042725,
   "00025.png": 0.27744877338409424,
   "00015.png": 0.2332371473312378,
   "00024.png": 0.28311315178871155,
   "00036.png": 0.2766346335411072,
   "00026.png": 0.28201666474342346
  }
 },
 "ours_7000": {
  "SSIM": {
   "00014.png": 0.9239908456802368,
   "00030.png": 0.9445549249649048,
   "00020.png": 0.9329281449317932,
   "00018.png": 0.9104524850845337,
   "00019.png": 0.9110071659088135,
   "00001.png": 0.9060773253440857,
   "00029.png": 0.9311205148696899,
   "00028.png": 0.9396592378616333,
   "00004.png": 0.9296872019767761,
   "00002.png": 0.9325404763221741,
   "00008.png": 0.9301966428756714,
   "00007.png": 0.9290568828582764,
   "00023.png": 0.926754355430603,
   "00012.png": 0.8855947852134705,
   "00021.png": 0.9317888021469116,
   "00005.png": 0.9323137998580933,
   "00013.png": 0.924176037311554,
   "00022.png": 0.9136466979980469,
   "00011.png": 0.9116366505622864,
   "00032.png": 0.9370174407958984,
   "00009.png": 0.8985611796379089,
   "00033.png": 0.9464722275733948,
   "00027.png": 0.9328497648239136,
   "00016.png": 0.9074698090553284,
   "00003.png": 0.9272974133491516,
   "00000.png": 0.8747327327728271,
   "00035.png": 0.9096537232398987,
   "00031.png": 0.9224293231964111,
   "00017.png": 0.9196706414222717,
   "00006.png": 0.9283341765403748,
   "00010.png": 0.9064778089523315,
   "00034.png": 0.904706597328186,
   "00025.png": 0.9225417971611023,
   "00015.png": 0.8930134773254395,
   "00024.png": 0.9185298681259155,
   "00036.png": 0.9256919622421265,
   "00026.png": 0.92452073097229
  },
  "PSNR": {
   "00014.png": 31.09632682800293,
   "00030.png": 32.22884750366211,
   "00020.png": 32.44763946533203,
   "00018.png": 29.598066329956055,
   "00019.png": 29.95335578918457,
   "00001.png": 26.975688934326172,
   "00029.png": 31.682037353515625,
   "00028.png": 30.054052352905273,
   "00004.png": 31.97692108154297,
   "00002.png": 30.547012329101562,
   "00008.png": 30.68791961669922,
   "00007.png": 31.919641494750977,
   "00023.png": 30.92817497253418,
   "00012.png": 25.810155868530273,
   "00021.png": 31.56569480895996,
   "00005.png": 32.0594482421875,
   "00013.png": 29.685420989990234,
   "00022.png": 30.968759536743164,
   "00011.png": 27.458690643310547,
   "00032.png": 33.31816101074219,
   "00009.png": 23.823699951171875,
   "00033.png": 33.3572998046875,
   "00027.png": 27.75119972229004,
   "00016.png": 27.547243118286133,
   "00003.png": 29.751977920532227,
   "00000.png": 23.445369720458984,
   "00035.png": 28.813600540161133,
   "00031.png": 30.541767120361328,
   "00017.png": 30.032981872558594,
   "00006.png": 30.041627883911133,
   "00010.png": 29.212053298950195,
   "00034.png": 27.566373825073242,
   "00025.png": 28.90627670288086,
   "00015.png": 25.184362411499023,
   "00024.png": 30.11277961730957,
   "00036.png": 28.973148345947266,
   "00026.png": 29.953914642333984
  },
  "LPIPS": {
   "00014.png": 0.1789964735507965,
   "00030.png": 0.2523481547832489,
   "00020.png": 0.2688217759132385,
   "00018.png": 0.2363499402999878,
   "00019.png": 0.26228684186935425,
   "00001.png": 0.20967498421669006,
   "00029.png": 0.2753605246543884,
   "00028.png": 0.2655322551727295,
   "00004.png": 0.1900799572467804,
   "00002.png": 0.184220552444458,
   "00008.png": 0.18841612339019775,
   "00007.png": 0.19481326639652252,
   "00023.png": 0.2583561837673187,
   "00012.png": 0.26994529366493225,
   "00021.png": 0.2513883411884308,
   "00005.png": 0.18888598680496216,
   "00013.png": 0.18474414944648743,
   "00022.png": 0.28487277030944824,
   "00011.png": 0.22335729002952576,
   "00032.png": 0.23975887894630432,
   "00009.png": 0.21828144788742065,
   "00033.png": 0.20381808280944824,
   "00027.png": 0.2789892256259918,
   "00016.png": 0.2277049422264099,
   "00003.png": 0.2066880464553833,
   "00000.png": 0.24455127120018005,
   "00035.png": 0.2286463975906372,
   "00031.png": 0.24565768241882324,
   "00017.png": 0.2264767587184906,
   "00006.png": 0.2147253155708313,
   "00010.png": 0.18860048055648804,
   "00034.png": 0.2005428969860077,
   "00025.png": 0.3073456287384033,