{
 "ours_30000": {
  "SSIM": 0.9399528503417969,
  "PSNR": 32.16148376464844,
  "LPIPS": 0.2062426209449768
 },
 "ours_7000": {
  "SSIM": 0.9201933145523071,
  "PSNR": 29.621017456054688,
  "LPIPS": 0.23784947395324707
 }
}