{
 "ours_30000": {
  "SSIM": {
   "00014.png": 0.9467194676399231,
   "00030.png": 0.9591705799102783,
   "00020.png": 0.9439857006072998,
   "00018.png": 0.9383065700531006,
   "00019.png": 0.9375696778297424,
   "00001.png": 0.9331831336021423,
   "00029.png": 0.9490612149238586,
   "00028.png": 0.9550006985664368,
   "00004.png": 0.9488860964775085,
   "00002.png": 0.951418936252594,
   "00008.png": 0.9503277540206909,
   "00007.png": 0.9487230777740479,
   "00023.png": 0.943845272064209,
   "00012.png": 0.9072733521461487,
   "00021.png": 0.9510028958320618,
   "00005.png": 0.9542836546897888,
   "00013.png": 0.9461931586265564,
   "00022.png": 0.9403490424156189,
   "00011.png": 0.936802089214325,
   "00032.png": 0.9510748386383057,
   "00009.png": 0.9291019439697266,
   "00033.png": 0.958256185054779,
   "00027.png": 0.9480055570602417,
   "00016.png": 0.9345256686210632,
   "00003.png": 0.9442886114120483,
   "00000.png": 0.8984958529472351,
   "00035.png": 0.9249677062034607,
   "00031.png": 0.9337447285652161,
   "00017.png": 0.9424125552177429,
   "00006.png": 0.9460873007774353,
   "00010.png": 0.9364036917686462,
   "00034.png": 0.8879604935646057,
   "00025.png": 0.9418294429779053,
   "00015.png": 0.9227134585380554,
   "00024.png": 0.9360547065734863,
   "00036.png": 0.9355370402336121,
   "00026.png": 0.9476932287216187
  },
  "PSNR": {
   "00014.png": 33.798126220703125,
   "00030.png": 35.87287902832031,
   "00020.png": 34.81250762939453,
   "00018.png": 32.88015365600586,
   "00019.png": 33.197235107421875,
   "00001.png": 29.068166732788086,
   "00029.png": 34.44728469848633,
   "00028.png": 34.09775161743164,
   "00004.png": 34.22331237792969,
   "00002.png": 34.50554275512695,
   "00008.png": 33.67864990234375,
   "00007.png": 34.45429992675781,
   "00023.png": 33.78542709350586,
   "00012.png": 27.686803817749023,
   "00021.png": 35.10466766357422,
   "00005.png": 35.41482925415039,
   "00013.png": 31.856203079223633,
   "00022.png": 34.42372131347656,
   "00011.png": 28.8829402923584,
   "00032.png": 36.185306549072266,
   "00009.png": 25.050750732421875,
   "00033.png": 36.1965446472168,
   "00027.png": 31.055713653564453,
   "00016.png": 29.178993225097656,
   "00003.png": 32.0994873046875,
   "00000.png": 25.930458068847656,
   "00035.png": 29.293672561645508,
   "00031.png": 32.1686897277832,
   "00017.png": 33.823020935058594,
   "00006.png": 32.632118225097656,
   "00010.png": 31.909658432006836,
   "00034.png": 23.897287368774414,
   "00025.png": 31.255895614624023,
   "00015.png": 27.702417373657227,
   "00024.png": 32.65007400512695,
   "00036.png": 30.083112716674805,
   "00026.png": 34.382606506347656
  },
  "LPIPS": {
   "00014.png": 0.14052468538284302,
   "00030.png": 0.22968772053718567,
   "00020.png": 0.24281544983386993,
   "00018.png": 0.19808177649974823,
   "00019.png": 0.22675515711307526,
   "00001.png": 0.1758606880903244,
   "00029.png": 0.24518123269081116,
   "00028.png": 0.2388741374015808,
   "00004.png": 0.16146644949913025,
   "00002.png": 0.1591588854789734,
   "00008.png": 0.16105017066001892,
   "00007.png": 0.16745910048484802,
   "00023.png": 0.22323596477508545,
   "00012.png": 0.22548136115074158,
   "00021.png": 0.21723423898220062,
   "00005.png": 0.15712584555149078,
   "00013.png": 0.14449331164360046,
   "00022.png": 0.23848669230937958,
   "00011.png": 0.17530663311481476,
   "00032.png": 0.2124531865119934,
   "00009.png": 0.17235387861728668,
   "00033.png": 0.18255871534347534,
   "00027.png": 0.26001083850860596,
   "00016.png": 0.18434271216392517,
   "00003.png": 0.18518447875976562,
   "00000.png": 0.22496218979358673,
   "00035.png": 0.19973397254943848,
   "00031.png": 0.2281368374824524,
   "00017.png": 0.19106453657150269,
   "00006.png": 0.1824890375137329,
   "00010.png": 0.15342962741851807,
   "00034.png": 0.18351152539253235,
   "00025.png": 0.27810755372047424,
   "00015.png": 0.23206928372383118,
   "00024.png": 0.2819846272468567,
   "00036.png": 0.2777106761932373,
   "00026.png": 0.28108006715774536
  }
 },
 "ours_7000": {
  "SSIM": {
   "00014.png": 0.9226939082145691,
   "00030.png": 0.9471177458763123,
   "00020.png": 0.931933581829071,
   "00018.png": 0.9107629060745239,
   "00019.png": 0.9101982116699219,
   "00001.png": 0.9083854556083679,
   "00029.png": 0.9318084716796875,
   "00028.png": 0.9408551454544067,
   "00004.png": 0.9314703941345215,
   "00002.png": 0.9341914653778076,
   "00008.png": 0.9340477585792542,
   "00007.png": 0.930428683757782,
   "00023.png": 0.9272761344909668,
   "00012.png": 0.8866223692893982,
   "00021.png": 0.9296514987945557,
   "00005.png": 0.9324900507926941,
   "00013.png": 0.9234706163406372,
   "00022.png": 0.9130603075027466,
   "00011.png": 0.9116572141647339,
   "00032.png": 0.9388313293457031,
   "00009.png": 0.8987811803817749,
   "00033.png": 0.9480279684066772,
   "00027.png": 0.9330511093139648,
   "00016.png": 0.9058002233505249,
   "00003.png": 0.9280163645744324,
   "00000.png": 0.877683699131012,
   "00035.png": 0.908932626247406,
   "00031.png": 0.9232728481292725,
   "00017.png": 0.9205491542816162,
   "00006.png": 0.9299866557121277,
   "00010.png": 0.9055787324905396,
   "00034.png": 0.9019537568092346,
   "00025.png": 0.9225783348083496,
   "00015.png": 0.896519660949707,
   "00024.png": 0.9183362722396851,
   "00036.png": 0.9255379438400269,
   "00026.png": 0.9253353476524353
  },
  "PSNR": {
   "00014.png": 30.993749618530273,
   "00030.png": 32.570804595947266,
   "00020.png": 32.797119140625,
   "00018.png": 29.793781280517578,
   "00019.png": 29.917280197143555,
   "00001.png": 27.16148567199707,
   "00029.png": 31.465084075927734,
   "00028.png": 30.701377868652344,
   "00004.png": 32.351402282714844,
   "00002.png": 31.405471801757812,
   "00008.png": 31.201175689697266,
   "00007.png": 32.110626220703125,
   "00023.png": 31.164409637451172,
   "00012.png": 25.896343231201172,
   "00021.png": 31.369007110595703,
   "00005.png": 32.16022872924805,
   "00013.png": 29.7698974609375,
   "00022.png": 30.824201583862305,
   "00011.png": 27.459064483642578,
   "00032.png": 33.65225601196289,
   "00009.png": 23.905851364135742,
   "00033.png": 33.71428298950195,
   "00027.png": 27.922386169433594,
   "00016.png": 27.779428482055664,
   "00003.png": 29.951723098754883,
   "00000.png": 23.570575714111328,
   "00035.png": 28.23638153076172,
   "00031.png": 30.965068817138672,
   "00017.png": 30.5942440032959,
   "00006.png": 30.24163055419922,
   "00010.png": 29.24936294555664,
   "00034.png": 27.343557357788086,
   "00025.png": 28.840892791748047,
   "00015.png": 25.593814849853516,
   "00024.png": 30.114364624023438,
   "00036.png": 28.69015884399414,
   "00026.png": 30.225082397460938
  },
  "LPIPS": {
   "00014.png": 0.17740239202976227,
   "00030.png": 0.25064617395401,
   "00020.png": 0.2690841555595398,
   "00018.png": 0.23408471047878265,
   "00019.png": 0.2615389823913574,
   "00001.png": 0.2069319486618042,
   "00029.png": 0.27710220217704773,
   "00028.png": 0.2623618245124817,
   "00004.png": 0.18902623653411865,
   "00002.png": 0.18208914995193481,
   "00008.png": 0.18575116991996765,
   "00007.png": 0.193412184715271,
   "00023.png": 0.2547914981842041,
   "00012.png": 0.268790602684021,
   "00021.png": 0.2522088289260864,
   "00005.png": 0.18763108551502228,
   "00013.png": 0.18148356676101685,
   "00022.png": 0.2844422161579132,
   "00011.png": 0.2219490259885788,
   "00032.png": 0.23740734159946442,
   "00009.png": 0.22014331817626953,
   "00033.png": 0.20159123837947845,
   "00027.png": 0.28460437059402466,
   "00016.png": 0.22527647018432617,
   "00003.png": 0.20614522695541382,
   "00000.png": 0.24382725358009338,
   "00035.png": 0.22549618780612946,
   "00031.png": 0.24630261957645416,
   "00017.png": 0.22391708195209503,
   "00006.png": 0.21558326482772827,
   "00010.png": 0.1862916499376297,
   "00034.png": 0.19940264523029327,
   "00025.png": 0.3074582815170288,