{
 "ours_30000": {
  "SSIM": 0.9394934177398682,
  "PSNR": 32.09962844848633,
  "LPIPS": 0.20647196471691132
 },
 "ours_7000": {
  "SSIM": 0.9207269549369812,
  "PSNR": 29.77577018737793,
  "LPIPS": 0.23679617047309875
 }
}