{
 "ours_30000": {
  "SSIM": {
   "00014.png": 0.9531069993972778,
   "00030.png": 0.9602708220481873,
   "00020.png": 0.9491963982582092,
   "00018.png": 0.9417003393173218,
   "00019.png": 0.9417355060577393,
   "00001.png": 0.9271198511123657,
   "00029.png": 0.9528765082359314,
   "00028.png": 0.9568485617637634,
   "00004.png": 0.9533950686454773,
   "00002.png": 0.9560554623603821,
   "00008.png": 0.953860342502594,
   "00007.png": 0.9524714946746826,
   "00023.png": 0.9385520219802856,
   "00012.png": 0.9084587097167969,
   "00021.png": 0.9542154669761658,
   "00005.png": 0.9578243494033813,
   "00013.png": 0.9471288919448853,
   "00022.png": 0.9428974986076355,
   "00011.png": 0.9445898532867432,
   "00032.png": 0.9527623057365417,
   "00009.png": 0.9333376884460449,
   "00033.png": 0.960915744304657,
   "00027.png": 0.9532812833786011,
   "00016.png": 0.9385068416595459,
   "00003.png": 0.951373815536499,
   "00000.png": 0.8639026284217834,
   "00035.png": 0.9448602795600891,
   "00031.png": 0.9400811195373535,
   "00017.png": 0.946125328540802,
   "00006.png": 0.9502901434898376,
   "00010.png": 0.94331955909729,
   "00034.png": 0.9054486751556396,
   "00025.png": 0.9458814859390259,
   "00015.png": 0.9277962446212769,
   "00024.png": 0.9441474676132202,
   "00036.png": 0.9134917259216309,
   "00026.png": 0.9508492946624756
  },
  "PSNR": {
   "00014.png": 34.93402862548828,
   "00030.png": 36.23362731933594,
   "00020.png": 35.84326934814453,
   "00018.png": 33.357608795166016,
   "00019.png": 33.73738479614258,
   "00001.png": 27.92617416381836,
   "00029.png": 35.11130142211914,
   "00028.png": 34.91387939453125,
   "00004.png": 35.06346893310547,
   "00002.png": 35.23908615112305,
   "00008.png": 34.57368850708008,
   "00007.png": 35.483028411865234,
   "00023.png": 31.922693252563477,
   "00012.png": 28.237390518188477,
   "00021.png": 35.872196197509766,
   "00005.png": 36.44329833984375,
   "00013.png": 31.866207122802734,
   "00022.png": 34.93892288208008,
   "00011.png": 30.813945770263672,
   "00032.png": 36.606231689453125,
   "00009.png": 26.24831199645996,
   "00033.png": 36.71485137939453,
   "00027.png": 36.05290222167969,
   "00016.png": 30.12710952758789,
   "00003.png": 33.54328536987305,
   "00000.png": 22.16434669494629,
   "00035.png": 33.4517707824707,
   "00031.png": 33.88383102416992,
   "00017.png": 34.45289611816406,
   "00006.png": 34.21986389160156,
   "00010.png": 33.06920623779297,
   "00034.png": 24.618436813354492,
   "00025.png": 32.87982940673828,
   "00015.png": 28.9132022857666,
   "00024.png": 34.64014434814453,
   "00036.png": 25.302719116210938,
   "00026.png": 36.522865295410156
  },
  "LPIPS": {
   "00014.png": 0.131230890750885,
   "00030.png": 0.22203120589256287,
   "00020.png": 0.22808977961540222,
   "00018.png": 0.18761470913887024,
   "00019.png": 0.21616008877754211,
   "00001.png": 0.17353668808937073,
   "00029.png": 0.23312678933143616,
   "00028.png": 0.2300308495759964,
   "00004.png": 0.15488538146018982,
   "00002.png": 0.15141144394874573,
   "00008.png": 0.15287519991397858,
   "00007.png": 0.15855827927589417,
   "00023.png": 0.21902385354042053,
   "00012.png": 0.2135658711194992,
   "00021.png": 0.20642061531543732,
   "00005.png": 0.15094831585884094,
   "00013.png": 0.13738253712654114,
   "00022.png": 0.23079156875610352,
   "00011.png": 0.16308429837226868,
   "00032.png": 0.20432275533676147,
   "00009.png": 0.1627412736415863,
   "00033.png": 0.1759871244430542,
   "00027.png": 0.2427513152360916,
   "00016.png": 0.17620326578617096,
   "00003.png": 0.17535725235939026,
   "00000.png": 0.22053387761116028,
   "00035.png": 0.183721125125885,
   "00031.png": 0.21972127258777618,
   "00017.png": 0.18081098794937134,
   "00006.png": 0.17409703135490417,
   "00010.png": 0.142332524061203,
   "00034.png": 0.19029858708381653,
   "00025.png": 0.27283990383148193,
   "00015.png": 0.22132641077041626,
   "00024.png": 0.2681925892829895,
   "00036.png": 0.2957558333873749,
   "00026.png": 0.2702884376049042
  }
 },
 "ours_7000": {
  "SSIM": {
   "00014.png": 0.9466234445571899,
   "00030.png": 0.9566592574119568,
   "00020.png": 0.9437809586524963,
   "00018.png": 0.9362329840660095,
   "00019.png": 0.9357511401176453,
   "00001.png": 0.9230871200561523,
   "00029.png": 0.9472863078117371,
   "00028.png": 0.9523336291313171,
   "00004.png": 0.9480559229850769,
   "00002.png": 0.950167715549469,
   "00008.png": 0.9502739310264587,
   "00007.png": 0.9464230537414551,
   "00023.png": 0.9341046214103699,
   "00012.png": 0.9054945707321167,
   "00021.png": 0.9484745264053345,
   "00005.png": 0.9500492811203003,
   "00013.png": 0.9428143501281738,
   "00022.png": 0.9370971918106079,
   "00011.png": 0.9340404272079468,
   "00032.png": 0.9468642473220825,
   "00009.png": 0.9247152209281921,
   "00033.png": 0.9575812816619873,
   "00027.png": 0.9477806091308594,
   "00016.png": 0.9309210181236267,
   "00003.png": 0.9458441734313965,
   "00000.png": 0.8734879493713379,
   "00035.png": 0.9325081706047058,
   "00031.png": 0.9359285235404968,
   "00017.png": 0.9410306215286255,
   "00006.png": 0.9455408453941345,
   "00010.png": 0.936628520488739,
   "00034.png": 0.9107984900474548,
   "00025.png": 0.9408597946166992,
   "00015.png": 0.9195449352264404,
   "00024.png": 0.9369075298309326,
   "00036.png": 0.9169856905937195,
   "00026.png": 0.9448257088661194
  },
  "PSNR": {
   "00014.png": 33.7523307800293,
   "00030.png": 34.852577209472656,
   "00020.png": 34.19216537475586,
   "00018.png": 32.711647033691406,
   "00019.png": 32.74986267089844,
   "00001.png": 27.512584686279297,
   "00029.png": 33.57788848876953,
   "00028.png": 33.09423828125,
   "00004.png": 34.361019134521484,
   "00002.png": 33.71737289428711,
   "00008.png": 33.99483871459961,
   "00007.png": 34.264732360839844,
   "00023.png": 29.10149574279785,
   "00012.png": 27.757190704345703,
   "00021.png": 34.12068557739258,
   "00005.png": 34.66803741455078,
   "00013.png": 31.264476776123047,
   "00022.png": 33.74570083618164,
   "00011.png": 29.028615951538086,
   "00032.png": 35.0240478515625,
   "00009.png": 24.90286636352539,
   "00033.png": 35.9389533996582,
   "00027.png": 33.575321197509766,
   "00016.png": 29.10366439819336,
   "00003.png": 32.33900451660156,
   "00000.png": 23.50745964050293,
   "00035.png": 30.600799560546875,
   "00031.png": 33.13043212890625,
   "00017.png": 33.40254211425781,
   "00006.png": 33.06574249267578,
   "00010.png": 31.85682487487793,
   "00034.png": 25.760482788085938,
   "00025.png": 31.51598358154297,
   "00015.png": 27.648096084594727,
   "00024.png": 32.72634506225586,
   "00036.png": 25.25271987915039,
   "00026.png": 34.30457305908203
  },
  "LPIPS": {
   "00014.png": 0.1436384916305542,
   "00030.png": 0.2332315742969513,
   "00020.png": 0.2426397204399109,
   "00018.png": 0.20105400681495667,
   "00019.png": 0.22921442985534668,
   "00001.png": 0.1849055290222168,
   "00029.png": 0.24841825664043427,
   "00028.png": 0.2405375838279724,
   "00004.png": 0.1657773107290268,
   "00002.png": 0.16024452447891235,
   "00008.png": 0.16185614466667175,
   "00007.png": 0.1702851504087448,
   "00023.png": 0.23052677512168884,
   "00012.png": 0.22689975798130035,
   "00021.png": 0.22034409642219543,
   "00005.png": 0.16452912986278534,
   "00013.png": 0.14739137887954712,
   "00022.png": 0.24682891368865967,
   "00011.png": 0.18412309885025024,
   "00032.png": 0.21800166368484497,
   "00009.png": 0.1825183928012848,
   "00033.png": 0.18403631448745728,
   "00027.png": 0.25520044565200806,
   "00016.png": 0.19313985109329224,
   "00003.png": 0.18542176485061646,
   "00000.png": 0.22749066352844238,
   "00035.png": 0.19931527972221375,
   "00031.png": 0.22883190214633942,
   "00017.png": 0.19320300221443176,
   "00006.png": 0.18509787321090698,
   "00010.png": 0.15410229563713074,
   "00034.png": 0.18493229150772095,
   "00025.png": 0.28479886054992676,
   "00015.png": 0.2399379014968872,