{
 "ours_30000": {
  "SSIM": 0.9421263933181763,
  "PSNR": 32.86278533935547,
  "LPIPS": 0.19832567870616913
 },
 "ours_7000": {
  "SSIM": 0.9372298717498779,
  "PSNR": 31.67900848388672,
  "LPIPS": 0.21018409729003906
 }
}