{
 "ours_30000": {
  "SSIM": {
   "00014.png": 0.9187694787979126,
   "00030.png": 0.884623646736145,
   "00020.png": 0.8935051560401917,
   "00018.png": 0.905080258846283,
   "00019.png": 0.912244975566864,
   "00001.png": 0.8510663509368896,
   "00029.png": 0.8545191884040833,
   "00028.png": 0.8570071458816528,
   "00004.png": 0.930848240852356,
   "00002.png": 0.8345903158187866,
   "00008.png": 0.9040583372116089,
   "00007.png": 0.930758535861969,
   "00023.png": 0.847154438495636,
   "00012.png": 0.912516176700592,
   "00021.png": 0.8793866634368896,
   "00005.png": 0.8827828764915466,
   "00013.png": 0.8721983432769775,
   "00022.png": 0.8866729140281677,
   "00011.png": 0.9190427660942078,
   "00032.png": 0.9085249900817871,
   "00009.png": 0.9252168536186218,
   "00033.png": 0.9026277661323547,
   "00027.png": 0.8921692967414856,
   "00016.png": 0.8783026933670044,
   "00003.png": 0.8891717791557312,
   "00000.png": 0.8377370834350586,
   "00035.png": 0.9328075051307678,
   "00031.png": 0.8059253096580505,
   "00017.png": 0.9353119134902954,
   "00006.png": 0.8677847385406494,
   "00010.png": 0.8941165804862976,
   "00034.png": 0.9159265160560608,
   "00025.png": 0.9096322059631348,
   "00015.png": 0.8309572339057922,
   "00024.png": 0.9013869762420654,
   "00036.png": 0.8623910546302795,
   "00026.png": 0.9248202443122864,
   "00038.png": 0.8755051493644714,
   "00037.png": 0.9242311716079712
  },
  "PSNR": {
   "00014.png": 28.98580551147461,
   "00030.png": 30.406845092773438,
   "00020.png": 29.513290405273438,
   "00018.png": 31.894073486328125,
   "00019.png": 28.2636661529541,
   "00001.png": 31.44622039794922,
   "00029.png": 25.407228469848633,
   "00028.png": 26.322174072265625,
   "00004.png": 31.894088745117188,
   "00002.png": 30.91098403930664,
   "00008.png": 29.37643814086914,
   "00007.png": 31.66852569580078,
   "00023.png": 25.538742065429688,
   "00012.png": 33.09562683105469,
   "00021.png": 29.647220611572266,
   "00005.png": 25.17267608642578,
   "00013.png": 29.30438995361328,
   "00022.png": 30.77423858642578,
   "00011.png": 33.34949493408203,
   "00032.png": 28.080791473388672,
   "00009.png": 32.7349853515625,
   "00033.png": 27.725229263305664,
   "00027.png": 30.6939697265625,
   "00016.png": 29.997108459472656,
   "00003.png": 32.933799743652344,
   "00000.png": 27.7777099609375,
   "00035.png": 24.021183013916016,
   "00031.png": 30.5399112701416,
   "00017.png": 33.49900436401367,
   "00006.png": 31.39453887939453,
   "00010.png": 32.09111404418945,
   "00034.png": 20.644838333129883,
   "00025.png": 31.550853729248047,
   "00015.png": 30.953645706176758,
   "00024.png": 28.9768009185791,
   "00036.png": 23.437490463256836,
   "00026.png": 30.139293670654297,
   "00038.png": 30.258037567138672,
   "00037.png": 31.340476989746094
  },
  "LPIPS": {
   "00014.png": 0.21331685781478882,
   "00030.png": 0.34685662388801575,
   "00020.png": 0.25500398874282837,
   "00018.png": 0.2929994463920593,
   "00019.png": 0.22967058420181274,
   "00001.png": 0.2868689298629761,
   "00029.png": 0.33005744218826294,
   "00028.png": 0.32003578543663025,
   "00004.png": 0.23490284383296967,
   "00002.png": 0.3177971839904785,
   "00008.png": 0.24189403653144836,
   "00007.png": 0.22035294771194458,
   "00023.png": 0.2846774458885193,
   "00012.png": 0.23136687278747559,
   "00021.png": 0.32803040742874146,
   "00005.png": 0.2559205889701843,
   "00013.png": 0.2794640064239502,
   "00022.png": 0.2493792474269867,
   "00011.png": 0.2376730740070343,
   "00032.png": 0.22495374083518982,
   "00009.png": 0.22792834043502808,
   "00033.png": 0.2810443937778473,
   "00027.png": 0.3152517080307007,
   "00016.png": 0.29123422503471375,
   "00003.png": 0.27589526772499084,
   "00000.png": 0.27964290976524353,
   "00035.png": 0.29624712467193604,
   "00031.png": 0.3892825245857239,
   "00017.png": 0.19822125136852264,
   "00006.png": 0.31037837266921997,
   "00010.png": 0.2742953598499298,
   "00034.png": 0.31601038575172424,
   "00025.png": 0.2752643823623657,
   "00015.png": 0.3345203995704651,
   "00024.png": 0.3038419485092163,
   "00036.png": 0.41391563415527344,
   "00026.png": 0.23146092891693115,
   "00038.png": 0.37336432933807373,
   "00037.png": 0.2949568033218384
  }
 },
 "ours_7000": {
  "SSIM": {
   "00014.png": 0.7663050889968872,
   "00030.png": 0.8485403060913086,
   "00020.png": 0.7626410722732544,
   "00018.png": 0.83588045835495,
   "00019.png": 0.7607554793357849,
   "00001.png": 0.7521829605102539,
   "00029.png": 0.6796964406967163,
   "00028.png": 0.7021918296813965,
   "00004.png": 0.8236863017082214,
   "00002.png": 0.7261509299278259,
   "00008.png": 0.7589957118034363,
   "00007.png": 0.7901257872581482,
   "00023.png": 0.6999685168266296,
   "00012.png": 0.8258103728294373,
   "00021.png": 0.8619806170463562,
   "00005.png": 0.7624480724334717,
   "00013.png": 0.7420048117637634,
   "00022.png": 0.7575430274009705,
   "00011.png": 0.8289905190467834,
   "00032.png": 0.7431516051292419,
   "00009.png": 0.8277186155319214,
   "00033.png": 0.8242135047912598,
   "00027.png": 0.8187078833580017,
   "00016.png": 0.7702453136444092,
   "00003.png": 0.7920811176300049,
   "00000.png": 0.6893954277038574,
   "00035.png": 0.7768536806106567,
   "00031.png": 0.7437852621078491,
   "00017.png": 0.8416741490364075,
   "00006.png": 0.7691465616226196,
   "00010.png": 0.7995414733886719,
   "00034.png": 0.746772289276123,
   "00025.png": 0.852802574634552,
   "00015.png": 0.7359827160835266,
   "00024.png": 0.8047335147857666,
   "00036.png": 0.8108294606208801,
   "00026.png": 0.7469410300254822,
   "00038.png": 0.8206195831298828,
   "00037.png": 0.8498281836509705
  },
  "PSNR": {
   "00014.png": 19.589811325073242,
   "00030.png": 27.00582504272461,
   "00020.png": 24.252609252929688,
   "00018.png": 24.90329360961914,
   "00019.png": 20.168638229370117,
   "00001.png": 26.9081974029541,
   "00029.png": 17.596900939941406,
   "00028.png": 18.56932258605957,
   "00004.png": 21.601707458496094,
   "00002.png": 25.842693328857422,
   "00008.png": 20.15474510192871,
   "00007.png": 20.706039428710938,
   "00023.png": 20.51746368408203,
   "00012.png": 26.539047241210938,
   "00021.png": 24.999958038330078,
   "00005.png": 18.417570114135742,
   "00013.png": 21.69703483581543,
   "00022.png": 23.428768157958984,
   "00011.png": 25.748273849487305,
   "00032.png": 19.245519638061523,
   "00009.png": 24.51047706604004,
   "00033.png": 21.43253517150879,
   "00027.png": 25.298065185546875,
   "00016.png": 23.471643447875977,
   "00003.png": 26.04210662841797,
   "00000.png": 19.345928192138672,
   "00035.png": 15.026527404785156,
   "00031.png": 26.141658782958984,
   "00017.png": 24.358219146728516,
   "00006.png": 25.513877868652344,
   "00010.png": 25.322895050048828,
   "00034.png": 13.0167818069458,
   "00025.png": 25.67190933227539,
   "00015.png": 25.873554229736328,
   "00024.png": 23.02743911743164,
   "00036.png": 18.68691635131836,
   "00026.png": 18.064855575561523,
   "00038.png": 20.871994018554688,
   "00037.png": 19.950565338134766
  },
  "LPIPS": {
   "00014.png": 0.39828118681907654,
   "00030.png": 0.4345778524875641,
   "00020.png": 0.43463391065597534,
   "00018.png": 0.3952557444572449,
   "00019.png": 0.4206359088420868,
   "00001.png": 0.4351573586463928,
   "00029.png": 0.5364582538604736,
   "00028.png": 0.5065690875053406,
   "00004.png": 0.4122181534767151,
   "00002.png": 0.4730549156665802,
   "00008.png": 0.4086138606071472,
   "00007.png": 0.41419488191604614,
   "00023.png": 0.48296481370925903,
   "00012.png": 0.358342707157135,
   "00021.png": 0.38659289479255676,
   "00005.png": 0.4369470179080963,
   "00013.png": 0.45797765254974365,
   "00022.png": 0.4375346004962921,
   "00011.png": 0.36967933177948,
   "00032.png": 0.4174051880836487,
   "00009.png": 0.39713412523269653,
   "00033.png": 0.387664258480072,
   "00027.png": 0.44366520643234253,
   "00016.png": 0.44753217697143555,