{
 "ours_30000": {
  "SSIM": 0.8895223736763,
  "PSNR": 29.532373428344727,
  "LPIPS": 0.28369173407554626
 },
 "ours_7000": {
  "SSIM": 0.7807929515838623,
  "PSNR": 22.295421600341797,
  "LPIPS": 0.4347378611564636
 }
}