{
 "ours_30000": {
  "SSIM": {
   "00014.png": 0.9236748218536377,
   "00030.png": 0.9176854491233826,
   "00020.png": 0.9225478172302246,
   "00018.png": 0.879727840423584,
   "00019.png": 0.9120619297027588,
   "00001.png": 0.9011203050613403,
   "00029.png": 0.9144377112388611,
   "00028.png": 0.9309856295585632,
   "00004.png": 0.9158775210380554,
   "00002.png": 0.9283081889152527,
   "00008.png": 0.9061031341552734,
   "00007.png": 0.9229050874710083,
   "00023.png": 0.92158043384552,
   "00012.png": 0.9185833930969238,
   "00021.png": 0.9087311029434204,
   "00005.png": 0.9036778211593628,
   "00013.png": 0.9392822980880737,
   "00022.png": 0.9314795136451721,
   "00011.png": 0.8936457633972168,
   "00032.png": 0.9455516338348389,
   "00009.png": 0.8901128172874451,
   "00033.png": 0.9104230999946594,
   "00027.png": 0.766954243183136,
   "00016.png": 0.912667453289032,
   "00003.png": 0.9225475192070007,
   "00000.png": 0.8602808713912964,
   "00031.png": 0.9232489466667175,
   "00017.png": 0.9064438343048096,
   "00006.png": 0.7926914095878601,
   "00010.png": 0.9351838827133179,
   "00034.png": 0.750324010848999,
   "00025.png": 0.9276965856552124,
   "00015.png": 0.9145419001579285,
   "00024.png": 0.924423098564148,
   "00026.png": 0.9386370778083801
  },
  "PSNR": {
   "00014.png": 28.925064086914062,
   "00030.png": 31.394927978515625,
   "00020.png": 31.629993438720703,
   "00018.png": 29.080890655517578,
   "00019.png": 28.923425674438477,
   "00001.png": 25.020206451416016,
   "00029.png": 30.658611297607422,
   "00028.png": 31.154251098632812,
   "00004.png": 26.88339614868164,
   "00002.png": 27.528350830078125,
   "00008.png": 28.653087615966797,
   "00007.png": 25.856731414794922,
   "00023.png": 31.967687606811523,
   "00012.png": 28.70357322692871,
   "00021.png": 30.482328414916992,
   "00005.png": 25.69186782836914,
   "00013.png": 31.521259307861328,
   "00022.png": 32.69873809814453,
   "00011.png": 29.059127807617188,
   "00032.png": 33.58843994140625,
   "00009.png": 27.52873992919922,
   "00033.png": 28.837575912475586,
   "00027.png": 27.039352416992188,
   "00016.png": 29.954814910888672,
   "00003.png": 27.647075653076172,
   "00000.png": 23.132925033569336,
   "00031.png": 30.060625076293945,
   "00017.png": 30.098430633544922,
   "00006.png": 27.725433349609375,
   "00010.png": 30.97467041015625,
   "00034.png": 27.216508865356445,
   "00025.png": 30.64779281616211,
   "00015.png": 28.698368072509766,
   "00024.png": 29.670942306518555,
   "00026.png": 32.21853256225586
  },
  "LPIPS": {
   "00014.png": 0.1429053544998169,
   "00030.png": 0.15635696053504944,
   "00020.png": 0.13344061374664307,
   "00018.png": 0.20003406703472137,
   "00019.png": 0.17158016562461853,
   "00001.png": 0.1692267805337906,
   "00029.png": 0.15076474845409393,
   "00028.png": 0.10755115747451782,
   "00004.png": 0.15436798334121704,
   "00002.png": 0.13364453613758087,
   "00008.png": 0.16869676113128662,
   "00007.png": 0.12854252755641937,
   "00023.png": 0.15944835543632507,
   "00012.png": 0.1647443026304245,
   "00021.png": 0.16548192501068115,
   "00005.png": 0.17156176269054413,
   "00013.png": 0.1575029194355011,
   "00022.png": 0.13630311191082,
   "00011.png": 0.18684262037277222,
   "00032.png": 0.15528517961502075,
   "00009.png": 0.1775922030210495,
   "00033.png": 0.18441079556941986,
   "00027.png": 0.28678780794143677,
   "00016.png": 0.17398637533187866,
   "00003.png": 0.13952110707759857,
   "00000.png": 0.2131940722465515,
   "00031.png": 0.17492544651031494,
   "00017.png": 0.1894867718219757,
   "00006.png": 0.25700944662094116,
   "00010.png": 0.15597328543663025,
   "00034.png": 0.3035411834716797,
   "00025.png": 0.12069258093833923,
   "00015.png": 0.18612626194953918,
   "00024.png": 0.12810823321342468,
   "00026.png": 0.12808245420455933
  }
 },
 "ours_7000": {
  "SSIM": {
   "00014.png": 0.7721827030181885,
   "00030.png": 0.8106654286384583,
   "00020.png": 0.7838660478591919,
   "00018.png": 0.7308881282806396,
   "00019.png": 0.7929525971412659,
   "00001.png": 0.7550181150436401,
   "00029.png": 0.8397051095962524,
   "00028.png": 0.805384635925293,
   "00004.png": 0.7876273989677429,
   "00002.png": 0.8098741769790649,
   "00008.png": 0.7623618841171265,
   "00007.png": 0.792864978313446,
   "00023.png": 0.7966720461845398,
   "00012.png": 0.7337198853492737,
   "00021.png": 0.7829559445381165,
   "00005.png": 0.7926962375640869,
   "00013.png": 0.8133736848831177,
   "00022.png": 0.8122780323028564,
   "00011.png": 0.7933867573738098,
   "00032.png": 0.8249733448028564,
   "00009.png": 0.7531391382217407,
   "00033.png": 0.8101257681846619,
   "00027.png": 0.7414066195487976,
   "00016.png": 0.7925093173980713,
   "00003.png": 0.7764713168144226,
   "00000.png": 0.7238602042198181,
   "00031.png": 0.7709867358207703,
   "00017.png": 0.7943176627159119,
   "00006.png": 0.7233854532241821,
   "00010.png": 0.8118996024131775,
   "00034.png": 0.7131877541542053,
   "00025.png": 0.7949886918067932,
   "00015.png": 0.7630795836448669,
   "00024.png": 0.7912778258323669,
   "00026.png": 0.8392360806465149
  },
  "PSNR": {
   "00014.png": 22.807958602905273,
   "00030.png": 24.121702194213867,
   "00020.png": 25.088451385498047,
   "00018.png": 23.77010726928711,
   "00019.png": 24.974252700805664,
   "00001.png": 19.568660736083984,
   "00029.png": 26.063030242919922,
   "00028.png": 25.558624267578125,
   "00004.png": 21.695783615112305,
   "00002.png": 21.821767807006836,
   "00008.png": 18.96687126159668,
   "00007.png": 21.861936569213867,
   "00023.png": 25.705577850341797,
   "00012.png": 21.704986572265625,
   "00021.png": 24.506534576416016,
   "00005.png": 22.195890426635742,
   "00013.png": 23.58894157409668,
   "00022.png": 26.658151626586914,
   "00011.png": 22.376869201660156,
   "00032.png": 23.96866226196289,
   "00009.png": 23.41295623779297,
   "00033.png": 19.903108596801758,
   "00027.png": 25.065290451049805,
   "00016.png": 25.173809051513672,
   "00003.png": 21.382801055908203,
   "00000.png": 19.042789459228516,
   "00031.png": 18.56773567199707,
   "00017.png": 25.98455047607422,
   "00006.png": 21.18178939819336,
   "00010.png": 23.800983428955078,
   "00034.png": 23.668725967407227,
   "00025.png": 25.306684494018555,
   "00015.png": 19.889320373535156,
   "00024.png": 23.988258361816406,
   "00026.png": 24.38889503479004
  },
  "LPIPS": {
   "00014.png": 0.30732983350753784,
   "00030.png": 0.30283135175704956,
   "00020.png": 0.3117755353450775,
   "00018.png": 0.3846919536590576,
   "00019.png": 0.34282827377319336,
   "00001.png": 0.3673223555088043,
   "00029.png": 0.2738912105560303,
   "00028.png": 0.28837060928344727,
   "00004.png": 0.3444676399230957,
   "00002.png": 0.30335086584091187,
   "00008.png": 0.3342961072921753,
   "00007.png": 0.305009126663208,
   "00023.png": 0.31266871094703674,
   "00012.png": 0.3703288435935974,
   "00021.png": 0.34253960847854614,
   "00005.png": 0.3482673764228821,
   "00013.png": 0.3336988687515259,
   "00022.png": 0.29442527890205383,
   "00011.png": 0.3539712429046631,
   "00032.png": 0.332304984331131,
   "00009.png": 0.37007272243499756,
   "00033.png": 0.33296310901641846,
   "00027.png": 0.34564831852912903,
   "00016.png": 0.3548552393913269,
   "00003.png": 0.3397943377494812,
   "00000.png": 0.4076606333255768,
   "00031.png": 0.3662101626396179,
   "00017.png": 0.35089051723480225,
   "00006.png": 0.3758361041545868,
   "00010.png": 0.3411217927932739,
   "00034.png": 0.40034550428390503,
   "00025.png": 0.30159610509872437,
   "00015.png": 0.40156495571136475,
   "00024.png": 0.3107658624649048,
   "00026.png": 0.276248961687088
  }
 }
}