{
 "ours_30000": {
  "SSIM": 0.9032613039016724,
  "PSNR": 29.16781997680664,
  "LPIPS": 0.1695348620414734
 },
 "ours_7000": {
  "SSIM": 0.7826662659645081,
  "PSNR": 23.078927993774414,
  "LPIPS": 0.3379984200000763
 }
}