{
 "ours_30000": {
  "SSIM": {
   "00014.png": 0.8830745816230774,
   "00020.png": 0.9174284934997559,
   "00018.png": 0.9059805274009705,
   "00019.png": 0.9099732637405396,
   "00001.png": 0.9068968296051025,
   "00029.png": 0.8566874265670776,
   "00028.png": 0.9117159843444824,
   "00004.png": 0.9341674447059631,
   "00002.png": 0.9086757302284241,
   "00008.png": 0.8945942521095276,
   "00007.png": 0.9179277420043945,
   "00023.png": 0.9308965802192688,
   "00012.png": 0.8952128887176514,
   "00021.png": 0.9056116938591003,
   "00005.png": 0.904999315738678,
   "00013.png": 0.9126121401786804,
   "00022.png": 0.9147796630859375,
   "00011.png": 0.915625810623169,
   "00009.png": 0.892156183719635,
   "00027.png": 0.9128193855285645,
   "00016.png": 0.9234061241149902,
   "00003.png": 0.8479596376419067,
   "00000.png": 0.8770685195922852,
   "00017.png": 0.9025402665138245,
   "00006.png": 0.8982160091400146,
   "00010.png": 0.9022098183631897,
   "00025.png": 0.9357498288154602,
   "00015.png": 0.9083414077758789,
   "00024.png": 0.920462429523468,
   "00026.png": 0.9309163093566895
  },
  "PSNR": {
   "00014.png": 25.791057586669922,
   "00020.png": 30.742406845092773,
   "00018.png": 28.850032806396484,
   "00019.png": 27.235321044921875,
   "00001.png": 29.86688995361328,
   "00029.png": 25.395429611206055,
   "00028.png": 28.1639404296875,
   "00004.png": 31.315298080444336,
   "00002.png": 29.111536026000977,
   "00008.png": 29.94925308227539,
   "00007.png": 30.268169403076172,
   "00023.png": 30.650493621826172,
   "00012.png": 26.11905288696289,
   "00021.png": 29.446426391601562,
   "00005.png": 29.463510513305664,
   "00013.png": 29.128650665283203,
   "00022.png": 29.17467498779297,
   "00011.png": 30.670146942138672,
   "00009.png": 27.54010009765625,
   "00027.png": 28.267620086669922,
   "00016.png": 28.700437545776367,
   "00003.png": 26.311595916748047,
   "00000.png": 27.147581100463867,
   "00017.png": 27.250244140625,
   "00006.png": 29.471284866333008,
   "00010.png": 28.70594024658203,
   "00025.png": 32.77703857421875,
   "00015.png": 29.155982971191406,
   "00024.png": 31.345176696777344,
   "00026.png": 30.98811149597168
  },
  "LPIPS": {
   "00014.png": 0.23944586515426636,
   "00020.png": 0.188308984041214,
   "00018.png": 0.18782232701778412,
   "00019.png": 0.18637534976005554,
   "00001.png": 0.1783600151538849,
   "00029.png": 0.265239953994751,
   "00028.png": 0.19133302569389343,
   "00004.png": 0.18980926275253296,
   "00002.png": 0.1749868392944336,
   "00008.png": 0.30264467000961304,
   "00007.png": 0.15355610847473145,
   "00023.png": 0.17600256204605103,
   "00012.png": 0.17260712385177612,
   "00021.png": 0.22773030400276184,
   "00005.png": 0.2529274523258209,
   "00013.png": 0.16704052686691284,
   "00022.png": 0.1877082884311676,
   "00011.png": 0.2760525643825531,
   "00009.png": 0.17865213751792908,
   "00027.png": 0.1706760972738266,
   "00016.png": 0.15706515312194824,
   "00003.png": 0.26219403743743896,
   "00000.png": 0.24135956168174744,
   "00017.png": 0.22728541493415833,
   "00006.png": 0.20102280378341675,
   "00010.png": 0.17628628015518188,
   "00025.png": 0.16009435057640076,
   "00015.png": 0.20905083417892456,
   "00024.png": 0.20952993631362915,
   "00026.png": 0.17268745601177216
  }
 },
 "ours_7000": {
  "SSIM": {
   "00014.png": 0.8344342112541199,
   "00020.png": 0.8935593366622925,
   "00018.png": 0.8739839792251587,
   "00019.png": 0.8799851536750793,
   "00001.png": 0.876349151134491,
   "00029.png": 0.8260349631309509,
   "00028.png": 0.8908498287200928,
   "00004.png": 0.9125292897224426,
   "00002.png": 0.8750448226928711,
   "00008.png": 0.8515581488609314,
   "00007.png": 0.8860366344451904,
   "00023.png": 0.910759687423706,
   "00012.png": 0.8571953177452087,
   "00021.png": 0.8748850226402283,
   "00005.png": 0.8898575305938721,
   "00013.png": 0.8651024699211121,
   "00022.png": 0.8908063173294067,
   "00011.png": 0.8933570384979248,
   "00009.png": 0.8534525632858276,
   "00027.png": 0.882647693157196,
   "00016.png": 0.8936865925788879,
   "00003.png": 0.834429919719696,
   "00000.png": 0.8315874934196472,
   "00017.png": 0.8885955810546875,
   "00006.png": 0.8746643662452698,
   "00010.png": 0.8460880517959595,
   "00025.png": 0.9221853613853455,
   "00015.png": 0.8807666897773743,
   "00024.png": 0.8967238068580627,
   "00026.png": 0.9139125347137451
  },
  "PSNR": {
   "00014.png": 23.486339569091797,
   "00020.png": 29.09977912902832,
   "00018.png": 27.172744750976562,
   "00019.png": 26.190736770629883,
   "00001.png": 27.900737762451172,
   "00029.png": 23.817703247070312,
   "00028.png": 27.05666732788086,
   "00004.png": 29.374835968017578,
   "00002.png": 26.880285263061523,
   "00008.png": 27.92853355407715,
   "00007.png": 27.657085418701172,
   "00023.png": 29.09231185913086,
   "00012.png": 24.455860137939453,
   "00021.png": 27.764514923095703,
   "00005.png": 28.255821228027344,
   "00013.png": 26.487825393676758,
   "00022.png": 27.69219207763672,
   "00011.png": 28.62427520751953,
   "00009.png": 25.414325714111328,
   "00027.png": 26.74562644958496,
   "00016.png": 26.986209869384766,
   "00003.png": 25.359678268432617,
   "00000.png": 24.8018798828125,
   "00017.png": 24.723472595214844,
   "00006.png": 27.753084182739258,
   "00010.png": 25.85149383544922,
   "00025.png": 31.079256057739258,
   "00015.png": 27.330047607421875,
   "00024.png": 29.457157135009766,
   "00026.png": 30.116403579711914
  },
  "LPIPS": {
   "00014.png": 0.29857152700424194,
   "00020.png": 0.23428909480571747,
   "00018.png": 0.23731085658073425,
   "00019.png": 0.23016713559627533,
   "00001.png": 0.22611600160598755,
   "00029.png": 0.31469500064849854,
   "00028.png": 0.2262682318687439,
   "00004.png": 0.2292175590991974,
   "00002.png": 0.22534416615962982,
   "00008.png": 0.3582614064216614,
   "00007.png": 0.2047625184059143,
   "00023.png": 0.21469473838806152,
   "00012.png": 0.2213239073753357,
   "00021.png": 0.28266316652297974,
   "00005.png": 0.2800878882408142,
   "00013.png": 0.22397364675998688,
   "00022.png": 0.2267928421497345,
   "00011.png": 0.30438661575317383,
   "00009.png": 0.23498861491680145,
   "00027.png": 0.2184823602437973,
   "00016.png": 0.19801025092601776,
   "00003.png": 0.28948864340782166,
   "00000.png": 0.30084654688835144,
   "00017.png": 0.2622741460800171,
   "00006.png": 0.23821401596069336,
   "00010.png": 0.23374272882938385,
   "00025.png": 0.18622301518917084,
   "00015.png": 0.24921914935112,
   "00024.png": 0.255163311958313,
   "00026.png": 0.20529817044734955
  }
 }
}