{
 "ours_30000": {
  "SSIM": 0.9059568643569946,
  "PSNR": 28.966779708862305,
  "LPIPS": 0.20279516279697418
 },
 "ours_7000": {
  "SSIM": 0.8767023682594299,
  "PSNR": 27.151897430419922,
  "LPIPS": 0.24702925980091095
 }
}