{
 "ours_30000": {
  "SSIM": {
   "00014.png": 0.9203643798828125,
   "00030.png": 0.9164196848869324,
   "00020.png": 0.9181956052780151,
   "00018.png": 0.874609112739563,
   "00019.png": 0.9080853462219238,
   "00001.png": 0.8902984857559204,
   "00029.png": 0.911836564540863,
   "00028.png": 0.925675630569458,
   "00004.png": 0.9122033715248108,
   "00002.png": 0.923063337802887,
   "00008.png": 0.8957235217094421,
   "00007.png": 0.9202664494514465,
   "00023.png": 0.9215691685676575,
   "00012.png": 0.9125862121582031,
   "00021.png": 0.9064781069755554,
   "00005.png": 0.9003942608833313,
   "00013.png": 0.9348483681678772,
   "00022.png": 0.9278419613838196,
   "00011.png": 0.8924779295921326,
   "00032.png": 0.9416677951812744,
   "00009.png": 0.910055935382843,
   "00033.png": 0.9095702767372131,
   "00027.png": 0.7679479718208313,
   "00016.png": 0.9092621207237244,
   "00003.png": 0.915940523147583,
   "00000.png": 0.8637624382972717,
   "00031.png": 0.9175053834915161,
   "00017.png": 0.9028910994529724,
   "00006.png": 0.7911208271980286,
   "00010.png": 0.9312474727630615,
   "00034.png": 0.7525297403335571,
   "00025.png": 0.9229940176010132,
   "00015.png": 0.9097759127616882,
   "00024.png": 0.9181532859802246,
   "00026.png": 0.9354890584945679
  },
  "PSNR": {
   "00014.png": 28.926780700683594,
   "00030.png": 31.137752532958984,
   "00020.png": 31.370668411254883,
   "00018.png": 28.559429168701172,
   "00019.png": 28.991310119628906,
   "00001.png": 24.921802520751953,
   "00029.png": 30.194984436035156,
   "00028.png": 30.39478302001953,
   "00004.png": 26.456449508666992,
   "00002.png": 27.76724624633789,
   "00008.png": 27.171348571777344,
   "00007.png": 27.24114227294922,
   "00023.png": 32.080623626708984,
   "00012.png": 28.083133697509766,
   "00021.png": 30.403654098510742,
   "00005.png": 25.213947296142578,
   "00013.png": 31.079818725585938,
   "00022.png": 32.65340042114258,
   "00011.png": 28.43649673461914,
   "00032.png": 33.30768966674805,
   "00009.png": 30.3358154296875,
   "00033.png": 28.804615020751953,
   "00027.png": 27.114980697631836,
   "00016.png": 29.66106414794922,
   "00003.png": 27.044902801513672,
   "00000.png": 24.448843002319336,
   "00031.png": 29.701995849609375,
   "00017.png": 29.7471981048584,
   "00006.png": 28.035865783691406,
   "00010.png": 30.49005126953125,
   "00034.png": 27.19510269165039,
   "00025.png": 30.28499412536621,
   "00015.png": 28.28742027282715,
   "00024.png": 29.19290542602539,
   "00026.png": 32.45085144042969
  },
  "LPIPS": {
   "00014.png": 0.1516145020723343,
   "00030.png": 0.16143935918807983,
   "00020.png": 0.14117208123207092,
   "00018.png": 0.20873034000396729,
   "00019.png": 0.1803257018327713,
   "00001.png": 0.1835300624370575,
   "00029.png": 0.15695610642433167,
   "00028.png": 0.11647221446037292,
   "00004.png": 0.16212446987628937,
   "00002.png": 0.14247174561023712,
   "00008.png": 0.18161599338054657,
   "00007.png": 0.13565394282341003,
   "00023.png": 0.16057926416397095,
   "00012.png": 0.17119626700878143,
   "00021.png": 0.1746498942375183,
   "00005.png": 0.17839092016220093,
   "00013.png": 0.1651141196489334,
   "00022.png": 0.1434776782989502,
   "00011.png": 0.19147388637065887,
   "00032.png": 0.1639600396156311,
   "00009.png": 0.17866267263889313,
   "00033.png": 0.19132612645626068,
   "00027.png": 0.2883647680282593,
   "00016.png": 0.18150413036346436,
   "00003.png": 0.15049995481967926,
   "00000.png": 0.2186543494462967,
   "00031.png": 0.18549001216888428,
   "00017.png": 0.197511225938797,
   "00006.png": 0.2614213824272156,
   "00010.png": 0.164107084274292,
   "00034.png": 0.3081487715244293,
   "00025.png": 0.1295805275440216,
   "00015.png": 0.19559346139431,
   "00024.png": 0.1376277357339859,
   "00026.png": 0.13174575567245483
  }
 },
 "ours_7000": {
  "SSIM": {
   "00014.png": 0.730395495891571,
   "00030.png": 0.7760873436927795,
   "00020.png": 0.754386305809021,
   "00018.png": 0.695323646068573,
   "00019.png": 0.7636803984642029,
   "00001.png": 0.7235052585601807,
   "00029.png": 0.8141798973083496,
   "00028.png": 0.7426185011863708,
   "00004.png": 0.7513737082481384,
   "00002.png": 0.7709376215934753,
   "00008.png": 0.735849916934967,
   "00007.png": 0.7522304058074951,
   "00023.png": 0.765562117099762,
   "00012.png": 0.6879468560218811,
   "00021.png": 0.7612874507904053,
   "00005.png": 0.7601358890533447,
   "00013.png": 0.7676211595535278,
   "00022.png": 0.7894225120544434,
   "00011.png": 0.7800506949424744,
   "00032.png": 0.7818236351013184,
   "00009.png": 0.7028855681419373,
   "00033.png": 0.7927950620651245,
   "00027.png": 0.7689680457115173,
   "00016.png": 0.7626612186431885,
   "00003.png": 0.7321491241455078,
   "00000.png": 0.6983228325843811,
   "00031.png": 0.7471951842308044,
   "00017.png": 0.7662191390991211,
   "00006.png": 0.7485231757164001,
   "00010.png": 0.773709774017334,
   "00034.png": 0.748462438583374,
   "00025.png": 0.7399938702583313,
   "00015.png": 0.7450664043426514,
   "00024.png": 0.7341824769973755,
   "00026.png": 0.8038513660430908
  },
  "PSNR": {
   "00014.png": 22.397491455078125,
   "00030.png": 23.000534057617188,
   "00020.png": 23.88923454284668,
   "00018.png": 22.98628807067871,
   "00019.png": 24.281490325927734,
   "00001.png": 19.582603454589844,
   "00029.png": 23.734560012817383,
   "00028.png": 22.478412628173828,
   "00004.png": 21.347694396972656,
   "00002.png": 20.407123565673828,
   "00008.png": 19.295583724975586,
   "00007.png": 21.449758529663086,
   "00023.png": 24.11256980895996,
   "00012.png": 21.128013610839844,
   "00021.png": 23.763797760009766,
   "00005.png": 21.05074119567871,
   "00013.png": 22.21209716796875,
   "00022.png": 25.45566749572754,
   "00011.png": 21.708110809326172,
   "00032.png": 23.356225967407227,
   "00009.png": 21.913639068603516,
   "00033.png": 20.649621963500977,
   "00027.png": 25.423076629638672,
   "00016.png": 23.690704345703125,
   "00003.png": 21.14395523071289,
   "00000.png": 18.751951217651367,
   "00031.png": 19.919361114501953,
   "00017.png": 24.516929626464844,
   "00006.png": 22.674266815185547,
   "00010.png": 22.185630798339844,
   "00034.png": 24.73499298095703,
   "00025.png": 22.806453704833984,
   "00015.png": 19.57460594177246,
   "00024.png": 22.09972381591797,
   "00026.png": 23.251724243164062
  },
  "LPIPS": {
   "00014.png": 0.3321625590324402,
   "00030.png": 0.3411174714565277,
   "00020.png": 0.34975552558898926,
   "00018.png": 0.40107113122940063,
   "00019.png": 0.355918824672699,
   "00001.png": 0.38801437616348267,
   "00029.png": 0.30195850133895874,
   "00028.png": 0.3358471989631653,
   "00004.png": 0.35915279388427734,
   "00002.png": 0.3180886507034302,
   "00008.png": 0.34617727994918823,
   "00007.png": 0.3251512050628662,
   "00023.png": 0.34095555543899536,
   "00012.png": 0.38974428176879883,
   "00021.png": 0.3560214638710022,
   "00005.png": 0.36009472608566284,
   "00013.png": 0.35549622774124146,
   "00022.png": 0.3109522759914398,
   "00011.png": 0.3636348247528076,
   "00032.png": 0.3525848388671875,
   "00009.png": 0.3928869068622589,
   "00033.png": 0.356456458568573,
   "00027.png": 0.3420714735984802,
   "00016.png": 0.36886969208717346,
   "00003.png": 0.35906052589416504,
   "00000.png": 0.41995686292648315,
   "00031.png": 0.395547091960907,
   "00017.png": 0.3656747341156006,
   "00006.png": 0.3761107921600342,
   "00010.png": 0.36257505416870117,
   "00034.png": 0.3905550241470337,
   "00025.png": 0.34332549571990967,
   "00015.png": 0.4103967547416687,
   "00024.png": 0.36055904626846313,
   "00026.png": 0.3002515733242035
  }
 }
}