{
 "ours_30000": {
  "SSIM": 0.9003672003746033,
  "PSNR": 29.062545776367188,
  "LPIPS": 0.1768910437822342
 },
 "ours_7000": {
  "SSIM": 0.7534115314483643,
  "PSNR": 22.313560485839844,
  "LPIPS": 0.3579484820365906
 }
}