{
 "ours_30000": {
  "SSIM": {
   "00014.png": 0.9467988014221191,
   "00030.png": 0.9594134092330933,
   "00020.png": 0.9439768195152283,
   "00018.png": 0.9393478631973267,
   "00019.png": 0.9375002980232239,
   "00001.png": 0.9326698780059814,
   "00029.png": 0.948806881904602,
   "00028.png": 0.9547416567802429,
   "00004.png": 0.9490185379981995,
   "00002.png": 0.9514767527580261,
   "00008.png": 0.9508097767829895,
   "00007.png": 0.9488018155097961,
   "00023.png": 0.9430438280105591,
   "00012.png": 0.9046539068222046,
   "00021.png": 0.9512912034988403,
   "00005.png": 0.9545180797576904,
   "00013.png": 0.9455985426902771,
   "00022.png": 0.9403677582740784,
   "00011.png": 0.936952531337738,
   "00032.png": 0.9516829252243042,
   "00009.png": 0.911293089389801,
   "00033.png": 0.9582698345184326,
   "00027.png": 0.9492871761322021,
   "00016.png": 0.9347391128540039,
   "00003.png": 0.9448333382606506,
   "00000.png": 0.9037132859230042,
   "00035.png": 0.9245147705078125,
   "00031.png": 0.9344503879547119,
   "00017.png": 0.9420517086982727,
   "00006.png": 0.9472529888153076,
   "00010.png": 0.937419056892395,
   "00034.png": 0.9008554816246033,
   "00025.png": 0.9427440762519836,
   "00015.png": 0.9231181144714355,
   "00024.png": 0.9376002550125122,
   "00036.png": 0.9362678527832031,
   "00026.png": 0.9473538994789124
  },
  "PSNR": {
   "00014.png": 33.7760009765625,
   "00030.png": 35.971763610839844,
   "00020.png": 34.45097351074219,
   "00018.png": 33.006927490234375,
   "00019.png": 33.300052642822266,
   "00001.png": 28.97202491760254,
   "00029.png": 33.67960739135742,
   "00028.png": 34.00679397583008,
   "00004.png": 34.36283493041992,
   "00002.png": 34.419071197509766,
   "00008.png": 33.74494934082031,
   "00007.png": 34.40876007080078,
   "00023.png": 33.56040954589844,
   "00012.png": 27.31792640686035,
   "00021.png": 35.00910949707031,
   "00005.png": 35.45455551147461,
   "00013.png": 31.565006256103516,
   "00022.png": 34.271175384521484,
   "00011.png": 28.92398452758789,
   "00032.png": 36.32167434692383,
   "00009.png": 25.01146125793457,
   "00033.png": 36.07052230834961,
   "00027.png": 33.71331024169922,
   "00016.png": 29.227725982666016,
   "00003.png": 32.24229431152344,
   "00000.png": 26.803085327148438,
   "00035.png": 29.277925491333008,
   "00031.png": 32.562217712402344,
   "00017.png": 32.88749694824219,
   "00006.png": 32.89826965332031,
   "00010.png": 31.812744140625,
   "00034.png": 25.821365356445312,
   "00025.png": 31.474597930908203,
   "00015.png": 27.782957077026367,
   "00024.png": 32.659847259521484,
   "00036.png": 29.60547637939453,
   "00026.png": 34.812984466552734
  },
  "LPIPS": {
   "00014.png": 0.14106687903404236,
   "00030.png": 0.227596715092659,
   "00020.png": 0.2435401976108551,
   "00018.png": 0.19703838229179382,
   "00019.png": 0.22765925526618958,
   "00001.png": 0.1769903302192688,
   "00029.png": 0.24323605000972748,
   "00028.png": 0.2373664826154709,
   "00004.png": 0.15911075472831726,
   "00002.png": 0.1580820083618164,
   "00008.png": 0.1603037714958191,
   "00007.png": 0.166111558675766,
   "00023.png": 0.22377407550811768,
   "00012.png": 0.22763888537883759,
   "00021.png": 0.21773207187652588,
   "00005.png": 0.15655812621116638,
   "00013.png": 0.14547117054462433,
   "00022.png": 0.2382388710975647,
   "00011.png": 0.1746382713317871,
   "00032.png": 0.21074359118938446,
   "00009.png": 0.17145992815494537,
   "00033.png": 0.18191269040107727,
   "00027.png": 0.25354450941085815,
   "00016.png": 0.18371665477752686,
   "00003.png": 0.1846729815006256,
   "00000.png": 0.2182442545890808,
   "00035.png": 0.19933456182479858,
   "00031.png": 0.22688312828540802,
   "00017.png": 0.19004541635513306,
   "00006.png": 0.18069589138031006,
   "00010.png": 0.15351486206054688,
   "00034.png": 0.18213757872581482,
   "00025.png": 0.27815860509872437,
   "00015.png": 0.2337159812450409,
   "00024.png": 0.28262436389923096,
   "00036.png": 0.2762691080570221,
   "00026.png": 0.278410941362381
  }
 },
 "ours_7000": {
  "SSIM": {
   "00014.png": 0.9236552119255066,
   "00030.png": 0.9473840594291687,
   "00020.png": 0.931917130947113,
   "00018.png": 0.9099872708320618,
   "00019.png": 0.9099108576774597,
   "00001.png": 0.9090740084648132,
   "00029.png": 0.9320671558380127,
   "00028.png": 0.940030038356781,
   "00004.png": 0.9313547015190125,
   "00002.png": 0.9329110980033875,
   "00008.png": 0.934374213218689,
   "00007.png": 0.9294098019599915,
   "00023.png": 0.9263940453529358,
   "00012.png": 0.8849653601646423,
   "00021.png": 0.9294061064720154,
   "00005.png": 0.9333078265190125,
   "00013.png": 0.9223167896270752,
   "00022.png": 0.9122834205627441,
   "00011.png": 0.9140892028808594,
   "00032.png": 0.9388155341148376,
   "00009.png": 0.9004311561584473,
   "00033.png": 0.9482518434524536,
   "00027.png": 0.9356690049171448,
   "00016.png": 0.9087375402450562,
   "00003.png": 0.9289506077766418,
   "00000.png": 0.8781512975692749,
   "00035.png": 0.909877359867096,
   "00031.png": 0.92364901304245,
   "00017.png": 0.9209676384925842,
   "00006.png": 0.9298839569091797,
   "00010.png": 0.9053093194961548,
   "00034.png": 0.9019208550453186,
   "00025.png": 0.9225668907165527,
   "00015.png": 0.8951500654220581,
   "00024.png": 0.9183193445205688,
   "00036.png": 0.9256116151809692,
   "00026.png": 0.9251749515533447
  },
  "PSNR": {
   "00014.png": 31.053268432617188,
   "00030.png": 32.601505279541016,
   "00020.png": 32.523712158203125,
   "00018.png": 29.974458694458008,
   "00019.png": 30.211410522460938,
   "00001.png": 27.260379791259766,
   "00029.png": 31.37720489501953,
   "00028.png": 30.417400360107422,
   "00004.png": 32.32716751098633,
   "00002.png": 31.29239273071289,
   "00008.png": 31.290081024169922,
   "00007.png": 31.566997528076172,
   "00023.png": 30.641584396362305,
   "00012.png": 25.917343139648438,
   "00021.png": 31.420883178710938,
   "00005.png": 32.210609436035156,
   "00013.png": 29.517011642456055,
   "00022.png": 30.994298934936523,
   "00011.png": 27.476421356201172,
   "00032.png": 33.57331085205078,
   "00009.png": 23.882068634033203,
   "00033.png": 33.336692810058594,
   "00027.png": 31.05858612060547,
   "00016.png": 27.723896026611328,
   "00003.png": 30.253000259399414,
   "00000.png": 23.651222229003906,
   "00035.png": 28.320587158203125,
   "00031.png": 30.725669860839844,
   "00017.png": 30.669151306152344,
   "00006.png": 30.015464782714844,
   "00010.png": 29.11043357849121,
   "00034.png": 27.271759033203125,
   "00025.png": 28.84766387939453,
   "00015.png": 25.427745819091797,
   "00024.png": 30.267744064331055,
   "00036.png": 28.52949333190918,
   "00026.png": 30.6212215423584
  },
  "LPIPS": {
   "00014.png": 0.17703764140605927,
   "00030.png": 0.2521246671676636,
   "00020.png": 0.26884788274765015,
   "00018.png": 0.23470240831375122,
   "00019.png": 0.26207152009010315,
   "00001.png": 0.20590661466121674,
   "00029.png": 0.27641892433166504,
   "00028.png": 0.26544511318206787,
   "00004.png": 0.1870000958442688,
   "00002.png": 0.18224599957466125,
   "00008.png": 0.18557918071746826,
   "00007.png": 0.19108420610427856,
   "00023.png": 0.2560713291168213,
   "00012.png": 0.2672257423400879,
   "00021.png": 0.2528133988380432,
   "00005.png": 0.18630965054035187,
   "00013.png": 0.18340013921260834,
   "00022.png": 0.2839754819869995,
   "00011.png": 0.2179107517004013,
   "00032.png": 0.23501227796077728,
   "00009.png": 0.21458745002746582,
   "00033.png": 0.20018209517002106,
   "00027.png": 0.2766531705856323,
   "00016.png": 0.21974188089370728,
   "00003.png": 0.20530201494693756,
   "00000.png": 0.24180968105793,
   "00035.png": 0.22456610202789307,
   "00031.png": 0.24457332491874695,
   "00017.png": 0.22320935130119324,
   "00006.png": 0.21462993323802948,
   "00010.png": 0.18680214881896973,
   "00034.png": 0.1995019018650055,
   "00025.png": 0.30671167373657227,