{
 "ours_30000": {
  "SSIM": 0.9396550059318542,
  "PSNR": 32.19426345825195,
  "LPIPS": 0.20562806725502014
 },
 "ours_7000": {
  "SSIM": 0.9208722710609436,
  "PSNR": 29.820537567138672,
  "LPIPS": 0.23568174242973328
 }
}