{
 "ours_30000": {
  "SSIM": {
   "00014.png": 0.9422082901000977,
   "00030.png": 0.9395735859870911,
   "00020.png": 0.9410513639450073,
   "00018.png": 0.9167013764381409,
   "00019.png": 0.9405869245529175,
   "00001.png": 0.9314503073692322,
   "00029.png": 0.9225891828536987,
   "00028.png": 0.9537432789802551,
   "00004.png": 0.942987322807312,
   "00002.png": 0.9481251835823059,
   "00008.png": 0.9174599647521973,
   "00007.png": 0.9416403770446777,
   "00023.png": 0.9375430345535278,
   "00012.png": 0.9381247162818909,
   "00021.png": 0.9385084509849548,
   "00005.png": 0.9354373216629028,
   "00013.png": 0.9540497660636902,
   "00022.png": 0.9478490352630615,
   "00011.png": 0.8988986611366272,
   "00032.png": 0.9578155875205994,
   "00009.png": 0.9286929368972778,
   "00033.png": 0.9215289354324341,
   "00027.png": 0.7597721815109253,
   "00016.png": 0.9430885910987854,
   "00003.png": 0.9519249796867371,
   "00000.png": 0.9093906283378601,
   "00031.png": 0.94230717420578,
   "00017.png": 0.9377759099006653,
   "00006.png": 0.8298237919807434,
   "00010.png": 0.9523848295211792,
   "00034.png": 0.7516668438911438,
   "00025.png": 0.9478821754455566,
   "00015.png": 0.9468823671340942,
   "00024.png": 0.9494873285293579,
   "00026.png": 0.9446761608123779
  },
  "PSNR": {
   "00014.png": 30.96811294555664,
   "00030.png": 33.15375518798828,
   "00020.png": 33.134376525878906,
   "00018.png": 30.00847816467285,
   "00019.png": 31.015844345092773,
   "00001.png": 28.16704750061035,
   "00029.png": 32.032649993896484,
   "00028.png": 33.05189514160156,
   "00004.png": 29.698726654052734,
   "00002.png": 31.27608871459961,
   "00008.png": 30.38300323486328,
   "00007.png": 28.566911697387695,
   "00023.png": 33.01487731933594,
   "00012.png": 30.534870147705078,
   "00021.png": 33.04346466064453,
   "00005.png": 29.3091983795166,
   "00013.png": 33.46355056762695,
   "00022.png": 33.79826354980469,
   "00011.png": 30.592477798461914,
   "00032.png": 34.86931610107422,
   "00009.png": 31.150901794433594,
   "00033.png": 30.73806381225586,
   "00027.png": 27.24726104736328,
   "00016.png": 31.601049423217773,
   "00003.png": 30.988014221191406,
   "00000.png": 27.030601501464844,
   "00031.png": 32.09319305419922,
   "00017.png": 33.20805740356445,
   "00006.png": 27.734548568725586,
   "00010.png": 33.010921478271484,
   "00034.png": 27.81804656982422,
   "00025.png": 32.64509582519531,
   "00015.png": 31.153141021728516,
   "00024.png": 31.743160247802734,
   "00026.png": 33.0146484375
  },
  "LPIPS": {
   "00014.png": 0.10086674988269806,
   "00030.png": 0.12301580607891083,
   "00020.png": 0.10222144424915314,
   "00018.png": 0.12563881278038025,
   "00019.png": 0.11257728189229965,
   "00001.png": 0.11144337803125381,
   "00029.png": 0.1287078559398651,
   "00028.png": 0.07242690026760101,
   "00004.png": 0.0975646898150444,
   "00002.png": 0.09889666736125946,
   "00008.png": 0.1510976254940033,
   "00007.png": 0.092592254281044,
   "00023.png": 0.13368569314479828,
   "00012.png": 0.11540023237466812,
   "00021.png": 0.11905726045370102,
   "00005.png": 0.11400775611400604,
   "00013.png": 0.12525899708271027,
   "00022.png": 0.09839286655187607,
   "00011.png": 0.1553826928138733,
   "00032.png": 0.12433543056249619,
   "00009.png": 0.13709744811058044,
   "00033.png": 0.1680973917245865,
   "00027.png": 0.2772887349128723,
   "00016.png": 0.10274916887283325,
   "00003.png": 0.08600276708602905,
   "00000.png": 0.13567839562892914,
   "00031.png": 0.14292895793914795,
   "00017.png": 0.12678399682044983,
   "00006.png": 0.2238241583108902,
   "00010.png": 0.1259593665599823,
   "00034.png": 0.2945449948310852,
   "00025.png": 0.08472460508346558,
   "00015.png": 0.11528664827346802,
   "00024.png": 0.09206900000572205,
   "00026.png": 0.10666906833648682
  }
 },
 "ours_7000": {
  "SSIM": {
   "00014.png": 0.9091751575469971,
   "00030.png": 0.9105728268623352,
   "00020.png": 0.9059746265411377,
   "00018.png": 0.8789638876914978,
   "00019.png": 0.9072713255882263,
   "00001.png": 0.8895050883293152,
   "00029.png": 0.9092506170272827,
   "00028.png": 0.9133836030960083,
   "00004.png": 0.9096488356590271,
   "00002.png": 0.9140543937683105,
   "00008.png": 0.8661907315254211,
   "00007.png": 0.912164568901062,
   "00023.png": 0.913518488407135,
   "00012.png": 0.8837860822677612,
   "00021.png": 0.8952170610427856,
   "00005.png": 0.9003582000732422,
   "00013.png": 0.9302532076835632,
   "00022.png": 0.9149150252342224,
   "00011.png": 0.9149430394172668,
   "00032.png": 0.9322800636291504,
   "00009.png": 0.8935871124267578,
   "00033.png": 0.9141764044761658,
   "00027.png": 0.7807765007019043,
   "00016.png": 0.9177169799804688,
   "00003.png": 0.9145662188529968,
   "00000.png": 0.8604149222373962,
   "00031.png": 0.9138808846473694,
   "00017.png": 0.9158997535705566,
   "00006.png": 0.8178015351295471,
   "00010.png": 0.9303564429283142,
   "00034.png": 0.7703964710235596,
   "00025.png": 0.908728837966919,
   "00015.png": 0.9189022183418274,
   "00024.png": 0.8989154696464539,
   "00026.png": 0.9234851598739624
  },
  "PSNR": {
   "00014.png": 27.962841033935547,
   "00030.png": 30.440900802612305,
   "00020.png": 30.403833389282227,
   "00018.png": 28.178119659423828,
   "00019.png": 28.139690399169922,
   "00001.png": 25.192405700683594,
   "00029.png": 29.718170166015625,
   "00028.png": 29.588741302490234,
   "00004.png": 26.649267196655273,
   "00002.png": 28.055875778198242,
   "00008.png": 26.67493438720703,
   "00007.png": 26.67268943786621,
   "00023.png": 31.505626678466797,
   "00012.png": 27.06314468383789,
   "00021.png": 29.29156494140625,
   "00005.png": 25.4099063873291,
   "00013.png": 30.369205474853516,
   "00022.png": 31.51436996459961,
   "00011.png": 28.626375198364258,
   "00032.png": 32.309879302978516,
   "00009.png": 29.373363494873047,
   "00033.png": 29.072649002075195,
   "00027.png": 27.031402587890625,
   "00016.png": 29.826839447021484,
   "00003.png": 27.574947357177734,
   "00000.png": 24.129064559936523,
   "00031.png": 29.714548110961914,
   "00017.png": 29.120800018310547,
   "00006.png": 27.42579460144043,
   "00010.png": 29.718887329101562,
   "00034.png": 27.381969451904297,
   "00025.png": 29.224794387817383,
   "00015.png": 28.069087982177734,
   "00024.png": 28.28805923461914,
   "00026.png": 31.04278564453125
  },
  "LPIPS": {
   "00014.png": 0.14869949221611023,
   "00030.png": 0.15775519609451294,
   "00020.png": 0.13958822190761566,
   "00018.png": 0.18720874190330505,
   "00019.png": 0.15488295257091522,
   "00001.png": 0.16624820232391357,
   "00029.png": 0.15289919078350067,
   "00028.png": 0.12162818014621735,
   "00004.png": 0.14291352033615112,
   "00002.png": 0.13015151023864746,
   "00008.png": 0.19246229529380798,
   "00007.png": 0.12308748811483383,
   "00023.png": 0.15540124475955963,
   "00012.png": 0.1711672693490982,
   "00021.png": 0.17796757817268372,
   "00005.png": 0.16289114952087402,
   "00013.png": 0.15687531232833862,
   "00022.png": 0.14132007956504822,
   "00011.png": 0.1645757555961609,
   "00032.png": 0.16604319214820862,
   "00009.png": 0.17589063942432404,
   "00033.png": 0.18021568655967712,
   "00027.png": 0.27855440974235535,
   "00016.png": 0.14910532534122467,
   "00003.png": 0.1336834877729416,
   "00000.png": 0.20396435260772705,
   "00031.png": 0.1824093461036682,
   "00017.png": 0.16311562061309814,
   "00006.png": 0.2385859489440918,
   "00010.png": 0.1527014970779419,
   "00034.png": 0.3007281422615051,
   "00025.png": 0.13737499713897705,
   "00015.png": 0.17256538569927216,
   "00024.png": 0.1519511640071869,
   "00026.png": 0.13886308670043945
  }
 }
}