{
 "ours_30000": {
  "SSIM": 0.9246751070022583,
  "PSNR": 31.17884635925293,
  "LPIPS": 0.12920784950256348
 },
 "ours_7000": {
  "SSIM": 0.8968866467475891,
  "PSNR": 28.593215942382812,
  "LPIPS": 0.16781356930732727
 }
}