{
 "ours_30000": {
  "SSIM": {
   "00014.png": 0.9388905763626099,
   "00030.png": 0.8876710534095764,
   "00020.png": 0.9283451437950134,
   "00018.png": 0.9242769479751587,
   "00019.png": 0.9342101216316223,
   "00001.png": 0.9018117785453796,
   "00029.png": 0.9059701561927795,
   "00028.png": 0.9070351123809814,
   "00004.png": 0.9456146955490112,
   "00002.png": 0.8977664709091187,
   "00008.png": 0.9269107580184937,
   "00007.png": 0.9549105763435364,
   "00023.png": 0.8915097117424011,
   "00012.png": 0.9429903030395508,
   "00021.png": 0.8651185035705566,
   "00005.png": 0.9314185380935669,
   "00013.png": 0.9215760231018066,
   "00022.png": 0.9295106530189514,
   "00011.png": 0.943730890750885,
   "00032.png": 0.9253225326538086,
   "00009.png": 0.94444739818573,
   "00033.png": 0.9216575622558594,
   "00027.png": 0.9087706804275513,
   "00016.png": 0.9205436110496521,
   "00003.png": 0.929097592830658,
   "00000.png": 0.8866358995437622,
   "00035.png": 0.9539585113525391,
   "00031.png": 0.851776659488678,
   "00017.png": 0.9458131194114685,
   "00006.png": 0.9190887212753296,
   "00010.png": 0.9321792125701904,
   "00034.png": 0.934899628162384,
   "00025.png": 0.9215388894081116,
   "00015.png": 0.8810865879058838,
   "00024.png": 0.9196334481239319,
   "00036.png": 0.8731446266174316,
   "00026.png": 0.9346569776535034,
   "00038.png": 0.891667902469635,
   "00037.png": 0.9293647408485413
  },
  "PSNR": {
   "00014.png": 30.317825317382812,
   "00030.png": 31.215593338012695,
   "00020.png": 31.551856994628906,
   "00018.png": 32.73281478881836,
   "00019.png": 30.37371063232422,
   "00001.png": 33.501773834228516,
   "00029.png": 28.17053985595703,
   "00028.png": 30.006303787231445,
   "00004.png": 33.386348724365234,
   "00002.png": 33.83773422241211,
   "00008.png": 31.336345672607422,
   "00007.png": 33.87675857543945,
   "00023.png": 27.726516723632812,
   "00012.png": 34.96126174926758,
   "00021.png": 29.725969314575195,
   "00005.png": 30.441448211669922,
   "00013.png": 32.400177001953125,
   "00022.png": 33.75457000732422,
   "00011.png": 36.00587463378906,
   "00032.png": 29.190223693847656,
   "00009.png": 34.24547576904297,
   "00033.png": 30.03961181640625,
   "00027.png": 31.623991012573242,
   "00016.png": 32.79210662841797,
   "00003.png": 34.99769592285156,
   "00000.png": 30.17822265625,
   "00035.png": 28.061729431152344,
   "00031.png": 31.953292846679688,
   "00017.png": 34.805267333984375,
   "00006.png": 33.242156982421875,
   "00010.png": 33.68864440917969,
   "00034.png": 23.010902404785156,
   "00025.png": 32.33809280395508,
   "00015.png": 32.61299133300781,
   "00024.png": 31.125751495361328,
   "00036.png": 24.112417221069336,
   "00026.png": 31.19308090209961,
   "00038.png": 31.347152709960938,
   "00037.png": 32.42751693725586
  },
  "LPIPS": {
   "00014.png": 0.17092010378837585,
   "00030.png": 0.3002369999885559,
   "00020.png": 0.17491842806339264,
   "00018.png": 0.24581187963485718,
   "00019.png": 0.1744643896818161,
   "00001.png": 0.19160711765289307,
   "00029.png": 0.2555265426635742,
   "00028.png": 0.2409827709197998,
   "00004.png": 0.1899375319480896,
   "00002.png": 0.2082204818725586,
   "00008.png": 0.1917036473751068,
   "00007.png": 0.15954294800758362,
   "00023.png": 0.20648083090782166,
   "00012.png": 0.16873078048229218,
   "00021.png": 0.30897435545921326,
   "00005.png": 0.1814941167831421,
   "00013.png": 0.19443416595458984,
   "00022.png": 0.1565096229314804,
   "00011.png": 0.17221203446388245,
   "00032.png": 0.1911088526248932,
   "00009.png": 0.16612501442432404,
   "00033.png": 0.22457171976566315,
   "00027.png": 0.2552845776081085,
   "00016.png": 0.2098560631275177,
   "00003.png": 0.18260101974010468,
   "00000.png": 0.2084561586380005,
   "00035.png": 0.25770390033721924,
   "00031.png": 0.29791730642318726,
   "00017.png": 0.16173908114433289,
   "00006.png": 0.19336068630218506,
   "00010.png": 0.18077033758163452,
   "00034.png": 0.29540112614631653,
   "00025.png": 0.22689974308013916,
   "00015.png": 0.24627885222434998,
   "00024.png": 0.24685440957546234,
   "00036.png": 0.37233632802963257,
   "00026.png": 0.19213688373565674,
   "00038.png": 0.30484622716903687,
   "00037.png": 0.27323654294013977
  }
 },
 "ours_7000": {
  "SSIM": {
   "00014.png": 0.9183947443962097,
   "00030.png": 0.8888531923294067,
   "00020.png": 0.8983994722366333,
   "00018.png": 0.9093754291534424,
   "00019.png": 0.9108835458755493,
   "00001.png": 0.8663823008537292,
   "00029.png": 0.8541162610054016,
   "00028.png": 0.8617416024208069,
   "00004.png": 0.9393855333328247,
   "00002.png": 0.843365490436554,
   "00008.png": 0.9121173024177551,
   "00007.png": 0.9392499327659607,
   "00023.png": 0.8520939350128174,
   "00012.png": 0.9295839667320251,
   "00021.png": 0.8736730217933655,
   "00005.png": 0.9047974944114685,
   "00013.png": 0.880753755569458,
   "00022.png": 0.8961821794509888,
   "00011.png": 0.9233141541481018,
   "00032.png": 0.9128475189208984,
   "00009.png": 0.9309772849082947,
   "00033.png": 0.9084749221801758,
   "00027.png": 0.899600625038147,
   "00016.png": 0.8914793729782104,
   "00003.png": 0.9003118276596069,
   "00000.png": 0.8539119958877563,
   "00035.png": 0.9224594831466675,
   "00031.png": 0.8247862458229065,
   "00017.png": 0.9321252703666687,
   "00006.png": 0.8761829733848572,
   "00010.png": 0.9012373685836792,
   "00034.png": 0.9159381985664368,
   "00025.png": 0.9130874872207642,
   "00015.png": 0.8369033932685852,
   "00024.png": 0.9034301042556763,
   "00036.png": 0.862988293170929,
   "00026.png": 0.910853922367096,
   "00038.png": 0.8813397288322449,
   "00037.png": 0.9227309823036194
  },
  "PSNR": {
   "00014.png": 27.97175407409668,
   "00030.png": 30.31234359741211,
   "00020.png": 29.76093292236328,
   "00018.png": 30.96112060546875,
   "00019.png": 27.75393295288086,
   "00001.png": 31.595718383789062,
   "00029.png": 25.80819320678711,
   "00028.png": 26.887744903564453,
   "00004.png": 32.1174201965332,
   "00002.png": 30.394227981567383,
   "00008.png": 29.304676055908203,
   "00007.png": 32.2773323059082,
   "00023.png": 25.547733306884766,
   "00012.png": 32.82270050048828,
   "00021.png": 29.234277725219727,
   "00005.png": 27.535064697265625,
   "00013.png": 29.02902603149414,
   "00022.png": 30.618144989013672,
   "00011.png": 32.81645965576172,
   "00032.png": 27.4913387298584,
   "00009.png": 32.253353118896484,
   "00033.png": 28.6492919921875,
   "00027.png": 30.51151466369629,
   "00016.png": 30.613712310791016,
   "00003.png": 32.9134407043457,
   "00000.png": 28.899381637573242,
   "00035.png": 23.04752540588379,
   "00031.png": 31.429841995239258,
   "00017.png": 32.330204010009766,
   "00006.png": 31.332256317138672,
   "00010.png": 31.91366958618164,
   "00034.png": 20.411394119262695,
   "00025.png": 30.449047088623047,
   "00015.png": 30.500476837158203,
   "00024.png": 29.19561767578125,
   "00036.png": 23.43059730529785,
   "00026.png": 28.857868194580078,
   "00038.png": 30.230266571044922,
   "00037.png": 29.316875457763672
  },
  "LPIPS": {
   "00014.png": 0.19761288166046143,
   "00030.png": 0.3245232105255127,
   "00020.png": 0.23043453693389893,
   "00018.png": 0.27223148941993713,
   "00019.png": 0.21814042329788208,
   "00001.png": 0.2465989589691162,
   "00029.png": 0.3201780319213867,
   "00028.png": 0.30775806307792664,
   "00004.png": 0.20461612939834595,
   "00002.png": 0.27563196420669556,
   "00008.png": 0.21805527806282043,
   "00007.png": 0.18952196836471558,
   "00023.png": 0.2640005648136139,
   "00012.png": 0.19353647530078888,
   "00021.png": 0.31809037923812866,
   "00005.png": 0.22450515627861023,
   "00013.png": 0.2432030737400055,
   "00022.png": 0.21738606691360474,
   "00011.png": 0.20789282023906708,
   "00032.png": 0.21297580003738403,
   "00009.png": 0.1931646466255188,
   "00033.png": 0.2684337794780731,
   "00027.png": 0.2850828170776367,
   "00016.png": 0.2517951726913452,