{
 "ours_30000": {
  "SSIM": 0.9180653691291809,
  "PSNR": 31.495121002197266,
  "LPIPS": 0.22000496089458466
 },
 "ours_7000": {
  "SSIM": 0.8949828743934631,
  "PSNR": 29.398115158081055,
  "LPIPS": 0.26037847995758057
 }
}