{
 "ours_30000": {
  "SSIM": {
   "00014.png": 0.8836652040481567,
   "00020.png": 0.9176756143569946,
   "00018.png": 0.9066097140312195,
   "00019.png": 0.9124183058738708,
   "00001.png": 0.9087961912155151,
   "00029.png": 0.8553642630577087,
   "00028.png": 0.9138318300247192,
   "00004.png": 0.9358169436454773,
   "00002.png": 0.909883975982666,
   "00008.png": 0.8886421918869019,
   "00007.png": 0.9189310073852539,
   "00023.png": 0.9313923120498657,
   "00012.png": 0.8960753679275513,
   "00021.png": 0.9047912359237671,
   "00005.png": 0.905490517616272,
   "00013.png": 0.9128380417823792,
   "00022.png": 0.915780782699585,
   "00011.png": 0.9156816601753235,
   "00009.png": 0.892000675201416,
   "00027.png": 0.9139366745948792,
   "00016.png": 0.9242597222328186,
   "00003.png": 0.8473725318908691,
   "00000.png": 0.8783971667289734,
   "00017.png": 0.9028708338737488,
   "00006.png": 0.8985733389854431,
   "00010.png": 0.9025859236717224,
   "00025.png": 0.9365262985229492,
   "00015.png": 0.9070386290550232,
   "00024.png": 0.9214868545532227,
   "00026.png": 0.9315248727798462
  },
  "PSNR": {
   "00014.png": 25.713180541992188,
   "00020.png": 30.743606567382812,
   "00018.png": 28.82815933227539,
   "00019.png": 27.63542366027832,
   "00001.png": 29.993396759033203,
   "00029.png": 25.321577072143555,
   "00028.png": 28.681690216064453,
   "00004.png": 31.47940444946289,
   "00002.png": 29.196067810058594,
   "00008.png": 29.36161994934082,
   "00007.png": 30.30614471435547,
   "00023.png": 30.77826499938965,
   "00012.png": 26.18433380126953,
   "00021.png": 29.304370880126953,
   "00005.png": 29.46071434020996,
   "00013.png": 28.890804290771484,
   "00022.png": 29.331443786621094,
   "00011.png": 30.7257080078125,
   "00009.png": 27.580625534057617,
   "00027.png": 28.323463439941406,
   "00016.png": 28.8619327545166,
   "00003.png": 26.346664428710938,
   "00000.png": 27.295642852783203,
   "00017.png": 27.61516761779785,
   "00006.png": 29.489028930664062,
   "00010.png": 28.620586395263672,
   "00025.png": 32.705787658691406,
   "00015.png": 29.05301284790039,
   "00024.png": 31.395235061645508,
   "00026.png": 31.125661849975586
  },
  "LPIPS": {
   "00014.png": 0.23650628328323364,
   "00020.png": 0.18538253009319305,
   "00018.png": 0.1883295774459839,
   "00019.png": 0.18381312489509583,
   "00001.png": 0.17531681060791016,
   "00029.png": 0.26682043075561523,
   "00028.png": 0.1898365318775177,
   "00004.png": 0.18628644943237305,
   "00002.png": 0.1726602166891098,
   "00008.png": 0.3028082847595215,
   "00007.png": 0.14983747899532318,
   "00023.png": 0.1751805692911148,
   "00012.png": 0.16985252499580383,
   "00021.png": 0.23191168904304504,
   "00005.png": 0.25196951627731323,
   "00013.png": 0.16670677065849304,
   "00022.png": 0.1852107048034668,
   "00011.png": 0.2753952741622925,
   "00009.png": 0.17973321676254272,
   "00027.png": 0.1689169704914093,
   "00016.png": 0.15578868985176086,
   "00003.png": 0.2620270252227783,
   "00000.png": 0.23953010141849518,
   "00017.png": 0.2273167222738266,
   "00006.png": 0.19913849234580994,
   "00010.png": 0.1746692657470703,
   "00025.png": 0.15794692933559418,
   "00015.png": 0.21298262476921082,
   "00024.png": 0.20803125202655792,
   "00026.png": 0.17089992761611938
  }
 },
 "ours_7000": {
  "SSIM": {
   "00014.png": 0.8362415432929993,
   "00020.png": 0.8952845335006714,
   "00018.png": 0.8755426406860352,
   "00019.png": 0.8818790912628174,
   "00001.png": 0.8792273998260498,
   "00029.png": 0.8276857733726501,
   "00028.png": 0.89426589012146,
   "00004.png": 0.9151020646095276,
   "00002.png": 0.8773342967033386,
   "00008.png": 0.8436810970306396,
   "00007.png": 0.8873019218444824,
   "00023.png": 0.9118896126747131,
   "00012.png": 0.8568780422210693,
   "00021.png": 0.8757118582725525,
   "00005.png": 0.8905770182609558,
   "00013.png": 0.8655980825424194,
   "00022.png": 0.8927452564239502,
   "00011.png": 0.8954980373382568,
   "00009.png": 0.8555475473403931,
   "00027.png": 0.8837071061134338,
   "00016.png": 0.8947173953056335,
   "00003.png": 0.8344846963882446,
   "00000.png": 0.8320135474205017,
   "00017.png": 0.889533519744873,
   "00006.png": 0.8752719759941101,
   "00010.png": 0.8455655574798584,
   "00025.png": 0.923559844493866,
   "00015.png": 0.8825216293334961,
   "00024.png": 0.8975978493690491,
   "00026.png": 0.9135176539421082
  },
  "PSNR": {
   "00014.png": 23.53663444519043,
   "00020.png": 29.169139862060547,
   "00018.png": 27.188491821289062,
   "00019.png": 25.97533416748047,
   "00001.png": 28.286800384521484,
   "00029.png": 24.036354064941406,
   "00028.png": 27.356922149658203,
   "00004.png": 29.692392349243164,
   "00002.png": 27.047752380371094,
   "00008.png": 27.22393226623535,
   "00007.png": 27.750398635864258,
   "00023.png": 29.196182250976562,
   "00012.png": 24.445236206054688,
   "00021.png": 27.751934051513672,
   "00005.png": 28.312030792236328,
   "00013.png": 26.320903778076172,
   "00022.png": 27.80078887939453,
   "00011.png": 28.799102783203125,
   "00009.png": 25.47140121459961,
   "00027.png": 26.81934356689453,
   "00016.png": 27.166934967041016,
   "00003.png": 25.385833740234375,
   "00000.png": 24.80055046081543,
   "00017.png": 25.221384048461914,
   "00006.png": 27.808876037597656,
   "00010.png": 25.942947387695312,
   "00025.png": 31.262205123901367,
   "00015.png": 27.4193172454834,
   "00024.png": 29.514972686767578,
   "00026.png": 29.85934066772461
  },
  "LPIPS": {
   "00014.png": 0.2956434488296509,
   "00020.png": 0.2314724624156952,
   "00018.png": 0.23479294776916504,
   "00019.png": 0.22789573669433594,
   "00001.png": 0.2216409593820572,
   "00029.png": 0.31294000148773193,
   "00028.png": 0.22304147481918335,
   "00004.png": 0.2253352403640747,
   "00002.png": 0.21950240433216095,
   "00008.png": 0.3588560223579407,
   "00007.png": 0.2011582851409912,
   "00023.png": 0.21098706126213074,
   "00012.png": 0.22016450762748718,
   "00021.png": 0.2801932692527771,
   "00005.png": 0.2789141535758972,
   "00013.png": 0.22165469825267792,
   "00022.png": 0.2234439253807068,
   "00011.png": 0.30427679419517517,
   "00009.png": 0.23016221821308136,
   "00027.png": 0.21640676259994507,
   "00016.png": 0.19736066460609436,
   "00003.png": 0.2868317663669586,
   "00000.png": 0.3006787896156311,
   "00017.png": 0.2611202597618103,
   "00006.png": 0.23570817708969116,
   "00010.png": 0.23407921195030212,
   "00025.png": 0.18466882407665253,
   "00015.png": 0.24734172224998474,
   "00024.png": 0.25264739990234375,
   "00026.png": 0.20336055755615234
  }
 }
}