{
 "ours_30000": {
  "SSIM": 0.9063419699668884,
  "PSNR": 29.01162338256836,
  "LPIPS": 0.20169353485107422
 },
 "ours_7000": {
  "SSIM": 0.8776827454566956,
  "PSNR": 27.218780517578125,
  "LPIPS": 0.24474263191223145
 }
}