{
 "ours_30000": {
  "SSIM": {
   "00014.png": 0.9349738955497742,
   "00030.png": 0.9524233341217041,
   "00020.png": 0.9367368817329407,
   "00018.png": 0.9277044534683228,
   "00019.png": 0.923546552658081,
   "00001.png": 0.9173097610473633,
   "00029.png": 0.9422017335891724,
   "00028.png": 0.94492107629776,
   "00004.png": 0.9381051063537598,
   "00002.png": 0.941325306892395,
   "00008.png": 0.9444964528083801,
   "00007.png": 0.9390482306480408,
   "00023.png": 0.9337377548217773,
   "00012.png": 0.8969300985336304,
   "00021.png": 0.9414505958557129,
   "00005.png": 0.944448709487915,
   "00013.png": 0.931585431098938,
   "00022.png": 0.9275544285774231,
   "00011.png": 0.9185971021652222,
   "00032.png": 0.940744936466217,
   "00009.png": 0.9090560674667358,
   "00033.png": 0.9519582986831665,
   "00027.png": 0.9435651898384094,
   "00016.png": 0.9176897406578064,
   "00003.png": 0.9382553696632385,
   "00000.png": 0.8444341421127319,
   "00035.png": 0.9200841784477234,
   "00031.png": 0.9292853474617004,
   "00017.png": 0.9314641952514648,
   "00006.png": 0.9369974136352539,
   "00010.png": 0.9213656187057495,
   "00034.png": 0.9209403991699219,
   "00025.png": 0.9341217279434204,
   "00015.png": 0.8989264369010925,
   "00024.png": 0.9330070614814758,
   "00036.png": 0.9255593419075012,
   "00026.png": 0.9376412630081177
  },
  "PSNR": {
   "00014.png": 32.559349060058594,
   "00030.png": 34.18316650390625,
   "00020.png": 34.12757110595703,
   "00018.png": 31.944091796875,
   "00019.png": 31.236434936523438,
   "00001.png": 27.586376190185547,
   "00029.png": 33.21013259887695,
   "00028.png": 30.693374633789062,
   "00004.png": 33.385826110839844,
   "00002.png": 32.53603744506836,
   "00008.png": 32.76622772216797,
   "00007.png": 33.56908416748047,
   "00023.png": 32.19538116455078,
   "00012.png": 26.594934463500977,
   "00021.png": 33.53173828125,
   "00005.png": 34.033485412597656,
   "00013.png": 30.498666763305664,
   "00022.png": 32.50691223144531,
   "00011.png": 28.01514434814453,
   "00032.png": 34.1759147644043,
   "00009.png": 24.12128448486328,
   "00033.png": 35.000301361083984,
   "00027.png": 33.10245895385742,
   "00016.png": 28.46245765686035,
   "00003.png": 31.292007446289062,
   "00000.png": 21.895048141479492,
   "00035.png": 29.242551803588867,
   "00031.png": 31.817195892333984,
   "00017.png": 32.36946105957031,
   "00006.png": 31.35712432861328,
   "00010.png": 30.718063354492188,
   "00034.png": 29.771726608276367,
   "00025.png": 30.452594757080078,
   "00015.png": 25.58855438232422,
   "00024.png": 32.55601119995117,
   "00036.png": 27.595462799072266,
   "00026.png": 33.00825500488281
  },
  "LPIPS": {
   "00014.png": 0.17179375886917114,
   "00030.png": 0.241665780544281,
   "00020.png": 0.2657598853111267,
   "00018.png": 0.21838977932929993,
   "00019.png": 0.24814127385616302,
   "00001.png": 0.19916418194770813,
   "00029.png": 0.26039791107177734,
   "00028.png": 0.256910115480423,
   "00004.png": 0.1853780299425125,
   "00002.png": 0.175485298037529,
   "00008.png": 0.17336687445640564,
   "00007.png": 0.18670693039894104,
   "00023.png": 0.24605140089988708,
   "00012.png": 0.24669256806373596,
   "00021.png": 0.2387714684009552,
   "00005.png": 0.1780385822057724,
   "00013.png": 0.1779116839170456,
   "00022.png": 0.2647764980792999,
   "00011.png": 0.20994769036769867,
   "00032.png": 0.23246461153030396,
   "00009.png": 0.2071528136730194,
   "00033.png": 0.19431844353675842,
   "00027.png": 0.26861196756362915,
   "00016.png": 0.21865791082382202,
   "00003.png": 0.1976790428161621,
   "00000.png": 0.24863283336162567,
   "00035.png": 0.21834298968315125,
   "00031.png": 0.24050511419773102,
   "00017.png": 0.21727901697158813,
   "00006.png": 0.20110838115215302,
   "00010.png": 0.1781650185585022,
   "00034.png": 0.19080889225006104,
   "00025.png": 0.29796457290649414,
   "00015.png": 0.27134138345718384,
   "00024.png": 0.2953490912914276,
   "00036.png": 0.2947641611099243,
   "00026.png": 0.3035076856613159
  }
 },
 "ours_7000": {
  "SSIM": {
   "00014.png": 0.8907962441444397,
   "00030.png": 0.9320420622825623,
   "00020.png": 0.9014658331871033,
   "00018.png": 0.8728892803192139,
   "00019.png": 0.869750440120697,
   "00001.png": 0.8726826906204224,
   "00029.png": 0.9175174236297607,
   "00028.png": 0.9184103012084961,
   "00004.png": 0.8867109417915344,
   "00002.png": 0.890853762626648,
   "00008.png": 0.9030432105064392,
   "00007.png": 0.9002846479415894,
   "00023.png": 0.9031876921653748,
   "00012.png": 0.8213551640510559,
   "00021.png": 0.8992725610733032,
   "00005.png": 0.8987663388252258,
   "00013.png": 0.8800387382507324,
   "00022.png": 0.8721919059753418,
   "00011.png": 0.8657230138778687,
   "00032.png": 0.9135193824768066,
   "00009.png": 0.8532160520553589,
   "00033.png": 0.9257529973983765,
   "00027.png": 0.9237824082374573,
   "00016.png": 0.8660615086555481,
   "00003.png": 0.8851957321166992,
   "00000.png": 0.8217687010765076,
   "00035.png": 0.8861199617385864,
   "00031.png": 0.9060472846031189,
   "00017.png": 0.8889795541763306,
   "00006.png": 0.8937383890151978,
   "00010.png": 0.8627053499221802,
   "00034.png": 0.8861876726150513,
   "00025.png": 0.8961426019668579,
   "00015.png": 0.82901531457901,
   "00024.png": 0.9009202122688293,
   "00036.png": 0.9083271026611328,
   "00026.png": 0.9082531929016113
  },
  "PSNR": {
   "00014.png": 29.03835105895996,
   "00030.png": 30.142406463623047,
   "00020.png": 29.667160034179688,
   "00018.png": 27.159622192382812,
   "00019.png": 26.329641342163086,
   "00001.png": 25.745647430419922,
   "00029.png": 29.588815689086914,
   "00028.png": 25.494304656982422,
   "00004.png": 28.24228286743164,
   "00002.png": 27.29080581665039,
   "00008.png": 28.40068817138672,
   "00007.png": 29.499225616455078,
   "00023.png": 29.253759384155273,
   "00012.png": 22.90093421936035,
   "00021.png": 28.33367156982422,
   "00005.png": 29.711332321166992,
   "00013.png": 27.01236915588379,
   "00022.png": 23.4896183013916,
   "00011.png": 25.56566619873047,
   "00032.png": 30.28226089477539,
   "00009.png": 22.258195877075195,
   "00033.png": 30.761022567749023,
   "00027.png": 29.631999969482422,
   "00016.png": 26.03412628173828,
   "00003.png": 26.252182006835938,
   "00000.png": 20.13810157775879,
   "00035.png": 26.422931671142578,
   "00031.png": 29.281658172607422,
   "00017.png": 28.273563385009766,
   "00006.png": 27.048254013061523,
   "00010.png": 26.140972137451172,
   "00034.png": 26.62123680114746,
   "00025.png": 25.96900177001953,
   "00015.png": 22.26600456237793,
   "00024.png": 27.235122680664062,
   "00036.png": 27.442533493041992,
   "00026.png": 28.585710525512695
  },
  "LPIPS": {
   "00014.png": 0.2386058270931244,
   "00030.png": 0.2813901901245117,
   "00020.png": 0.3269096612930298,
   "00018.png": 0.2873309850692749,
   "00019.png": 0.3138595223426819,
   "00001.png": 0.25614190101623535,
   "00029.png": 0.30433034896850586,
   "00028.png": 0.2965385615825653,
   "00004.png": 0.25127506256103516,
   "00002.png": 0.23786240816116333,
   "00008.png": 0.2310285121202469,
   "00007.png": 0.241798996925354,
   "00023.png": 0.30771946907043457,
   "00012.png": 0.3384038507938385,
   "00021.png": 0.3059735596179962,
   "00005.png": 0.2421741485595703,
   "00013.png": 0.2489306479692459,
   "00022.png": 0.34570586681365967,
   "00011.png": 0.2872002124786377,
   "00032.png": 0.2789866030216217,
   "00009.png": 0.28270894289016724,
   "00033.png": 0.23381859064102173,
   "00027.png": 0.31043434143066406,
   "00016.png": 0.2842714190483093,
   "00003.png": 0.26207205653190613,
   "00000.png": 0.3009317219257355,
   "00035.png": 0.26999789476394653,
   "00031.png": 0.279876172542572,
   "00017.png": 0.28101426362991333,
   "00006.png": 0.2717563211917877,
   "00010.png": 0.2491997331380844,
   "00034.png": 0.23663145303726196,
   "00025.png": 0.3588702380657196,
   "00015.png": 0.36049598455429077,