{
 "ours_30000": {
  "SSIM": 0.9289781451225281,
  "PSNR": 31.018930435180664,
  "LPIPS": 0.22762171924114227
 },
 "ours_7000": {
  "SSIM": 0.8879112005233765,
  "PSNR": 27.12192726135254,
  "LPIPS": 0.2876395583152771
 }
}