{
 "ours_30000": {
  "SSIM": {
   "00014.png": 0.8831025958061218,
   "00020.png": 0.9182065725326538,
   "00018.png": 0.9064509272575378,
   "00019.png": 0.9120905995368958,
   "00001.png": 0.9082298874855042,
   "00029.png": 0.8558204174041748,
   "00028.png": 0.9134193062782288,
   "00004.png": 0.9349346160888672,
   "00002.png": 0.9101324677467346,
   "00008.png": 0.8946875929832458,
   "00007.png": 0.9190045595169067,
   "00023.png": 0.9312613010406494,
   "00012.png": 0.8963163495063782,
   "00021.png": 0.9056406617164612,
   "00005.png": 0.90346759557724,
   "00013.png": 0.9127358198165894,
   "00022.png": 0.9148718118667603,
   "00011.png": 0.915718674659729,
   "00009.png": 0.8908717632293701,
   "00027.png": 0.9137657880783081,
   "00016.png": 0.9239607453346252,
   "00003.png": 0.8477475047111511,
   "00000.png": 0.8778291940689087,
   "00017.png": 0.9022659063339233,
   "00006.png": 0.8986707925796509,
   "00010.png": 0.902500569820404,
   "00025.png": 0.9368828535079956,
   "00015.png": 0.906644344329834,
   "00024.png": 0.9209336042404175,
   "00026.png": 0.9310707449913025
  },
  "PSNR": {
   "00014.png": 25.72822380065918,
   "00020.png": 30.74498176574707,
   "00018.png": 28.851299285888672,
   "00019.png": 27.66313934326172,
   "00001.png": 29.98323631286621,
   "00029.png": 25.444372177124023,
   "00028.png": 28.87191390991211,
   "00004.png": 31.4818115234375,
   "00002.png": 29.24616241455078,
   "00008.png": 30.16221046447754,
   "00007.png": 30.318675994873047,
   "00023.png": 30.78733253479004,
   "00012.png": 26.654481887817383,
   "00021.png": 29.46456527709961,
   "00005.png": 29.414396286010742,
   "00013.png": 28.963909149169922,
   "00022.png": 29.367679595947266,
   "00011.png": 30.746662139892578,
   "00009.png": 27.489673614501953,
   "00027.png": 28.338830947875977,
   "00016.png": 28.794898986816406,
   "00003.png": 26.335399627685547,
   "00000.png": 27.244640350341797,
   "00017.png": 27.219038009643555,
   "00006.png": 29.505218505859375,
   "00010.png": 28.629695892333984,
   "00025.png": 32.62004089355469,
   "00015.png": 29.08536148071289,
   "00024.png": 31.264541625976562,
   "00026.png": 31.025604248046875
  },
  "LPIPS": {
   "00014.png": 0.2382623702287674,
   "00020.png": 0.1847212016582489,
   "00018.png": 0.18686625361442566,
   "00019.png": 0.18262794613838196,
   "00001.png": 0.1755717396736145,
   "00029.png": 0.2667805850505829,
   "00028.png": 0.1905510425567627,
   "00004.png": 0.1880180537700653,
   "00002.png": 0.17290322482585907,
   "00008.png": 0.3023308515548706,
   "00007.png": 0.15103742480278015,
   "00023.png": 0.17421475052833557,
   "00012.png": 0.17028075456619263,
   "00021.png": 0.22581183910369873,
   "00005.png": 0.2512929439544678,
   "00013.png": 0.16658079624176025,
   "00022.png": 0.18610939383506775,
   "00011.png": 0.27566713094711304,
   "00009.png": 0.17932534217834473,
   "00027.png": 0.16905999183654785,
   "00016.png": 0.1564290076494217,
   "00003.png": 0.2606910467147827,
   "00000.png": 0.24045084416866302,
   "00017.png": 0.22719289362430573,
   "00006.png": 0.1992090344429016,
   "00010.png": 0.17385616898536682,
   "00025.png": 0.15614637732505798,
   "00015.png": 0.21307137608528137,
   "00024.png": 0.2074134349822998,
   "00026.png": 0.1705087423324585
  }
 },
 "ours_7000": {
  "SSIM": {
   "00014.png": 0.8362962007522583,
   "00020.png": 0.8954088091850281,
   "00018.png": 0.8756100535392761,
   "00019.png": 0.8823904395103455,
   "00001.png": 0.8797667026519775,
   "00029.png": 0.826972484588623,
   "00028.png": 0.893677830696106,
   "00004.png": 0.9146459102630615,
   "00002.png": 0.8769883513450623,
   "00008.png": 0.8496274352073669,
   "00007.png": 0.8879033327102661,
   "00023.png": 0.9113687872886658,
   "00012.png": 0.8576297163963318,
   "00021.png": 0.8769487738609314,
   "00005.png": 0.8891912698745728,
   "00013.png": 0.8657986521720886,
   "00022.png": 0.8920377492904663,
   "00011.png": 0.8945183753967285,
   "00009.png": 0.8540535569190979,
   "00027.png": 0.8836694359779358,
   "00016.png": 0.8945780396461487,
   "00003.png": 0.8342938423156738,
   "00000.png": 0.8321118950843811,
   "00017.png": 0.8894365429878235,
   "00006.png": 0.874652624130249,
   "00010.png": 0.8471425771713257,
   "00025.png": 0.9235075116157532,
   "00015.png": 0.8827299475669861,
   "00024.png": 0.8967458009719849,
   "00026.png": 0.9131898880004883
  },
  "PSNR": {
   "00014.png": 23.579418182373047,
   "00020.png": 29.165021896362305,
   "00018.png": 27.1602783203125,
   "00019.png": 26.205833435058594,
   "00001.png": 28.458663940429688,
   "00029.png": 23.930185317993164,
   "00028.png": 27.503093719482422,
   "00004.png": 29.627216339111328,
   "00002.png": 27.049907684326172,
   "00008.png": 27.94582176208496,
   "00007.png": 27.7933292388916,
   "00023.png": 29.170740127563477,
   "00012.png": 24.651180267333984,
   "00021.png": 27.852359771728516,
   "00005.png": 28.093149185180664,
   "00013.png": 26.426254272460938,
   "00022.png": 27.748226165771484,
   "00011.png": 28.701303482055664,
   "00009.png": 25.37606430053711,
   "00027.png": 26.863365173339844,
   "00016.png": 27.048377990722656,
   "00003.png": 25.371944427490234,
   "00000.png": 24.81837272644043,
   "00017.png": 25.04867172241211,
   "00006.png": 27.760066986083984,
   "00010.png": 25.833711624145508,
   "00025.png": 31.240751266479492,
   "00015.png": 27.458707809448242,
   "00024.png": 29.495420455932617,
   "00026.png": 29.755170822143555
  },
  "LPIPS": {
   "00014.png": 0.29798123240470886,
   "00020.png": 0.2307533621788025,
   "00018.png": 0.23264649510383606,
   "00019.png": 0.22588469088077545,
   "00001.png": 0.22265049815177917,
   "00029.png": 0.31419306993484497,
   "00028.png": 0.22370213270187378,
   "00004.png": 0.22501227259635925,
   "00002.png": 0.22152654826641083,
   "00008.png": 0.3614778518676758,
   "00007.png": 0.20200666785240173,
   "00023.png": 0.21181271970272064,
   "00012.png": 0.2208361029624939,
   "00021.png": 0.27893581986427307,
   "00005.png": 0.27975279092788696,
   "00013.png": 0.22037449479103088,
   "00022.png": 0.223589688539505,
   "00011.png": 0.30482718348503113,
   "00009.png": 0.23216265439987183,
   "00027.png": 0.21697857975959778,
   "00016.png": 0.19837534427642822,
   "00003.png": 0.2869436740875244,
   "00000.png": 0.3002723455429077,
   "00017.png": 0.26121434569358826,
   "00006.png": 0.23678529262542725,
   "00010.png": 0.23359315097332,
   "00025.png": 0.18360751867294312,
   "00015.png": 0.24789920449256897,
   "00024.png": 0.25234395265579224,
   "00026.png": 0.20501473546028137
  }
 }
}