{
 "ours_30000": {
  "SSIM": 0.9063079357147217,
  "PSNR": 29.048267364501953,
  "LPIPS": 0.20143276453018188
 },
 "ours_7000": {
  "SSIM": 0.8777631521224976,
  "PSNR": 27.23775291442871,
  "LPIPS": 0.24510513246059418
 }
}