{
 "ours_30000": {
  "SSIM": {
   "00014.png": 0.9135502576828003,
   "00030.png": 0.8838580250740051,
   "00020.png": 0.8881560564041138,
   "00018.png": 0.9029536247253418,
   "00019.png": 0.90510094165802,
   "00001.png": 0.8456482291221619,
   "00029.png": 0.8446650505065918,
   "00028.png": 0.8502756953239441,
   "00004.png": 0.9284577369689941,
   "00002.png": 0.8299520611763,
   "00008.png": 0.9028781652450562,
   "00007.png": 0.9275330305099487,
   "00023.png": 0.8380604386329651,
   "00012.png": 0.9212465286254883,
   "00021.png": 0.8164000511169434,
   "00005.png": 0.8844161629676819,
   "00013.png": 0.8621889352798462,
   "00022.png": 0.8800667524337769,
   "00011.png": 0.8938664793968201,
   "00032.png": 0.90484619140625,
   "00009.png": 0.9214887619018555,
   "00033.png": 0.9003731608390808,
   "00027.png": 0.889968991279602,
   "00016.png": 0.8731398582458496,
   "00003.png": 0.8838669061660767,
   "00000.png": 0.8350168466567993,
   "00035.png": 0.9191135168075562,
   "00031.png": 0.802534282207489,
   "00017.png": 0.9309452176094055,
   "00006.png": 0.862285852432251,
   "00010.png": 0.8886696100234985,
   "00034.png": 0.9068323969841003,
   "00025.png": 0.908316969871521,
   "00015.png": 0.8262906074523926,
   "00024.png": 0.8954852819442749,
   "00036.png": 0.8591896295547485,
   "00026.png": 0.9275868535041809,
   "00038.png": 0.8738943338394165,
   "00037.png": 0.9265315532684326
  },
  "PSNR": {
   "00014.png": 28.187410354614258,
   "00030.png": 30.63836097717285,
   "00020.png": 29.056901931762695,
   "00018.png": 31.81224822998047,
   "00019.png": 27.064027786254883,
   "00001.png": 31.293533325195312,
   "00029.png": 24.85112190246582,
   "00028.png": 26.018535614013672,
   "00004.png": 31.722431182861328,
   "00002.png": 30.832744598388672,
   "00008.png": 28.783266067504883,
   "00007.png": 31.355396270751953,
   "00023.png": 25.220867156982422,
   "00012.png": 32.876468658447266,
   "00021.png": 23.59711456298828,
   "00005.png": 26.73322868347168,
   "00013.png": 28.243101119995117,
   "00022.png": 29.752578735351562,
   "00011.png": 31.602527618408203,
   "00032.png": 27.513761520385742,
   "00009.png": 32.466148376464844,
   "00033.png": 27.5618896484375,
   "00027.png": 30.815597534179688,
   "00016.png": 29.753490447998047,
   "00003.png": 32.694000244140625,
   "00000.png": 27.794540405273438,
   "00035.png": 22.260398864746094,
   "00031.png": 30.94832992553711,
   "00017.png": 32.740962982177734,
   "00006.png": 31.27837371826172,
   "00010.png": 32.01679992675781,
   "00034.png": 19.1385555267334,
   "00025.png": 30.857303619384766,
   "00015.png": 30.747623443603516,
   "00024.png": 28.005264282226562,
   "00036.png": 22.25210952758789,
   "00026.png": 30.810834884643555,
   "00038.png": 30.090476989746094,
   "00037.png": 31.63071632385254
  },
  "LPIPS": {
   "00014.png": 0.2213454246520996,
   "00030.png": 0.35514524579048157,
   "00020.png": 0.26717543601989746,
   "00018.png": 0.29950428009033203,
   "00019.png": 0.2424868941307068,
   "00001.png": 0.29719647765159607,
   "00029.png": 0.3447726368904114,
   "00028.png": 0.3309662342071533,
   "00004.png": 0.24392066895961761,
   "00002.png": 0.32735592126846313,
   "00008.png": 0.2526007890701294,
   "00007.png": 0.22997409105300903,
   "00023.png": 0.2984590530395508,
   "00012.png": 0.24092164635658264,
   "00021.png": 0.3357052206993103,
   "00005.png": 0.26756763458251953,
   "00013.png": 0.29215261340141296,
   "00022.png": 0.2596820890903473,
   "00011.png": 0.24717050790786743,
   "00032.png": 0.23239217698574066,
   "00009.png": 0.23953022062778473,
   "00033.png": 0.2860764265060425,
   "00027.png": 0.3226141333580017,
   "00016.png": 0.30191805958747864,
   "00003.png": 0.28528112173080444,
   "00000.png": 0.2867841124534607,
   "00035.png": 0.30109846591949463,
   "00031.png": 0.400518536567688,
   "00017.png": 0.2035461962223053,
   "00006.png": 0.3203125596046448,
   "00010.png": 0.28571203351020813,
   "00034.png": 0.3209502100944519,
   "00025.png": 0.2806975245475769,
   "00015.png": 0.3427644968032837,
   "00024.png": 0.3116106390953064,
   "00036.png": 0.42058390378952026,
   "00026.png": 0.23239395022392273,
   "00038.png": 0.37618720531463623,
   "00037.png": 0.2956370711326599
  }
 },
 "ours_7000": {
  "SSIM": {
   "00014.png": 0.782496452331543,
   "00030.png": 0.8417434692382812,
   "00020.png": 0.7504147887229919,
   "00018.png": 0.8243538737297058,
   "00019.png": 0.7597560882568359,
   "00001.png": 0.7362620234489441,
   "00029.png": 0.6834179162979126,
   "00028.png": 0.7104945778846741,
   "00004.png": 0.8283229470252991,
   "00002.png": 0.718345046043396,
   "00008.png": 0.7731287479400635,
   "00007.png": 0.7994626760482788,
   "00023.png": 0.6989346146583557,
   "00012.png": 0.8431172966957092,
   "00021.png": 0.7904850244522095,
   "00005.png": 0.7543874382972717,
   "00013.png": 0.7317150235176086,
   "00022.png": 0.7505362629890442,
   "00011.png": 0.8023471236228943,
   "00032.png": 0.779552161693573,
   "00009.png": 0.8196797370910645,
   "00033.png": 0.8157051801681519,
   "00027.png": 0.8131023645401001,
   "00016.png": 0.7587039470672607,
   "00003.png": 0.7450488805770874,
   "00000.png": 0.6926759481430054,
   "00035.png": 0.7594096660614014,
   "00031.png": 0.7330449223518372,
   "00017.png": 0.841956615447998,
   "00006.png": 0.7586237192153931,
   "00010.png": 0.7815720438957214,
   "00034.png": 0.7923100590705872,
   "00025.png": 0.8478404879570007,
   "00015.png": 0.731224775314331,
   "00024.png": 0.7958904504776001,
   "00036.png": 0.8114849328994751,
   "00026.png": 0.7739940881729126,
   "00038.png": 0.8255270719528198,
   "00037.png": 0.8289640545845032
  },
  "PSNR": {
   "00014.png": 21.02260971069336,
   "00030.png": 26.56951141357422,
   "00020.png": 23.750638961791992,
   "00018.png": 24.117633819580078,
   "00019.png": 19.795984268188477,
   "00001.png": 26.251636505126953,
   "00029.png": 17.928983688354492,
   "00028.png": 18.91350555419922,
   "00004.png": 22.692100524902344,
   "00002.png": 25.513412475585938,
   "00008.png": 20.444067001342773,
   "00007.png": 21.60816192626953,
   "00023.png": 20.85028839111328,
   "00012.png": 25.90777587890625,
   "00021.png": 21.025907516479492,
   "00005.png": 20.181989669799805,
   "00013.png": 21.361675262451172,
   "00022.png": 23.326908111572266,
   "00011.png": 25.213825225830078,
   "00032.png": 21.138553619384766,
   "00009.png": 24.056198120117188,
   "00033.png": 21.54256820678711,
   "00027.png": 24.986839294433594,
   "00016.png": 22.58247184753418,
   "00003.png": 24.90878677368164,
   "00000.png": 21.183021545410156,
   "00035.png": 14.484155654907227,
   "00031.png": 26.03435516357422,
   "00017.png": 24.389652252197266,
   "00006.png": 25.278308868408203,
   "00010.png": 24.38941192626953,
   "00034.png": 14.680066108703613,
   "00025.png": 25.461502075195312,
   "00015.png": 25.164417266845703,
   "00024.png": 23.36786460876465,
   "00036.png": 20.30636215209961,
   "00026.png": 20.364606857299805,
   "00038.png": 22.280282974243164,
   "00037.png": 18.266817092895508
  },
  "LPIPS": {
   "00014.png": 0.3850131034851074,
   "00030.png": 0.43284332752227783,
   "00020.png": 0.4436165690422058,
   "00018.png": 0.3968431055545807,
   "00019.png": 0.4091070890426636,
   "00001.png": 0.4448567032814026,
   "00029.png": 0.5140834450721741,
   "00028.png": 0.4958178997039795,
   "00004.png": 0.40741416811943054,
   "00002.png": 0.4762116074562073,
   "00008.png": 0.4050450921058655,
   "00007.png": 0.41214483976364136,
   "00023.png": 0.48396292328834534,
   "00012.png": 0.36725568771362305,
   "00021.png": 0.3995518088340759,
   "00005.png": 0.4354532063007355,
   "00013.png": 0.4602038860321045,
   "00022.png": 0.4411948621273041,
   "00011.png": 0.37680768966674805,
   "00032.png": 0.38986602425575256,
   "00009.png": 0.4013647735118866,
   "00033.png": 0.3905925154685974,
   "00027.png": 0.4431702494621277,
   "00016.png": 0.45275843143463135,