{
 "ours_30000": {
  "SSIM": 0.8834782242774963,
  "PSNR": 29.000484466552734,
  "LPIPS": 0.2923259437084198
 },
 "ours_7000": {
  "SSIM": 0.77656489610672,
  "PSNR": 22.34212303161621,
  "LPIPS": 0.43264082074165344
 }
}