{
 "ours_30000": {
  "SSIM": {
   "00014.png": 0.9447935819625854,
   "00030.png": 0.9561448097229004,
   "00020.png": 0.9422778487205505,
   "00018.png": 0.9389089345932007,
   "00019.png": 0.9332911968231201,
   "00001.png": 0.9297906160354614,
   "00029.png": 0.9468459486961365,
   "00028.png": 0.9536574482917786,
   "00004.png": 0.9465028643608093,
   "00002.png": 0.946481466293335,
   "00008.png": 0.9468434453010559,
   "00007.png": 0.9464869499206543,
   "00023.png": 0.9425215125083923,
   "00012.png": 0.903361976146698,
   "00021.png": 0.9497347474098206,
   "00005.png": 0.9517590999603271,
   "00013.png": 0.9404945373535156,
   "00022.png": 0.9396988749504089,
   "00011.png": 0.9322913289070129,
   "00032.png": 0.9472883343696594,
   "00009.png": 0.9261824488639832,
   "00033.png": 0.9540222883224487,
   "00027.png": 0.9469403624534607,
   "00016.png": 0.9291085600852966,
   "00003.png": 0.9416985511779785,
   "00000.png": 0.8966761827468872,
   "00035.png": 0.9244958758354187,
   "00031.png": 0.9323458075523376,
   "00017.png": 0.9395990371704102,
   "00006.png": 0.9445250630378723,
   "00010.png": 0.9343665242195129,
   "00034.png": 0.9059791564941406,
   "00025.png": 0.9408804774284363,
   "00015.png": 0.9170966148376465,
   "00024.png": 0.9354254603385925,
   "00036.png": 0.9329167604446411,
   "00026.png": 0.9461532235145569
  },
  "PSNR": {
   "00014.png": 33.50584411621094,
   "00030.png": 34.449241638183594,
   "00020.png": 34.61532211303711,
   "00018.png": 32.69464111328125,
   "00019.png": 32.58092498779297,
   "00001.png": 29.219348907470703,
   "00029.png": 33.35667419433594,
   "00028.png": 33.74040222167969,
   "00004.png": 33.885189056396484,
   "00002.png": 33.49897766113281,
   "00008.png": 33.15000915527344,
   "00007.png": 34.41376495361328,
   "00023.png": 33.5228385925293,
   "00012.png": 27.377281188964844,
   "00021.png": 34.644229888916016,
   "00005.png": 34.73871612548828,
   "00013.png": 30.912830352783203,
   "00022.png": 34.353206634521484,
   "00011.png": 28.51331901550293,
   "00032.png": 35.24359130859375,
   "00009.png": 24.930383682250977,
   "00033.png": 34.783084869384766,
   "00027.png": 33.46844482421875,
   "00016.png": 28.960914611816406,
   "00003.png": 31.88062858581543,
   "00000.png": 26.1068115234375,
   "00035.png": 29.577425003051758,
   "00031.png": 32.423892974853516,
   "00017.png": 33.31084442138672,
   "00006.png": 32.484519958496094,
   "00010.png": 31.676780700683594,
   "00034.png": 26.777250289916992,
   "00025.png": 31.06010627746582,
   "00015.png": 27.262792587280273,
   "00024.png": 30.0458984375,
   "00036.png": 29.925708770751953,
   "00026.png": 34.28630065917969
  },
  "LPIPS": {
   "00014.png": 0.14525142312049866,
   "00030.png": 0.23249155282974243,
   "00020.png": 0.24872857332229614,
   "00018.png": 0.19771410524845123,
   "00019.png": 0.2305959165096283,
   "00001.png": 0.18094928562641144,
   "00029.png": 0.25014665722846985,
   "00028.png": 0.2415013313293457,
   "00004.png": 0.16370101273059845,
   "00002.png": 0.16119986772537231,
   "00008.png": 0.16361509263515472,
   "00007.png": 0.17055201530456543,
   "00023.png": 0.22887805104255676,
   "00012.png": 0.2299160212278366,
   "00021.png": 0.22163112461566925,
   "00005.png": 0.16025307774543762,
   "00013.png": 0.15146759152412415,
   "00022.png": 0.23873019218444824,
   "00011.png": 0.18206652998924255,
   "00032.png": 0.22069314122200012,
   "00009.png": 0.17707476019859314,
   "00033.png": 0.18763256072998047,
   "00027.png": 0.257968544960022,
   "00016.png": 0.19154083728790283,
   "00003.png": 0.18675439059734344,
   "00000.png": 0.22289948165416718,
   "00035.png": 0.20314699411392212,
   "00031.png": 0.23031343519687653,
   "00017.png": 0.1972959339618683,
   "00006.png": 0.18330097198486328,
   "00010.png": 0.1574106365442276,
   "00034.png": 0.18408077955245972,
   "00025.png": 0.2794618606567383,
   "00015.png": 0.23686839640140533,
   "00024.png": 0.2857452630996704,
   "00036.png": 0.2816181778907776,
   "00026.png": 0.28536587953567505
  }
 },
 "ours_7000": {
  "SSIM": {
   "00014.png": 0.9073274731636047,
   "00030.png": 0.933320164680481,
   "00020.png": 0.9184887409210205,
   "00018.png": 0.898257851600647,
   "00019.png": 0.8999612331390381,
   "00001.png": 0.8944728374481201,
   "00029.png": 0.9158836603164673,
   "00028.png": 0.928851842880249,
   "00004.png": 0.913006067276001,
   "00002.png": 0.9232872724533081,
   "00008.png": 0.921978235244751,
   "00007.png": 0.918176531791687,
   "00023.png": 0.917609691619873,
   "00012.png": 0.8725415468215942,
   "00021.png": 0.9210764765739441,
   "00005.png": 0.9191934466362,
   "00013.png": 0.909246027469635,
   "00022.png": 0.9021445512771606,
   "00011.png": 0.8953585028648376,
   "00032.png": 0.91694575548172,
   "00009.png": 0.8842069506645203,
   "00033.png": 0.9358972311019897,
   "00027.png": 0.9303295016288757,
   "00016.png": 0.8889331221580505,
   "00003.png": 0.9147917628288269,
   "00000.png": 0.8575573563575745,
   "00035.png": 0.9058018922805786,
   "00031.png": 0.9179069995880127,
   "00017.png": 0.906697690486908,
   "00006.png": 0.916745126247406,
   "00010.png": 0.8950718641281128,
   "00034.png": 0.9014764428138733,
   "00025.png": 0.9161356687545776,
   "00015.png": 0.8717243671417236,
   "00024.png": 0.9067903757095337,
   "00036.png": 0.9195653200149536,
   "00026.png": 0.9206476211547852
  },
  "PSNR": {
   "00014.png": 29.587982177734375,
   "00030.png": 30.68781089782715,
   "00020.png": 30.601394653320312,
   "00018.png": 29.238597869873047,
   "00019.png": 29.295236587524414,
   "00001.png": 26.34807586669922,
   "00029.png": 29.729215621948242,
   "00028.png": 29.258115768432617,
   "00004.png": 30.34222412109375,
   "00002.png": 29.77178955078125,
   "00008.png": 30.11114501953125,
   "00007.png": 30.903337478637695,
   "00023.png": 30.013959884643555,
   "00012.png": 24.985210418701172,
   "00021.png": 30.607393264770508,
   "00005.png": 30.80804443359375,
   "00013.png": 28.51630210876465,
   "00022.png": 29.48749351501465,
   "00011.png": 26.759431838989258,
   "00032.png": 30.708168029785156,
   "00009.png": 23.357669830322266,
   "00033.png": 31.743173599243164,
   "00027.png": 31.23181915283203,
   "00016.png": 26.958698272705078,
   "00003.png": 29.056798934936523,
   "00000.png": 23.680850982666016,
   "00035.png": 28.844409942626953,
   "00031.png": 30.602313995361328,
   "00017.png": 29.367782592773438,
   "00006.png": 29.053857803344727,
   "00010.png": 28.414592742919922,
   "00034.png": 27.378509521484375,
   "00025.png": 28.31485939025879,
   "00015.png": 24.0975399017334,
   "00024.png": 27.03129005432129,
   "00036.png": 28.153606414794922,
   "00026.png": 30.239055633544922
  },
  "LPIPS": {
   "00014.png": 0.1973538100719452,
   "00030.png": 0.2657786011695862,
   "00020.png": 0.2878592908382416,
   "00018.png": 0.2518727779388428,
   "00019.png": 0.2763760983943939,
   "00001.png": 0.22194978594779968,
   "00029.png": 0.2950925827026367,
   "00028.png": 0.2795747220516205,
   "00004.png": 0.21031242609024048,
   "00002.png": 0.19911709427833557,
   "00008.png": 0.20324136316776276,
   "00007.png": 0.20742946863174438,
   "00023.png": 0.27423757314682007,
   "00012.png": 0.2896304726600647,
   "00021.png": 0.2698128819465637,
   "00005.png": 0.21135912835597992,
   "00013.png": 0.200235053896904,
   "00022.png": 0.3035423159599304,
   "00011.png": 0.2429567277431488,
   "00032.png": 0.26270973682403564,
   "00009.png": 0.24043487012386322,
   "00033.png": 0.2159532755613327,
   "00027.png": 0.2936035990715027,
   "00016.png": 0.24622854590415955,
   "00003.png": 0.22422462701797485,
   "00000.png": 0.2617759704589844,
   "00035.png": 0.23902729153633118,
   "00031.png": 0.2552112936973572,
   "00017.png": 0.24366703629493713,
   "00006.png": 0.23502019047737122,
   "00010.png": 0.20198026299476624,
   "00034.png": 0.21155858039855957,
   "00025.png": 0.3192046284675598,