{
 "ours_30000": {
  "SSIM": 0.937502384185791,
  "PSNR": 31.82103157043457,
  "LPIPS": 0.20996111631393433
 },
 "ours_7000": {
  "SSIM": 0.908578634262085,
  "PSNR": 28.79155921936035,
  "LPIPS": 0.25424984097480774
 }
}