{
 "ours_30000": {
  "SSIM": {
   "00014.png": 0.8820250034332275,
   "00020.png": 0.9183904528617859,
   "00018.png": 0.9060736894607544,
   "00019.png": 0.9112043976783752,
   "00001.png": 0.9075479507446289,
   "00029.png": 0.8556839227676392,
   "00028.png": 0.9138699769973755,
   "00004.png": 0.9341258406639099,
   "00002.png": 0.9066263437271118,
   "00008.png": 0.8947544097900391,
   "00007.png": 0.9175775051116943,
   "00023.png": 0.9307803511619568,
   "00012.png": 0.8949175477027893,
   "00021.png": 0.906058132648468,
   "00005.png": 0.9058247208595276,
   "00013.png": 0.9118925929069519,
   "00022.png": 0.9142470955848694,
   "00011.png": 0.9140448570251465,
   "00009.png": 0.8909943699836731,
   "00027.png": 0.9128836989402771,
   "00016.png": 0.9237511157989502,
   "00003.png": 0.8468518257141113,
   "00000.png": 0.8719817399978638,
   "00017.png": 0.9020835161209106,
   "00006.png": 0.8975507616996765,
   "00010.png": 0.9014533758163452,
   "00025.png": 0.9357830286026001,
   "00015.png": 0.9060213565826416,
   "00024.png": 0.9214481711387634,
   "00026.png": 0.9318485260009766
  },
  "PSNR": {
   "00014.png": 25.70469093322754,
   "00020.png": 30.727848052978516,
   "00018.png": 28.78919219970703,
   "00019.png": 27.51736068725586,
   "00001.png": 29.897502899169922,
   "00029.png": 25.32563018798828,
   "00028.png": 28.882654190063477,
   "00004.png": 31.350534439086914,
   "00002.png": 28.224946975708008,
   "00008.png": 30.07391929626465,
   "00007.png": 30.22601890563965,
   "00023.png": 30.601369857788086,
   "00012.png": 26.232341766357422,
   "00021.png": 29.28522300720215,
   "00005.png": 29.485177993774414,
   "00013.png": 28.564157485961914,
   "00022.png": 29.113800048828125,
   "00011.png": 30.406757354736328,
   "00009.png": 27.328571319580078,
   "00027.png": 28.26242446899414,
   "00016.png": 28.725269317626953,
   "00003.png": 26.260143280029297,
   "00000.png": 26.580896377563477,
   "00017.png": 26.894227981567383,
   "00006.png": 29.423505783081055,
   "00010.png": 28.52304458618164,
   "00025.png": 32.41455841064453,
   "00015.png": 28.933807373046875,
   "00024.png": 31.384944915771484,
   "00026.png": 31.290359497070312
  },
  "LPIPS": {
   "00014.png": 0.2404584288597107,
   "00020.png": 0.18584007024765015,
   "00018.png": 0.18914484977722168,
   "00019.png": 0.1854972541332245,
   "00001.png": 0.175527423620224,
   "00029.png": 0.26735860109329224,
   "00028.png": 0.19073092937469482,
   "00004.png": 0.18938690423965454,
   "00002.png": 0.17688363790512085,
   "00008.png": 0.3068193793296814,
   "00007.png": 0.15336322784423828,
   "00023.png": 0.17628838121891022,
   "00012.png": 0.17408254742622375,
   "00021.png": 0.22725078463554382,
   "00005.png": 0.2508126199245453,
   "00013.png": 0.16793227195739746,
   "00022.png": 0.1880870759487152,
   "00011.png": 0.27748364210128784,
   "00009.png": 0.1816541850566864,
   "00027.png": 0.1722060739994049,
   "00016.png": 0.1585502028465271,
   "00003.png": 0.2614448666572571,
   "00000.png": 0.24568769335746765,
   "00017.png": 0.22840707004070282,
   "00006.png": 0.20158866047859192,
   "00010.png": 0.17794188857078552,
   "00025.png": 0.15943104028701782,
   "00015.png": 0.21302074193954468,
   "00024.png": 0.20821869373321533,
   "00026.png": 0.17151451110839844
  }
 },
 "ours_7000": {
  "SSIM": {
   "00014.png": 0.8311980366706848,
   "00020.png": 0.8857817053794861,
   "00018.png": 0.870733380317688,
   "00019.png": 0.8739461302757263,
   "00001.png": 0.8731223940849304,
   "00029.png": 0.8204448819160461,
   "00028.png": 0.8890963792800903,
   "00004.png": 0.9116967916488647,
   "00002.png": 0.8669849634170532,
   "00008.png": 0.8475839495658875,
   "00007.png": 0.8815985321998596,
   "00023.png": 0.9052266478538513,
   "00012.png": 0.85929274559021,
   "00021.png": 0.8672887682914734,
   "00005.png": 0.8939806222915649,
   "00013.png": 0.8638547658920288,
   "00022.png": 0.8841591477394104,
   "00011.png": 0.8927837014198303,
   "00009.png": 0.8492401242256165,
   "00027.png": 0.8759346604347229,
   "00016.png": 0.891429603099823,
   "00003.png": 0.8342640995979309,
   "00000.png": 0.8228155970573425,
   "00017.png": 0.8855630159378052,
   "00006.png": 0.8738040328025818,
   "00010.png": 0.8436874151229858,
   "00025.png": 0.911245584487915,
   "00015.png": 0.8799597024917603,
   "00024.png": 0.8879950046539307,
   "00026.png": 0.9065116047859192
  },
  "PSNR": {
   "00014.png": 23.200992584228516,
   "00020.png": 28.64974594116211,
   "00018.png": 27.027101516723633,
   "00019.png": 25.313060760498047,
   "00001.png": 27.972097396850586,
   "00029.png": 23.74139976501465,
   "00028.png": 27.514524459838867,
   "00004.png": 29.316524505615234,
   "00002.png": 26.328516006469727,
   "00008.png": 27.937179565429688,
   "00007.png": 27.390241622924805,
   "00023.png": 28.84117889404297,
   "00012.png": 24.63037109375,
   "00021.png": 27.552875518798828,
   "00005.png": 28.506223678588867,
   "00013.png": 26.17373275756836,
   "00022.png": 27.275157928466797,
   "00011.png": 28.344650268554688,
   "00009.png": 25.18169593811035,
   "00027.png": 26.492464065551758,
   "00016.png": 26.933021545410156,
   "00003.png": 25.309429168701172,
   "00000.png": 24.597604751586914,
   "00017.png": 24.151145935058594,
   "00006.png": 27.76108169555664,
   "00010.png": 25.678173065185547,
   "00025.png": 29.851045608520508,
   "00015.png": 27.1705265045166,
   "00024.png": 29.391143798828125,
   "00026.png": 29.444971084594727
  },
  "LPIPS": {
   "00014.png": 0.30576759576797485,
   "00020.png": 0.24151167273521423,
   "00018.png": 0.24075011909008026,
   "00019.png": 0.23811402916908264,
   "00001.png": 0.2303827852010727,
   "00029.png": 0.32024893164634705,
   "00028.png": 0.22955802083015442,
   "00004.png": 0.22977492213249207,
   "00002.png": 0.2333390712738037,
   "00008.png": 0.3612731695175171,
   "00007.png": 0.2107381522655487,
   "00023.png": 0.2212892472743988,
   "00012.png": 0.22459715604782104,
   "00021.png": 0.28754162788391113,
   "00005.png": 0.281610906124115,
   "00013.png": 0.22714382410049438,
   "00022.png": 0.23385769128799438,
   "00011.png": 0.30802732706069946,
   "00009.png": 0.23961994051933289,
   "00027.png": 0.22421857714653015,
   "00016.png": 0.2024129033088684,
   "00003.png": 0.28996363282203674,
   "00000.png": 0.3109736740589142,
   "00017.png": 0.26773205399513245,
   "00006.png": 0.24084022641181946,
   "00010.png": 0.24042364954948425,
   "00025.png": 0.19558441638946533,
   "00015.png": 0.25337347388267517,
   "00024.png": 0.26360464096069336,
   "00026.png": 0.21181413531303406
  }
 }
}