{
 "ours_30000": {
  "SSIM": 0.9056099653244019,
  "PSNR": 28.88102912902832,
  "LPIPS": 0.20342044532299042
 },
 "ours_7000": {
  "SSIM": 0.8727074861526489,
  "PSNR": 26.922597885131836,
  "LPIPS": 0.25220292806625366
 }
}