{
 "ours_30000": {
  "SSIM": {
   "00014.png": 0.941527247428894,
   "00030.png": 0.9413059949874878,
   "00020.png": 0.9480888247489929,
   "00018.png": 0.9316777586936951,
   "00019.png": 0.9419096112251282,
   "00001.png": 0.9429417848587036,
   "00029.png": 0.9214049577713013,
   "00028.png": 0.954207181930542,
   "00004.png": 0.9525392651557922,
   "00002.png": 0.9538467526435852,
   "00008.png": 0.9184430241584778,
   "00007.png": 0.9497997164726257,
   "00023.png": 0.9397527575492859,
   "00012.png": 0.9433056712150574,
   "00021.png": 0.9441490769386292,
   "00005.png": 0.9417068958282471,
   "00013.png": 0.9577229619026184,
   "00022.png": 0.9530866742134094,
   "00011.png": 0.9122247099876404,
   "00032.png": 0.9622695446014404,
   "00009.png": 0.932936429977417,
   "00033.png": 0.923729658126831,
   "00027.png": 0.7535555958747864,
   "00016.png": 0.9467914700508118,
   "00003.png": 0.9574500918388367,
   "00000.png": 0.9223149418830872,
   "00031.png": 0.9438875913619995,
   "00017.png": 0.9369839429855347,
   "00006.png": 0.8275471329689026,
   "00010.png": 0.9557787775993347,
   "00034.png": 0.7721238136291504,
   "00025.png": 0.9527246952056885,
   "00015.png": 0.953903079032898,
   "00024.png": 0.9562447667121887,
   "00026.png": 0.9484803676605225
  },
  "PSNR": {
   "00014.png": 31.288707733154297,
   "00030.png": 33.30411148071289,
   "00020.png": 34.32179260253906,
   "00018.png": 32.626243591308594,
   "00019.png": 32.09860610961914,
   "00001.png": 30.20188331604004,
   "00029.png": 31.762487411499023,
   "00028.png": 32.356964111328125,
   "00004.png": 32.063568115234375,
   "00002.png": 32.827762603759766,
   "00008.png": 30.834733963012695,
   "00007.png": 31.463756561279297,
   "00023.png": 33.31637191772461,
   "00012.png": 30.919567108154297,
   "00021.png": 34.21788787841797,
   "00005.png": 30.501033782958984,
   "00013.png": 34.749855041503906,
   "00022.png": 34.47010803222656,
   "00011.png": 32.13890838623047,
   "00032.png": 35.634849548339844,
   "00009.png": 31.716899871826172,
   "00033.png": 31.295005798339844,
   "00027.png": 27.18663787841797,
   "00016.png": 33.48190689086914,
   "00003.png": 32.59525680541992,
   "00000.png": 28.18242835998535,
   "00031.png": 32.31010055541992,
   "00017.png": 33.37977981567383,
   "00006.png": 29.092609405517578,
   "00010.png": 34.41486740112305,
   "00034.png": 28.537181854248047,
   "00025.png": 33.395103454589844,
   "00015.png": 32.478309631347656,
   "00024.png": 33.87845230102539,
   "00026.png": 33.619590759277344
  },
  "LPIPS": {
   "00014.png": 0.10032784938812256,
   "00030.png": 0.1233796626329422,
   "00020.png": 0.09249016642570496,
   "00018.png": 0.1060580164194107,
   "00019.png": 0.11109289526939392,
   "00001.png": 0.09568183124065399,
   "00029.png": 0.1261562556028366,
   "00028.png": 0.07016783952713013,
   "00004.png": 0.08573824167251587,
   "00002.png": 0.09102743864059448,
   "00008.png": 0.1463605761528015,
   "00007.png": 0.08231466263532639,
   "00023.png": 0.12879015505313873,
   "00012.png": 0.10246850550174713,
   "00021.png": 0.11021202802658081,
   "00005.png": 0.10502196848392487,
   "00013.png": 0.1213497593998909,
   "00022.png": 0.09119495749473572,
   "00011.png": 0.14089654386043549,
   "00032.png": 0.11753427982330322,
   "00009.png": 0.12748143076896667,
   "00033.png": 0.16367897391319275,
   "00027.png": 0.2765401601791382,
   "00016.png": 0.09725198149681091,
   "00003.png": 0.07545603811740875,
   "00000.png": 0.12306022644042969,
   "00031.png": 0.1379593163728714,
   "00017.png": 0.12615668773651123,
   "00006.png": 0.22039422392845154,
   "00010.png": 0.11972036212682724,
   "00034.png": 0.2830316126346588,
   "00025.png": 0.07892972975969315,
   "00015.png": 0.10445379465818405,
   "00024.png": 0.08210103213787079,
   "00026.png": 0.10317803919315338
  }
 },
 "ours_7000": {
  "SSIM": {
   "00014.png": 0.9378335475921631,
   "00030.png": 0.9324920177459717,
   "00020.png": 0.9385718107223511,
   "00018.png": 0.9161843061447144,
   "00019.png": 0.9324323534965515,
   "00001.png": 0.9284133911132812,
   "00029.png": 0.9237709641456604,
   "00028.png": 0.9357909560203552,
   "00004.png": 0.9417316317558289,
   "00002.png": 0.94682377576828,
   "00008.png": 0.9093548059463501,
   "00007.png": 0.9402203559875488,
   "00023.png": 0.9381763339042664,
   "00012.png": 0.9297619462013245,
   "00021.png": 0.9294427037239075,
   "00005.png": 0.935029149055481,
   "00013.png": 0.9497500658035278,
   "00022.png": 0.9420511722564697,
   "00011.png": 0.9188751578330994,
   "00032.png": 0.9501574039459229,
   "00009.png": 0.9213489294052124,
   "00033.png": 0.9252440929412842,
   "00027.png": 0.7728437781333923,
   "00016.png": 0.9369668364524841,
   "00003.png": 0.9447398781776428,
   "00000.png": 0.9072259068489075,
   "00031.png": 0.9327012300491333,
   "00017.png": 0.9257926940917969,
   "00006.png": 0.8152838349342346,
   "00010.png": 0.9486067295074463,
   "00034.png": 0.7786344289779663,
   "00025.png": 0.9304872155189514,
   "00015.png": 0.9427898526191711,
   "00024.png": 0.927842378616333,
   "00026.png": 0.9385859966278076
  },
  "PSNR": {
   "00014.png": 30.390426635742188,
   "00030.png": 32.257713317871094,
   "00020.png": 32.977970123291016,
   "00018.png": 30.8100528717041,
   "00019.png": 31.047182083129883,
   "00001.png": 28.502988815307617,
   "00029.png": 31.81781005859375,
   "00028.png": 31.8448429107666,
   "00004.png": 30.133686065673828,
   "00002.png": 31.85596466064453,
   "00008.png": 30.0281982421875,
   "00007.png": 29.868518829345703,
   "00023.png": 32.92839050292969,
   "00012.png": 30.09381103515625,
   "00021.png": 32.26104736328125,
   "00005.png": 29.596172332763672,
   "00013.png": 33.0249137878418,
   "00022.png": 33.41256332397461,
   "00011.png": 31.84683609008789,
   "00032.png": 34.31974411010742,
   "00009.png": 30.897912979125977,
   "00033.png": 30.640438079833984,
   "00027.png": 27.330007553100586,
   "00016.png": 32.07020950317383,
   "00003.png": 31.18743896484375,
   "00000.png": 26.963546752929688,
   "00031.png": 31.354026794433594,
   "00017.png": 32.01471710205078,
   "00006.png": 28.3342342376709,
   "00010.png": 32.28071975708008,
   "00034.png": 28.316591262817383,
   "00025.png": 31.347015380859375,
   "00015.png": 31.18207550048828,
   "00024.png": 30.444393157958984,
   "00026.png": 32.83281326293945
  },
  "LPIPS": {
   "00014.png": 0.11422505229711533,
   "00030.png": 0.12948760390281677,
   "00020.png": 0.10612303018569946,
   "00018.png": 0.13256323337554932,
   "00019.png": 0.12582719326019287,
   "00001.png": 0.11843517422676086,
   "00029.png": 0.12985244393348694,
   "00028.png": 0.09045075625181198,
   "00004.png": 0.10652604699134827,
   "00002.png": 0.10264801234006882,
   "00008.png": 0.15295952558517456,
   "00007.png": 0.09390443563461304,
   "00023.png": 0.1336488127708435,
   "00012.png": 0.12627708911895752,
   "00021.png": 0.13207906484603882,
   "00005.png": 0.11934691667556763,
   "00013.png": 0.13443303108215332,
   "00022.png": 0.11056490242481232,
   "00011.png": 0.14785391092300415,
   "00032.png": 0.1363527774810791,
   "00009.png": 0.14296472072601318,
   "00033.png": 0.16662360727787018,
   "00027.png": 0.2712392807006836,
   "00016.png": 0.11779031157493591,
   "00003.png": 0.09595993161201477,
   "00000.png": 0.14504477381706238,
   "00031.png": 0.15386924147605896,
   "00017.png": 0.1421627402305603,
   "00006.png": 0.22907891869544983,
   "00010.png": 0.1299743950366974,
   "00034.png": 0.286288321018219,
   "00025.png": 0.10524185001850128,
   "00015.png": 0.12661999464035034,
   "00024.png": 0.11303673684597015,
   "00026.png": 0.11204183101654053
  }
 }
}