{
 "ours_30000": {
  "SSIM": 0.9296103119850159,
  "PSNR": 32.19038009643555,
  "LPIPS": 0.12193306535482407
 },
 "ours_7000": {
  "SSIM": 0.920741617679596,
  "PSNR": 31.034713745117188,
  "LPIPS": 0.13661415874958038
 }
}