{
 "ours_30000": {
  "SSIM": {
   "00014.png": 0.8874209523200989,
   "00020.png": 0.9183737635612488,
   "00018.png": 0.9090259075164795,
   "00019.png": 0.9148412942886353,
   "00001.png": 0.9099866151809692,
   "00029.png": 0.8522891402244568,
   "00028.png": 0.9153607487678528,
   "00004.png": 0.9407174587249756,
   "00002.png": 0.9131144881248474,
   "00008.png": 0.9021055698394775,
   "00007.png": 0.9248287081718445,
   "00023.png": 0.9351525902748108,
   "00012.png": 0.9023040533065796,
   "00021.png": 0.9065467715263367,
   "00005.png": 0.9027311205863953,
   "00013.png": 0.9196615815162659,
   "00022.png": 0.9193917512893677,
   "00011.png": 0.9173409938812256,
   "00009.png": 0.9011633992195129,
   "00027.png": 0.9215957522392273,
   "00016.png": 0.9273138642311096,
   "00003.png": 0.8468084931373596,
   "00000.png": 0.8809274435043335,
   "00017.png": 0.9074949026107788,
   "00006.png": 0.901833176612854,
   "00010.png": 0.909140944480896,
   "00025.png": 0.9395337104797363,
   "00015.png": 0.9151318669319153,
   "00024.png": 0.9239232540130615,
   "00026.png": 0.9390475153923035
  },
  "PSNR": {
   "00014.png": 26.5850830078125,
   "00020.png": 31.273061752319336,
   "00018.png": 29.822824478149414,
   "00019.png": 28.887861251831055,
   "00001.png": 30.363269805908203,
   "00029.png": 25.493186950683594,
   "00028.png": 29.211318969726562,
   "00004.png": 32.664669036865234,
   "00002.png": 29.88436508178711,
   "00008.png": 30.808650970458984,
   "00007.png": 31.582061767578125,
   "00023.png": 31.733612060546875,
   "00012.png": 26.96544647216797,
   "00021.png": 29.88288116455078,
   "00005.png": 29.279300689697266,
   "00013.png": 29.64759635925293,
   "00022.png": 30.06085968017578,
   "00011.png": 31.115320205688477,
   "00009.png": 27.810749053955078,
   "00027.png": 29.429475784301758,
   "00016.png": 29.452238082885742,
   "00003.png": 26.596195220947266,
   "00000.png": 28.465356826782227,
   "00017.png": 28.65171241760254,
   "00006.png": 30.120325088500977,
   "00010.png": 29.29365348815918,
   "00025.png": 33.65403747558594,
   "00015.png": 29.561294555664062,
   "00024.png": 32.16793441772461,
   "00026.png": 33.27293395996094
  },
  "LPIPS": {
   "00014.png": 0.2326277792453766,
   "00020.png": 0.18498358130455017,
   "00018.png": 0.1863006353378296,
   "00019.png": 0.17828309535980225,
   "00001.png": 0.17033421993255615,
   "00029.png": 0.26412835717201233,
   "00028.png": 0.18581384420394897,
   "00004.png": 0.17790335416793823,
   "00002.png": 0.1660827398300171,
   "00008.png": 0.2880933880805969,
   "00007.png": 0.1444324105978012,
   "00023.png": 0.1669759750366211,
   "00012.png": 0.1662033498287201,
   "00021.png": 0.22581598162651062,
   "00005.png": 0.2508137822151184,
   "00013.png": 0.1554693877696991,
   "00022.png": 0.18040768802165985,
   "00011.png": 0.27326500415802,
   "00009.png": 0.1658175140619278,
   "00027.png": 0.15992945432662964,
   "00016.png": 0.15202289819717407,
   "00003.png": 0.2584311366081238,
   "00000.png": 0.23156164586544037,
   "00017.png": 0.21975521743297577,
   "00006.png": 0.1952553391456604,
   "00010.png": 0.1676846146583557,
   "00025.png": 0.15417368710041046,
   "00015.png": 0.20121487975120544,
   "00024.png": 0.2026740163564682,
   "00026.png": 0.16120028495788574
  }
 },
 "ours_7000": {
  "SSIM": {
   "00014.png": 0.877058207988739,
   "00020.png": 0.911272406578064,
   "00018.png": 0.8990241885185242,
   "00019.png": 0.9037565588951111,
   "00001.png": 0.8969229459762573,
   "00029.png": 0.8569345474243164,
   "00028.png": 0.9080837965011597,
   "00004.png": 0.9335633516311646,
   "00002.png": 0.9063858985900879,
   "00008.png": 0.8921372890472412,
   "00007.png": 0.9142947196960449,
   "00023.png": 0.9276795387268066,
   "00012.png": 0.8944882750511169,
   "00021.png": 0.9002625346183777,
   "00005.png": 0.9060518741607666,
   "00013.png": 0.9082343578338623,
   "00022.png": 0.9096815586090088,
   "00011.png": 0.9160473346710205,
   "00009.png": 0.890052855014801,
   "00027.png": 0.9122215509414673,
   "00016.png": 0.9166819453239441,
   "00003.png": 0.8478111028671265,
   "00000.png": 0.8656007647514343,
   "00017.png": 0.9011633992195129,
   "00006.png": 0.8962270021438599,
   "00010.png": 0.898936927318573,
   "00025.png": 0.9324213266372681,
   "00015.png": 0.9066883325576782,
   "00024.png": 0.917321503162384,
   "00026.png": 0.9306910037994385
  },
  "PSNR": {
   "00014.png": 25.738746643066406,
   "00020.png": 30.526456832885742,
   "00018.png": 28.832420349121094,
   "00019.png": 27.672216415405273,
   "00001.png": 29.314685821533203,
   "00029.png": 25.52414321899414,
   "00028.png": 28.793832778930664,
   "00004.png": 31.547401428222656,
   "00002.png": 29.293590545654297,
   "00008.png": 29.856369018554688,
   "00007.png": 30.122900009155273,
   "00023.png": 30.658342361450195,
   "00012.png": 26.356706619262695,
   "00021.png": 29.245376586914062,
   "00005.png": 29.576366424560547,
   "00013.png": 28.74004364013672,
   "00022.png": 28.896867752075195,
   "00011.png": 30.746402740478516,
   "00009.png": 27.23900032043457,
   "00027.png": 28.581527709960938,
   "00016.png": 28.565513610839844,
   "00003.png": 26.281984329223633,
   "00000.png": 26.932096481323242,
   "00017.png": 26.81373405456543,
   "00006.png": 29.407711029052734,
   "00010.png": 28.553302764892578,
   "00025.png": 32.24321746826172,
   "00015.png": 29.169862747192383,
   "00024.png": 31.35547637939453,
   "00026.png": 31.677082061767578
  },
  "LPIPS": {
   "00014.png": 0.24959015846252441,
   "00020.png": 0.2017252892255783,
   "00018.png": 0.20052556693553925,
   "00019.png": 0.19567430019378662,
   "00001.png": 0.19450025260448456,
   "00029.png": 0.27002251148223877,
   "00028.png": 0.1992952674627304,
   "00004.png": 0.1949051320552826,
   "00002.png": 0.17940202355384827,
   "00008.png": 0.30316537618637085,
   "00007.png": 0.1624135971069336,
   "00023.png": 0.182649627327919,
   "00012.png": 0.17997562885284424,
   "00021.png": 0.2378755807876587,
   "00005.png": 0.25561991333961487,
   "00013.png": 0.17377910017967224,
   "00022.png": 0.19736738502979279,
   "00011.png": 0.2801092863082886,
   "00009.png": 0.18280263245105743,
   "00027.png": 0.1778247356414795,
   "00016.png": 0.16847842931747437,
   "00003.png": 0.26400992274284363,
   "00000.png": 0.2555605471134186,
   "00017.png": 0.234440878033638,
   "00006.png": 0.20773738622665405,
   "00010.png": 0.18187038600444794,
   "00025.png": 0.16722512245178223,
   "00015.png": 0.21730433404445648,
   "00024.png": 0.2177366316318512,
   "00026.png": 0.1783849596977234
  }
 }
}