{
 "ours_30000": {
  "SSIM": 0.910170316696167,
  "PSNR": 29.791240692138672,
  "LPIPS": 0.19558851420879364
 },
 "ours_7000": {
  "SSIM": 0.9025899171829224,
  "PSNR": 28.942115783691406,
  "LPIPS": 0.2103990763425827
 }
}