{
 "ours_30000": {
  "SSIM": {
   "00014.png": 0.9422546625137329,
   "00030.png": 0.8859550952911377,
   "00020.png": 0.9319859147071838,
   "00018.png": 0.9209099411964417,
   "00019.png": 0.9404968023300171,
   "00001.png": 0.9029254913330078,
   "00029.png": 0.9217268824577332,
   "00028.png": 0.921146810054779,
   "00004.png": 0.9506797790527344,
   "00002.png": 0.9011502265930176,
   "00008.png": 0.9337044358253479,
   "00007.png": 0.9626274108886719,
   "00023.png": 0.9033088088035583,
   "00012.png": 0.943996787071228,
   "00021.png": 0.8658270835876465,
   "00005.png": 0.9380622506141663,
   "00013.png": 0.9289985299110413,
   "00022.png": 0.9319081902503967,
   "00011.png": 0.9454495906829834,
   "00032.png": 0.9327762722969055,
   "00009.png": 0.9462190270423889,
   "00033.png": 0.9342917799949646,
   "00027.png": 0.908557653427124,
   "00016.png": 0.9238152503967285,
   "00003.png": 0.9292001128196716,
   "00000.png": 0.9026098251342773,
   "00035.png": 0.9585378766059875,
   "00031.png": 0.8490251898765564,
   "00017.png": 0.9488226771354675,
   "00006.png": 0.9190390706062317,
   "00010.png": 0.933140218257904,
   "00034.png": 0.9368414878845215,
   "00025.png": 0.9246509671211243,
   "00015.png": 0.8866405487060547,
   "00024.png": 0.9213786125183105,
   "00036.png": 0.8655986785888672,
   "00026.png": 0.9344033598899841,
   "00038.png": 0.8938531875610352,
   "00037.png": 0.9389153122901917
  },
  "PSNR": {
   "00014.png": 32.03690719604492,
   "00030.png": 31.87466812133789,
   "00020.png": 32.349021911621094,
   "00018.png": 33.603885650634766,
   "00019.png": 31.622732162475586,
   "00001.png": 33.698333740234375,
   "00029.png": 30.147045135498047,
   "00028.png": 31.76511573791504,
   "00004.png": 34.53458023071289,
   "00002.png": 34.4643440246582,
   "00008.png": 32.13648223876953,
   "00007.png": 35.530029296875,
   "00023.png": 28.954238891601562,
   "00012.png": 36.052886962890625,
   "00021.png": 30.90441131591797,
   "00005.png": 32.482154846191406,
   "00013.png": 33.39903259277344,
   "00022.png": 34.61882781982422,
   "00011.png": 36.88126754760742,
   "00032.png": 30.951080322265625,
   "00009.png": 35.25525665283203,
   "00033.png": 32.65481948852539,
   "00027.png": 31.805646896362305,
   "00016.png": 33.191123962402344,
   "00003.png": 35.637332916259766,
   "00000.png": 32.41032409667969,
   "00035.png": 30.91696548461914,
   "00031.png": 32.70072937011719,
   "00017.png": 35.163612365722656,
   "00006.png": 33.61982727050781,
   "00010.png": 33.99896240234375,
   "00034.png": 26.09691619873047,
   "00025.png": 32.64299011230469,
   "00015.png": 33.57304382324219,
   "00024.png": 32.419097900390625,
   "00036.png": 22.43455696105957,
   "00026.png": 30.908031463623047,
   "00038.png": 31.97140884399414,
   "00037.png": 35.756202697753906
  },
  "LPIPS": {
   "00014.png": 0.16569146513938904,
   "00030.png": 0.2974313497543335,
   "00020.png": 0.1699250340461731,
   "00018.png": 0.242806077003479,
   "00019.png": 0.1644691526889801,
   "00001.png": 0.1903768628835678,
   "00029.png": 0.22903569042682648,
   "00028.png": 0.21646666526794434,
   "00004.png": 0.18495327234268188,
   "00002.png": 0.20118090510368347,
   "00008.png": 0.18710482120513916,
   "00007.png": 0.1525956243276596,
   "00023.png": 0.18757657706737518,
   "00012.png": 0.16903308033943176,
   "00021.png": 0.3088081479072571,
   "00005.png": 0.178135484457016,
   "00013.png": 0.18223057687282562,
   "00022.png": 0.15040218830108643,
   "00011.png": 0.16944128274917603,
   "00032.png": 0.18459537625312805,
   "00009.png": 0.16563937067985535,
   "00033.png": 0.2132485955953598,
   "00027.png": 0.24967259168624878,
   "00016.png": 0.20393499732017517,
   "00003.png": 0.1856136918067932,
   "00000.png": 0.1936066746711731,
   "00035.png": 0.24426977336406708,
   "00031.png": 0.30480343103408813,
   "00017.png": 0.15958532691001892,
   "00006.png": 0.19572947919368744,
   "00010.png": 0.18381816148757935,
   "00034.png": 0.28730520606040955,
   "00025.png": 0.21441547572612762,
   "00015.png": 0.23970776796340942,
   "00024.png": 0.24559077620506287,
   "00036.png": 0.37177950143814087,
   "00026.png": 0.18315204977989197,
   "00038.png": 0.29210272431373596,
   "00037.png": 0.2624043822288513
  }
 },
 "ours_7000": {
  "SSIM": {
   "00014.png": 0.9372984170913696,
   "00030.png": 0.8859959244728088,
   "00020.png": 0.9196738600730896,
   "00018.png": 0.9180565476417542,
   "00019.png": 0.9338976740837097,
   "00001.png": 0.8873686194419861,
   "00029.png": 0.9145678877830505,
   "00028.png": 0.9077190160751343,
   "00004.png": 0.947931706905365,
   "00002.png": 0.8822652101516724,
   "00008.png": 0.9247270822525024,
   "00007.png": 0.9568544626235962,
   "00023.png": 0.8869978785514832,
   "00012.png": 0.9387754797935486,
   "00021.png": 0.8712062835693359,
   "00005.png": 0.9259446859359741,
   "00013.png": 0.9143532514572144,
   "00022.png": 0.9202195405960083,
   "00011.png": 0.9366867542266846,
   "00032.png": 0.9292815923690796,
   "00009.png": 0.942009687423706,
   "00033.png": 0.92498379945755,
   "00027.png": 0.9073853492736816,
   "00016.png": 0.914871335029602,
   "00003.png": 0.9162666201591492,
   "00000.png": 0.8764695525169373,
   "00035.png": 0.9570372104644775,
   "00031.png": 0.8332574963569641,
   "00017.png": 0.9449381828308105,
   "00006.png": 0.9071054458618164,
   "00010.png": 0.9218053817749023,
   "00034.png": 0.9413294792175293,
   "00025.png": 0.9224046468734741,
   "00015.png": 0.8649853467941284,
   "00024.png": 0.9180513024330139,
   "00036.png": 0.8728741407394409,
   "00026.png": 0.936637282371521,
   "00038.png": 0.8887215852737427,
   "00037.png": 0.9388308525085449
  },
  "PSNR": {
   "00014.png": 31.195396423339844,
   "00030.png": 31.01556968688965,
   "00020.png": 31.17873191833496,
   "00018.png": 32.53216552734375,
   "00019.png": 30.196659088134766,
   "00001.png": 33.29185485839844,
   "00029.png": 29.221649169921875,
   "00028.png": 30.269981384277344,
   "00004.png": 33.78235626220703,
   "00002.png": 33.236995697021484,
   "00008.png": 31.036056518554688,
   "00007.png": 34.32298278808594,
   "00023.png": 27.41619110107422,
   "00012.png": 34.84760665893555,
   "00021.png": 30.61022186279297,
   "00005.png": 30.413179397583008,
   "00013.png": 32.19804000854492,
   "00022.png": 33.543373107910156,
   "00011.png": 35.67591094970703,
   "00032.png": 29.72646713256836,
   "00009.png": 33.99774932861328,
   "00033.png": 30.817270278930664,
   "00027.png": 31.563274383544922,
   "00016.png": 31.87389373779297,
   "00003.png": 35.03838348388672,
   "00000.png": 30.146381378173828,
   "00035.png": 28.656105041503906,
   "00031.png": 32.17257308959961,
   "00017.png": 34.59315490722656,
   "00006.png": 32.99049758911133,
   "00010.png": 33.650291442871094,
   "00034.png": 24.5245361328125,
   "00025.png": 31.99091911315918,
   "00015.png": 32.116050720214844,
   "00024.png": 31.277591705322266,
   "00036.png": 23.398828506469727,
   "00026.png": 31.54914665222168,
   "00038.png": 30.783531188964844,
   "00037.png": 34.56000900268555
  },
  "LPIPS": {
   "00014.png": 0.17187467217445374,
   "00030.png": 0.3150979280471802,
   "00020.png": 0.19702748954296112,
   "00018.png": 0.2560421824455261,
   "00019.png": 0.18281716108322144,
   "00001.png": 0.2179735153913498,
   "00029.png": 0.24730457365512848,
   "00028.png": 0.2460390329360962,
   "00004.png": 0.1944171041250229,
   "00002.png": 0.2337283045053482,
   "00008.png": 0.2033488005399704,
   "00007.png": 0.16746456921100616,
   "00023.png": 0.21809321641921997,
   "00012.png": 0.18157275021076202,
   "00021.png": 0.31199103593826294,
   "00005.png": 0.19942747056484222,
   "00013.png": 0.20658472180366516,
   "00022.png": 0.18004854023456573,
   "00011.png": 0.1901727169752121,
   "00032.png": 0.19058889150619507,
   "00009.png": 0.17965911328792572,
   "00033.png": 0.23252750933170319,
   "00027.png": 0.2689509391784668,
   "00016.png": 0.22420985996723175,