{
 "ours_30000": {
  "SSIM": 0.9220880270004272,
  "PSNR": 32.59394454956055,
  "LPIPS": 0.21355484426021576
 },
 "ours_7000": {
  "SSIM": 0.914609968662262,
  "PSNR": 31.57465362548828,
  "LPIPS": 0.232046440243721
 }
}