{
 "ours_30000": {
  "SSIM": {
   "00014.png": 0.8879659175872803,
   "00020.png": 0.9185831546783447,
   "00018.png": 0.9091145396232605,
   "00019.png": 0.9161005020141602,
   "00001.png": 0.9108189344406128,
   "00029.png": 0.8529702425003052,
   "00028.png": 0.915876567363739,
   "00004.png": 0.9410435557365417,
   "00002.png": 0.9124647974967957,
   "00008.png": 0.9040199518203735,
   "00007.png": 0.9254394173622131,
   "00023.png": 0.9363627433776855,
   "00012.png": 0.9008824229240417,
   "00021.png": 0.9069629311561584,
   "00005.png": 0.9024474024772644,
   "00013.png": 0.9194300770759583,
   "00022.png": 0.9177080988883972,
   "00011.png": 0.9170296788215637,
   "00009.png": 0.9018367528915405,
   "00027.png": 0.9218893051147461,
   "00016.png": 0.9288586974143982,
   "00003.png": 0.8470425605773926,
   "00000.png": 0.8826581835746765,
   "00017.png": 0.9077490568161011,
   "00006.png": 0.9018301963806152,
   "00010.png": 0.9083426594734192,
   "00025.png": 0.9384849071502686,
   "00015.png": 0.9151255488395691,
   "00024.png": 0.9232074022293091,
   "00026.png": 0.9375889897346497
  },
  "PSNR": {
   "00014.png": 26.582548141479492,
   "00020.png": 31.33948516845703,
   "00018.png": 29.83523941040039,
   "00019.png": 28.943923950195312,
   "00001.png": 30.42072296142578,
   "00029.png": 25.407135009765625,
   "00028.png": 29.749347686767578,
   "00004.png": 32.65130615234375,
   "00002.png": 29.82620620727539,
   "00008.png": 31.045360565185547,
   "00007.png": 31.62215805053711,
   "00023.png": 32.095096588134766,
   "00012.png": 27.08502960205078,
   "00021.png": 30.09777069091797,
   "00005.png": 29.36272621154785,
   "00013.png": 29.67942237854004,
   "00022.png": 29.921253204345703,
   "00011.png": 30.834575653076172,
   "00009.png": 28.143537521362305,
   "00027.png": 29.3862247467041,
   "00016.png": 29.499584197998047,
   "00003.png": 26.56909942626953,
   "00000.png": 28.601051330566406,
   "00017.png": 28.858016967773438,
   "00006.png": 30.08124542236328,
   "00010.png": 29.366207122802734,
   "00025.png": 33.39344787597656,
   "00015.png": 29.773025512695312,
   "00024.png": 32.127689361572266,
   "00026.png": 33.02613830566406
  },
  "LPIPS": {
   "00014.png": 0.23198114335536957,
   "00020.png": 0.18377026915550232,
   "00018.png": 0.1838221400976181,
   "00019.png": 0.17686745524406433,
   "00001.png": 0.167134627699852,
   "00029.png": 0.26250123977661133,
   "00028.png": 0.1847582906484604,
   "00004.png": 0.176446795463562,
   "00002.png": 0.16485601663589478,
   "00008.png": 0.2826922833919525,
   "00007.png": 0.14235971868038177,
   "00023.png": 0.16491980850696564,
   "00012.png": 0.16682212054729462,
   "00021.png": 0.2242026925086975,
   "00005.png": 0.24892204999923706,
   "00013.png": 0.1582126021385193,
   "00022.png": 0.1835833042860031,
   "00011.png": 0.27282238006591797,
   "00009.png": 0.16503404080867767,
   "00027.png": 0.15856587886810303,
   "00016.png": 0.1496002972126007,
   "00003.png": 0.2578520178794861,
   "00000.png": 0.2295783907175064,
   "00017.png": 0.2203277349472046,
   "00006.png": 0.19313283264636993,
   "00010.png": 0.16579917073249817,
   "00025.png": 0.15772207081317902,
   "00015.png": 0.20322267711162567,
   "00024.png": 0.20314569771289825,
   "00026.png": 0.16380202770233154
  }
 },
 "ours_7000": {
  "SSIM": {
   "00014.png": 0.8789363503456116,
   "00020.png": 0.9117776155471802,
   "00018.png": 0.8995619416236877,
   "00019.png": 0.9043422341346741,
   "00001.png": 0.9005926251411438,
   "00029.png": 0.8574315309524536,
   "00028.png": 0.9075614809989929,
   "00004.png": 0.9344358444213867,
   "00002.png": 0.9067889451980591,
   "00008.png": 0.8890926837921143,
   "00007.png": 0.9156513810157776,
   "00023.png": 0.9288420081138611,
   "00012.png": 0.8943716287612915,
   "00021.png": 0.9010100364685059,
   "00005.png": 0.9062926173210144,
   "00013.png": 0.9093151092529297,
   "00022.png": 0.9100373387336731,
   "00011.png": 0.9143211841583252,
   "00009.png": 0.8906318545341492,
   "00027.png": 0.9136808514595032,
   "00016.png": 0.9179786443710327,
   "00003.png": 0.8480808138847351,
   "00000.png": 0.8668345808982849,
   "00017.png": 0.9015158414840698,
   "00006.png": 0.8964045643806458,
   "00010.png": 0.8989906907081604,
   "00025.png": 0.933476984500885,
   "00015.png": 0.907692015171051,
   "00024.png": 0.9181191921234131,
   "00026.png": 0.9313361644744873
  },
  "PSNR": {
   "00014.png": 25.880842208862305,
   "00020.png": 30.6138916015625,
   "00018.png": 28.898731231689453,
   "00019.png": 27.45346450805664,
   "00001.png": 29.64637565612793,
   "00029.png": 25.565567016601562,
   "00028.png": 27.926776885986328,
   "00004.png": 31.549087524414062,
   "00002.png": 29.304916381835938,
   "00008.png": 29.45787239074707,
   "00007.png": 30.266094207763672,
   "00023.png": 30.953960418701172,
   "00012.png": 26.40483856201172,
   "00021.png": 29.391742706298828,
   "00005.png": 29.37523651123047,
   "00013.png": 29.003612518310547,
   "00022.png": 29.168977737426758,
   "00011.png": 30.631256103515625,
   "00009.png": 27.583406448364258,
   "00027.png": 28.645450592041016,
   "00016.png": 28.550201416015625,
   "00003.png": 26.310300827026367,
   "00000.png": 27.06199836730957,
   "00017.png": 27.046764373779297,
   "00006.png": 29.39203643798828,
   "00010.png": 28.460674285888672,
   "00025.png": 32.34615707397461,
   "00015.png": 29.27523422241211,
   "00024.png": 31.469322204589844,
   "00026.png": 31.838577270507812
  },
  "LPIPS": {
   "00014.png": 0.24648350477218628,
   "00020.png": 0.198774516582489,
   "00018.png": 0.19872954487800598,
   "00019.png": 0.19358240067958832,
   "00001.png": 0.18554584681987762,
   "00029.png": 0.2678931951522827,
   "00028.png": 0.19827763736248016,
   "00004.png": 0.1943730115890503,
   "00002.png": 0.17764727771282196,
   "00008.png": 0.3077647089958191,
   "00007.png": 0.16015183925628662,
   "00023.png": 0.18119099736213684,
   "00012.png": 0.17840301990509033,
   "00021.png": 0.23555302619934082,
   "00005.png": 0.2543014883995056,
   "00013.png": 0.17231373488903046,
   "00022.png": 0.19721782207489014,
   "00011.png": 0.2793233394622803,
   "00009.png": 0.18474677205085754,
   "00027.png": 0.17434625327587128,
   "00016.png": 0.1654028296470642,
   "00003.png": 0.2645062208175659,
   "00000.png": 0.25218409299850464,
   "00017.png": 0.23315510153770447,
   "00006.png": 0.20587030053138733,
   "00010.png": 0.1791791319847107,
   "00025.png": 0.16426073014736176,
   "00015.png": 0.2154545783996582,
   "00024.png": 0.21641317009925842,
   "00026.png": 0.17582467198371887
  }
 }
}