{
 "ours_30000": {
  "SSIM": 0.9103279113769531,
  "PSNR": 29.844148635864258,
  "LPIPS": 0.1948152482509613
 },
 "ours_7000": {
  "SSIM": 0.9031701683998108,
  "PSNR": 28.982446670532227,
  "LPIPS": 0.2086290419101715
 }
}