{
 "ours_30000": {
  "SSIM": {
   "00014.png": 0.9424763321876526,
   "00030.png": 0.9404141306877136,
   "00020.png": 0.9416978359222412,
   "00018.png": 0.916401743888855,
   "00019.png": 0.9412757158279419,
   "00001.png": 0.9322150945663452,
   "00029.png": 0.9233927130699158,
   "00028.png": 0.9533343315124512,
   "00004.png": 0.9421622157096863,
   "00002.png": 0.9462118744850159,
   "00008.png": 0.9163390398025513,
   "00007.png": 0.9420528411865234,
   "00023.png": 0.9412897229194641,
   "00012.png": 0.9397663474082947,
   "00021.png": 0.9385094046592712,
   "00005.png": 0.9349419474601746,
   "00013.png": 0.9543254971504211,
   "00022.png": 0.9471102356910706,
   "00011.png": 0.9045233130455017,
   "00032.png": 0.9564158916473389,
   "00009.png": 0.9275200366973877,
   "00033.png": 0.9230409860610962,
   "00027.png": 0.7603816986083984,
   "00016.png": 0.943052351474762,
   "00003.png": 0.9505552053451538,
   "00000.png": 0.9071623682975769,
   "00031.png": 0.9408885836601257,
   "00017.png": 0.9371501207351685,
   "00006.png": 0.831076979637146,
   "00010.png": 0.9528504014015198,
   "00034.png": 0.7526563405990601,
   "00025.png": 0.9459228515625,
   "00015.png": 0.9481140375137329,
   "00024.png": 0.9489437341690063,
   "00026.png": 0.9443113803863525
  },
  "PSNR": {
   "00014.png": 30.985815048217773,
   "00030.png": 32.71335220336914,
   "00020.png": 33.26299285888672,
   "00018.png": 30.115890502929688,
   "00019.png": 31.782821655273438,
   "00001.png": 27.79180145263672,
   "00029.png": 32.1075439453125,
   "00028.png": 33.65055465698242,
   "00004.png": 29.884437561035156,
   "00002.png": 29.344768524169922,
   "00008.png": 30.320781707763672,
   "00007.png": 28.044130325317383,
   "00023.png": 33.545833587646484,
   "00012.png": 30.525758743286133,
   "00021.png": 33.228641510009766,
   "00005.png": 29.157087326049805,
   "00013.png": 33.493568420410156,
   "00022.png": 33.68955993652344,
   "00011.png": 31.3156795501709,
   "00032.png": 34.551231384277344,
   "00009.png": 31.11937713623047,
   "00033.png": 30.87090492248535,
   "00027.png": 27.32239532470703,
   "00016.png": 32.3172607421875,
   "00003.png": 30.304710388183594,
   "00000.png": 26.67135238647461,
   "00031.png": 31.9281005859375,
   "00017.png": 33.431114196777344,
   "00006.png": 27.825111389160156,
   "00010.png": 33.11532211303711,
   "00034.png": 27.782299041748047,
   "00025.png": 32.46966552734375,
   "00015.png": 31.519458770751953,
   "00024.png": 32.199520111083984,
   "00026.png": 32.72471618652344
  },
  "LPIPS": {
   "00014.png": 0.10066017508506775,
   "00030.png": 0.12203364074230194,
   "00020.png": 0.10059218108654022,
   "00018.png": 0.1258687824010849,
   "00019.png": 0.11193978786468506,
   "00001.png": 0.10986806452274323,
   "00029.png": 0.12787097692489624,
   "00028.png": 0.07208630442619324,
   "00004.png": 0.09773793816566467,
   "00002.png": 0.09973771870136261,
   "00008.png": 0.14939528703689575,
   "00007.png": 0.08942215889692307,
   "00023.png": 0.1308082640171051,
   "00012.png": 0.11330924928188324,
   "00021.png": 0.11746244132518768,
   "00005.png": 0.11427311599254608,
   "00013.png": 0.12437404692173004,
   "00022.png": 0.09800280630588531,
   "00011.png": 0.15131354331970215,
   "00032.png": 0.12556181848049164,
   "00009.png": 0.13733260333538055,
   "00033.png": 0.16521362960338593,
   "00027.png": 0.27777159214019775,
   "00016.png": 0.10291467607021332,
   "00003.png": 0.08557914197444916,
   "00000.png": 0.1373307704925537,
   "00031.png": 0.14273890852928162,
   "00017.png": 0.126638725399971,
   "00006.png": 0.22381427884101868,
   "00010.png": 0.1250789314508438,
   "00034.png": 0.2930535674095154,
   "00025.png": 0.08598267287015915,
   "00015.png": 0.11430604755878448,
   "00024.png": 0.09209764003753662,
   "00026.png": 0.1057187169790268
  }
 },
 "ours_7000": {
  "SSIM": {
   "00014.png": 0.9144310355186462,
   "00030.png": 0.915367841720581,
   "00020.png": 0.9128292798995972,
   "00018.png": 0.8859646916389465,
   "00019.png": 0.9140051007270813,
   "00001.png": 0.8964030146598816,
   "00029.png": 0.9112755060195923,
   "00028.png": 0.9191113710403442,
   "00004.png": 0.918575644493103,
   "00002.png": 0.9233928918838501,
   "00008.png": 0.8914285898208618,
   "00007.png": 0.9218489527702332,
   "00023.png": 0.9181099534034729,
   "00012.png": 0.8950191736221313,
   "00021.png": 0.8983702659606934,
   "00005.png": 0.9166054129600525,
   "00013.png": 0.9367533326148987,
   "00022.png": 0.9244165420532227,
   "00011.png": 0.9097459316253662,
   "00032.png": 0.9416508674621582,
   "00009.png": 0.9025749564170837,
   "00033.png": 0.9156455993652344,
   "00027.png": 0.7772994041442871,
   "00016.png": 0.9219640493392944,
   "00003.png": 0.9241749048233032,
   "00000.png": 0.8706009387969971,
   "00031.png": 0.9217667579650879,
   "00017.png": 0.9143868684768677,
   "00006.png": 0.8062996864318848,
   "00010.png": 0.9346405863761902,
   "00034.png": 0.760391354560852,
   "00025.png": 0.9136315584182739,
   "00015.png": 0.9223096966743469,
   "00024.png": 0.9064295291900635,
   "00026.png": 0.9289175271987915
  },
  "PSNR": {
   "00014.png": 28.136219024658203,
   "00030.png": 30.72411346435547,
   "00020.png": 31.25668716430664,
   "00018.png": 28.366363525390625,
   "00019.png": 28.679420471191406,
   "00001.png": 24.586896896362305,
   "00029.png": 29.514780044555664,
   "00028.png": 29.436758041381836,
   "00004.png": 26.50446319580078,
   "00002.png": 27.359649658203125,
   "00008.png": 27.757665634155273,
   "00007.png": 26.726787567138672,
   "00023.png": 31.74964714050293,
   "00012.png": 27.46415901184082,
   "00021.png": 29.565202713012695,
   "00005.png": 26.46967124938965,
   "00013.png": 30.823787689208984,
   "00022.png": 32.18393325805664,
   "00011.png": 28.715648651123047,
   "00032.png": 33.072994232177734,
   "00009.png": 29.55398941040039,
   "00033.png": 29.686756134033203,
   "00027.png": 27.266845703125,
   "00016.png": 29.923824310302734,
   "00003.png": 27.93710708618164,
   "00000.png": 24.139923095703125,
   "00031.png": 30.254297256469727,
   "00017.png": 29.181974411010742,
   "00006.png": 27.308263778686523,
   "00010.png": 30.04152488708496,
   "00034.png": 27.198274612426758,
   "00025.png": 29.382761001586914,
   "00015.png": 28.63249969482422,
   "00024.png": 28.780166625976562,
   "00026.png": 31.436185836791992
  },
  "LPIPS": {
   "00014.png": 0.1411767601966858,
   "00030.png": 0.15568363666534424,
   "00020.png": 0.1345875859260559,
   "00018.png": 0.17406180500984192,
   "00019.png": 0.1469074785709381,
   "00001.png": 0.16019201278686523,
   "00029.png": 0.15037819743156433,
   "00028.png": 0.11492463201284409,
   "00004.png": 0.13689249753952026,
   "00002.png": 0.12509700655937195,
   "00008.png": 0.1781727373600006,
   "00007.png": 0.11676206439733505,
   "00023.png": 0.15195390582084656,
   "00012.png": 0.16185064613819122,
   "00021.png": 0.17159503698349,
   "00005.png": 0.1492443084716797,
   "00013.png": 0.15192550420761108,
   "00022.png": 0.13111071288585663,
   "00011.png": 0.16175055503845215,
   "00032.png": 0.15801550447940826,
   "00009.png": 0.16816028952598572,
   "00033.png": 0.17836517095565796,
   "00027.png": 0.27877968549728394,
   "00016.png": 0.14057599008083344,
   "00003.png": 0.12528352439403534,
   "00000.png": 0.19200877845287323,
   "00031.png": 0.174149751663208,
   "00017.png": 0.15995363891124725,
   "00006.png": 0.2413816601037979,
   "00010.png": 0.14659178256988525,
   "00034.png": 0.30371570587158203,
   "00025.png": 0.13017326593399048,
   "00015.png": 0.16196714341640472,
   "00024.png": 0.1431598663330078,
   "00026.png": 0.13231977820396423
  }
 }
}