{
 "ours_30000": {
  "SSIM": 0.9248138666152954,
  "PSNR": 31.174673080444336,
  "LPIPS": 0.12851116061210632
 },
 "ours_7000": {
  "SSIM": 0.9024667739868164,
  "PSNR": 28.851980209350586,
  "LPIPS": 0.16139626502990723
 }
}