{
 "ours_30000": {
  "SSIM": {
   "00014.png": 0.9351356029510498,
   "00030.png": 0.8878821730613708,
   "00020.png": 0.924177348613739,
   "00018.png": 0.9211576581001282,
   "00019.png": 0.930191159248352,
   "00001.png": 0.8967985510826111,
   "00029.png": 0.9034848213195801,
   "00028.png": 0.8981204032897949,
   "00004.png": 0.9443319439888,
   "00002.png": 0.8908145427703857,
   "00008.png": 0.92408287525177,
   "00007.png": 0.9520286321640015,
   "00023.png": 0.8877865076065063,
   "00012.png": 0.9392300248146057,
   "00021.png": 0.8704355359077454,
   "00005.png": 0.9206404685974121,
   "00013.png": 0.9010481238365173,
   "00022.png": 0.9254058599472046,
   "00011.png": 0.9395259022712708,
   "00032.png": 0.9258759021759033,
   "00009.png": 0.9449898600578308,
   "00033.png": 0.9147694706916809,
   "00027.png": 0.9067506790161133,
   "00016.png": 0.9125730395317078,
   "00003.png": 0.9268391728401184,
   "00000.png": 0.8735269904136658,
   "00035.png": 0.9421766996383667,
   "00031.png": 0.8502569198608398,
   "00017.png": 0.9416955709457397,
   "00006.png": 0.9153037667274475,
   "00010.png": 0.9271135926246643,
   "00034.png": 0.9373500943183899,
   "00025.png": 0.9216471910476685,
   "00015.png": 0.8704922795295715,
   "00024.png": 0.919716477394104,
   "00036.png": 0.8670621514320374,
   "00026.png": 0.929386556148529,
   "00038.png": 0.8906605839729309,
   "00037.png": 0.9292330145835876
  },
  "PSNR": {
   "00014.png": 29.91769027709961,
   "00030.png": 30.93242645263672,
   "00020.png": 30.91021728515625,
   "00018.png": 32.300289154052734,
   "00019.png": 29.730316162109375,
   "00001.png": 33.229698181152344,
   "00029.png": 27.950735092163086,
   "00028.png": 29.401390075683594,
   "00004.png": 32.9753532409668,
   "00002.png": 33.39821243286133,
   "00008.png": 30.85748291015625,
   "00007.png": 33.218109130859375,
   "00023.png": 27.46489715576172,
   "00012.png": 34.307769775390625,
   "00021.png": 30.311002731323242,
   "00005.png": 29.483078002929688,
   "00013.png": 29.617300033569336,
   "00022.png": 33.33360290527344,
   "00011.png": 35.06013488769531,
   "00032.png": 29.4743709564209,
   "00009.png": 34.07345962524414,
   "00033.png": 29.735383987426758,
   "00027.png": 31.648578643798828,
   "00016.png": 31.258636474609375,
   "00003.png": 34.64305877685547,
   "00000.png": 29.545093536376953,
   "00035.png": 25.507457733154297,
   "00031.png": 31.87299919128418,
   "00017.png": 34.253562927246094,
   "00006.png": 32.997840881347656,
   "00010.png": 33.42219543457031,
   "00034.png": 23.623449325561523,
   "00025.png": 31.708364486694336,
   "00015.png": 31.77151107788086,
   "00024.png": 30.632930755615234,
   "00036.png": 23.214263916015625,
   "00026.png": 29.721040725708008,
   "00038.png": 31.314756393432617,
   "00037.png": 33.42539596557617
  },
  "LPIPS": {
   "00014.png": 0.1756279319524765,
   "00030.png": 0.3087274730205536,
   "00020.png": 0.18513180315494537,
   "00018.png": 0.25447720289230347,
   "00019.png": 0.18328511714935303,
   "00001.png": 0.2030455768108368,
   "00029.png": 0.26257383823394775,
   "00028.png": 0.25523215532302856,
   "00004.png": 0.19632044434547424,
   "00002.png": 0.21932682394981384,
   "00008.png": 0.1979992836713791,
   "00007.png": 0.16803257167339325,
   "00023.png": 0.21243998408317566,
   "00012.png": 0.17454150319099426,
   "00021.png": 0.3104574680328369,
   "00005.png": 0.1947895586490631,
   "00013.png": 0.2069631963968277,
   "00022.png": 0.1682346910238266,
   "00011.png": 0.18005090951919556,
   "00032.png": 0.1928480863571167,
   "00009.png": 0.1683884561061859,
   "00033.png": 0.23275065422058105,
   "00027.png": 0.26487621665000916,
   "00016.png": 0.22276414930820465,
   "00003.png": 0.19437822699546814,
   "00000.png": 0.2202955186367035,
   "00035.png": 0.2759641408920288,
   "00031.png": 0.302656352519989,
   "00017.png": 0.1679237186908722,
   "00006.png": 0.2068287879228592,
   "00010.png": 0.19414936006069183,
   "00034.png": 0.293287068605423,
   "00025.png": 0.22943836450576782,
   "00015.png": 0.2588557302951813,
   "00024.png": 0.2532840371131897,
   "00036.png": 0.38140547275543213,
   "00026.png": 0.20261095464229584,
   "00038.png": 0.3135777711868286,
   "00037.png": 0.27398377656936646
  }
 },
 "ours_7000": {
  "SSIM": {
   "00014.png": 0.905315101146698,
   "00030.png": 0.8811757564544678,
   "00020.png": 0.8732873201370239,
   "00018.png": 0.8980249166488647,
   "00019.png": 0.8977485299110413,
   "00001.png": 0.8394923210144043,
   "00029.png": 0.819614052772522,
   "00028.png": 0.835491418838501,
   "00004.png": 0.9293397665023804,
   "00002.png": 0.8161705136299133,
   "00008.png": 0.8923929333686829,
   "00007.png": 0.9285258054733276,
   "00023.png": 0.8218654990196228,
   "00012.png": 0.919724702835083,
   "00021.png": 0.8773455023765564,
   "00005.png": 0.8795698881149292,
   "00013.png": 0.8486826419830322,
   "00022.png": 0.8687206506729126,
   "00011.png": 0.9038378596305847,
   "00032.png": 0.8927183151245117,
   "00009.png": 0.9199455380439758,
   "00033.png": 0.8879335522651672,
   "00027.png": 0.8848516345024109,
   "00016.png": 0.8674024343490601,
   "00003.png": 0.873992919921875,
   "00000.png": 0.8180587887763977,
   "00035.png": 0.9126962423324585,
   "00031.png": 0.7988017201423645,
   "00017.png": 0.9224391579627991,
   "00006.png": 0.8512765169143677,
   "00010.png": 0.8764461874961853,
   "00034.png": 0.891108512878418,
   "00025.png": 0.9060394763946533,
   "00015.png": 0.8125025629997253,
   "00024.png": 0.8873350024223328,
   "00036.png": 0.8567919135093689,
   "00026.png": 0.9000676274299622,
   "00038.png": 0.8751394748687744,
   "00037.png": 0.9186679720878601
  },
  "PSNR": {
   "00014.png": 27.011899948120117,
   "00030.png": 29.64496421813965,
   "00020.png": 28.329923629760742,
   "00018.png": 29.850988388061523,
   "00019.png": 26.808311462402344,
   "00001.png": 30.46996307373047,
   "00029.png": 23.37854766845703,
   "00028.png": 25.021516799926758,
   "00004.png": 31.081029891967773,
   "00002.png": 29.254398345947266,
   "00008.png": 28.045358657836914,
   "00007.png": 31.161869049072266,
   "00023.png": 24.59896469116211,
   "00012.png": 31.690837860107422,
   "00021.png": 28.45524787902832,
   "00005.png": 26.420927047729492,
   "00013.png": 26.676956176757812,
   "00022.png": 29.40822410583496,
   "00011.png": 30.630491256713867,
   "00032.png": 26.104618072509766,
   "00009.png": 31.722965240478516,
   "00033.png": 26.16239356994629,
   "00027.png": 29.75,
   "00016.png": 28.650062561035156,
   "00003.png": 31.07377815246582,
   "00000.png": 27.23935890197754,
   "00035.png": 22.000717163085938,
   "00031.png": 30.56978416442871,
   "00017.png": 30.924222946166992,
   "00006.png": 30.511520385742188,
   "00010.png": 30.637065887451172,
   "00034.png": 17.54519271850586,
   "00025.png": 29.858665466308594,
   "00015.png": 29.615135192871094,
   "00024.png": 27.86296844482422,
   "00036.png": 22.56026268005371,
   "00026.png": 27.490894317626953,
   "00038.png": 29.49610710144043,
   "00037.png": 29.618806838989258
  },
  "LPIPS": {
   "00014.png": 0.21744728088378906,
   "00030.png": 0.3477579355239868,
   "00020.png": 0.2695006728172302,
   "00018.png": 0.2926080822944641,
   "00019.png": 0.24372485280036926,
   "00001.png": 0.2905850112438202,
   "00029.png": 0.36472639441490173,
   "00028.png": 0.34931930899620056,
   "00004.png": 0.22967737913131714,
   "00002.png": 0.3191564977169037,
   "00008.png": 0.24422460794448853,
   "00007.png": 0.2157329022884369,
   "00023.png": 0.3075662851333618,
   "00012.png": 0.2254640758037567,
   "00021.png": 0.32585176825523376,
   "00005.png": 0.25319260358810425,
   "00013.png": 0.2837650179862976,
   "00022.png": 0.25948411226272583,
   "00011.png": 0.24325084686279297,
   "00032.png": 0.2359035611152649,
   "00009.png": 0.2218783050775528,
   "00033.png": 0.29843881726264954,
   "00027.png": 0.32107114791870117,
   "00016.png": 0.2924942970275879,