{
 "ours_30000": {
  "SSIM": 0.9138383865356445,
  "PSNR": 30.980619430541992,
  "LPIPS": 0.22839805483818054
 },
 "ours_7000": {
  "SSIM": 0.8766804933547974,
  "PSNR": 28.136791229248047,
  "LPIPS": 0.2909112274646759
 }
}