{
 "ours_30000": {
  "SSIM": {
   "00014.png": 0.9536342024803162,
   "00030.png": 0.9604476094245911,
   "00020.png": 0.9491519927978516,
   "00018.png": 0.9419556260108948,
   "00019.png": 0.9422872066497803,
   "00001.png": 0.9290177226066589,
   "00029.png": 0.9530348777770996,
   "00028.png": 0.956718921661377,
   "00004.png": 0.9540644884109497,
   "00002.png": 0.9565584063529968,
   "00008.png": 0.9547128081321716,
   "00007.png": 0.9527902603149414,
   "00023.png": 0.9474202990531921,
   "00012.png": 0.9078742861747742,
   "00021.png": 0.9546396732330322,
   "00005.png": 0.9581612944602966,
   "00013.png": 0.9473663568496704,
   "00022.png": 0.9430928826332092,
   "00011.png": 0.9448910355567932,
   "00032.png": 0.9531325101852417,
   "00009.png": 0.9340734481811523,
   "00033.png": 0.9612072706222534,
   "00027.png": 0.9527532458305359,
   "00016.png": 0.9371371269226074,
   "00003.png": 0.9517656564712524,
   "00000.png": 0.9215989112854004,
   "00035.png": 0.9438801407814026,
   "00031.png": 0.9367030262947083,
   "00017.png": 0.9460229873657227,
   "00006.png": 0.9507810473442078,
   "00010.png": 0.9442644119262695,
   "00034.png": 0.9035735130310059,
   "00025.png": 0.9450117349624634,
   "00015.png": 0.926438570022583,
   "00024.png": 0.9440019726753235,
   "00036.png": 0.9422095417976379,
   "00026.png": 0.9503471851348877
  },
  "PSNR": {
   "00014.png": 35.020606994628906,
   "00030.png": 36.25773620605469,
   "00020.png": 35.84674072265625,
   "00018.png": 33.423973083496094,
   "00019.png": 33.749610900878906,
   "00001.png": 28.149030685424805,
   "00029.png": 35.35361099243164,
   "00028.png": 35.08830261230469,
   "00004.png": 35.273284912109375,
   "00002.png": 35.71345520019531,
   "00008.png": 34.53327941894531,
   "00007.png": 35.50480651855469,
   "00023.png": 34.87190628051758,
   "00012.png": 28.018402099609375,
   "00021.png": 35.99607849121094,
   "00005.png": 36.49860763549805,
   "00013.png": 32.19884490966797,
   "00022.png": 35.15034866333008,
   "00011.png": 30.808382034301758,
   "00032.png": 36.58831787109375,
   "00009.png": 26.366458892822266,
   "00033.png": 36.88108825683594,
   "00027.png": 35.711978912353516,
   "00016.png": 30.548828125,
   "00003.png": 33.55775451660156,
   "00000.png": 28.154775619506836,
   "00035.png": 33.21316146850586,
   "00031.png": 32.95794677734375,
   "00017.png": 34.38460922241211,
   "00006.png": 33.993839263916016,
   "00010.png": 32.83833312988281,
   "00034.png": 25.20576286315918,
   "00025.png": 32.908809661865234,
   "00015.png": 28.72503089904785,
   "00024.png": 34.72065353393555,
   "00036.png": 32.53495788574219,
   "00026.png": 36.451377868652344
  },
  "LPIPS": {
   "00014.png": 0.13042104244232178,
   "00030.png": 0.22089706361293793,
   "00020.png": 0.22828960418701172,
   "00018.png": 0.18716299533843994,
   "00019.png": 0.21578799188137054,
   "00001.png": 0.17329531908035278,
   "00029.png": 0.2333223670721054,
   "00028.png": 0.2316233366727829,
   "00004.png": 0.15363338589668274,
   "00002.png": 0.14997193217277527,
   "00008.png": 0.15232223272323608,
   "00007.png": 0.15728963911533356,
   "00023.png": 0.2125454992055893,
   "00012.png": 0.2117413729429245,
   "00021.png": 0.2049868106842041,
   "00005.png": 0.14980362355709076,
   "00013.png": 0.13620534539222717,
   "00022.png": 0.23089134693145752,
   "00011.png": 0.16214698553085327,
   "00032.png": 0.2037283182144165,
   "00009.png": 0.16161084175109863,
   "00033.png": 0.17446723580360413,
   "00027.png": 0.24201427400112152,
   "00016.png": 0.17545071244239807,
   "00003.png": 0.1741848886013031,
   "00000.png": 0.21007508039474487,
   "00035.png": 0.18432074785232544,
   "00031.png": 0.2221495509147644,
   "00017.png": 0.18085038661956787,
   "00006.png": 0.17380917072296143,
   "00010.png": 0.14072206616401672,
   "00034.png": 0.17802898585796356,
   "00025.png": 0.2743486166000366,
   "00015.png": 0.22022022306919098,
   "00024.png": 0.2694646120071411,
   "00036.png": 0.26700425148010254,
   "00026.png": 0.26954901218414307
  }
 },
 "ours_7000": {
  "SSIM": {
   "00014.png": 0.9472180008888245,
   "00030.png": 0.9565359950065613,
   "00020.png": 0.9446443915367126,
   "00018.png": 0.9365009069442749,
   "00019.png": 0.9361408948898315,
   "00001.png": 0.9247215986251831,
   "00029.png": 0.9473706483840942,
   "00028.png": 0.9523387551307678,
   "00004.png": 0.9487032294273376,
   "00002.png": 0.9508910775184631,
   "00008.png": 0.9515115022659302,
   "00007.png": 0.9473353624343872,
   "00023.png": 0.9428034424781799,
   "00012.png": 0.9070420861244202,
   "00021.png": 0.9492120742797852,
   "00005.png": 0.9509581327438354,
   "00013.png": 0.9431599974632263,
   "00022.png": 0.9375634789466858,
   "00011.png": 0.9373890161514282,
   "00032.png": 0.9474480748176575,
   "00009.png": 0.9282905459403992,
   "00033.png": 0.9578384160995483,
   "00027.png": 0.9474747180938721,
   "00016.png": 0.9331759214401245,
   "00003.png": 0.9461976885795593,
   "00000.png": 0.9072796702384949,
   "00035.png": 0.931760311126709,
   "00031.png": 0.9337790608406067,
   "00017.png": 0.9416611194610596,
   "00006.png": 0.9462940096855164,
   "00010.png": 0.9386955499649048,
   "00034.png": 0.9065141081809998,
   "00025.png": 0.9401698112487793,
   "00015.png": 0.9209880232810974,
   "00024.png": 0.937213659286499,
   "00036.png": 0.9346761107444763,
   "00026.png": 0.9445793628692627
  },
  "PSNR": {
   "00014.png": 33.85280227661133,
   "00030.png": 35.096214294433594,
   "00020.png": 34.68193435668945,
   "00018.png": 32.61745071411133,
   "00019.png": 32.91587448120117,
   "00001.png": 27.963775634765625,
   "00029.png": 33.66707229614258,
   "00028.png": 32.96958541870117,
   "00004.png": 34.47048568725586,
   "00002.png": 34.20008850097656,
   "00008.png": 34.208221435546875,
   "00007.png": 34.46102523803711,
   "00023.png": 33.515316009521484,
   "00012.png": 27.871337890625,
   "00021.png": 34.51850128173828,
   "00005.png": 34.886558532714844,
   "00013.png": 31.2305908203125,
   "00022.png": 33.99415969848633,
   "00011.png": 29.07402992248535,
   "00032.png": 35.28801345825195,
   "00009.png": 24.94475555419922,
   "00033.png": 35.96433639526367,
   "00027.png": 33.40984344482422,
   "00016.png": 29.24250602722168,
   "00003.png": 32.368614196777344,
   "00000.png": 26.21271514892578,
   "00035.png": 30.556598663330078,
   "00031.png": 32.66783905029297,
   "00017.png": 33.39320373535156,
   "00006.png": 33.18080139160156,
   "00010.png": 32.174739837646484,
   "00034.png": 25.986019134521484,
   "00025.png": 31.55413055419922,
   "00015.png": 27.739307403564453,
   "00024.png": 32.94408416748047,
   "00036.png": 29.701860427856445,
   "00026.png": 34.25818634033203
  },
  "LPIPS": {
   "00014.png": 0.14248409867286682,
   "00030.png": 0.23366783559322357,
   "00020.png": 0.24180835485458374,
   "00018.png": 0.19857150316238403,
   "00019.png": 0.22695854306221008,
   "00001.png": 0.18450558185577393,
   "00029.png": 0.24690982699394226,
   "00028.png": 0.24118377268314362,
   "00004.png": 0.16434836387634277,
   "00002.png": 0.16016238927841187,
   "00008.png": 0.16011881828308105,
   "00007.png": 0.16889691352844238,
   "00023.png": 0.22618737816810608,
   "00012.png": 0.22269725799560547,
   "00021.png": 0.2190026044845581,
   "00005.png": 0.1626673936843872,
   "00013.png": 0.14607161283493042,
   "00022.png": 0.24550846219062805,
   "00011.png": 0.17592859268188477,
   "00032.png": 0.21666809916496277,
   "00009.png": 0.17351758480072021,
   "00033.png": 0.18409669399261475,
   "00027.png": 0.2552778422832489,
   "00016.png": 0.18677490949630737,
   "00003.png": 0.18345388770103455,
   "00000.png": 0.22254496812820435,
   "00035.png": 0.2003273218870163,
   "00031.png": 0.23207513988018036,
   "00017.png": 0.19172890484333038,
   "00006.png": 0.18374598026275635,
   "00010.png": 0.15036271512508392,
   "00034.png": 0.18384099006652832,
   "00025.png": 0.2865787148475647,