{
 "ours_30000": {
  "SSIM": 0.9446682333946228,
  "PSNR": 33.329750061035156,
  "LPIPS": 0.19633343815803528
 },
 "ours_7000": {
  "SSIM": 0.9393534064292908,
  "PSNR": 32.10223388671875,
  "LPIPS": 0.20813140273094177
 }
}