{
 "ours_30000": {
  "SSIM": {
   "00014.png": 0.877029538154602,
   "00020.png": 0.9159997701644897,
   "00018.png": 0.9038944244384766,
   "00019.png": 0.9074516892433167,
   "00001.png": 0.9022020101547241,
   "00029.png": 0.8540329337120056,
   "00028.png": 0.911892831325531,
   "00004.png": 0.9316425323486328,
   "00002.png": 0.9058622121810913,
   "00008.png": 0.8913182020187378,
   "00007.png": 0.9164337515830994,
   "00023.png": 0.9284328818321228,
   "00012.png": 0.8928585052490234,
   "00021.png": 0.9030911922454834,
   "00005.png": 0.9069385528564453,
   "00013.png": 0.9083669781684875,
   "00022.png": 0.9109987020492554,
   "00011.png": 0.9128972291946411,
   "00009.png": 0.8861417770385742,
   "00027.png": 0.9095395803451538,
   "00016.png": 0.9184486865997314,
   "00003.png": 0.8452386856079102,
   "00000.png": 0.8686031699180603,
   "00017.png": 0.9032602310180664,
   "00006.png": 0.8956059813499451,
   "00010.png": 0.8993439674377441,
   "00025.png": 0.9345700144767761,
   "00015.png": 0.9025886654853821,
   "00024.png": 0.9184367060661316,
   "00026.png": 0.9288753867149353
  },
  "PSNR": {
   "00014.png": 25.279674530029297,
   "00020.png": 30.52992057800293,
   "00018.png": 28.707883834838867,
   "00019.png": 27.090682983398438,
   "00001.png": 29.318214416503906,
   "00029.png": 25.21550178527832,
   "00028.png": 28.838796615600586,
   "00004.png": 31.0391845703125,
   "00002.png": 28.988380432128906,
   "00008.png": 29.953414916992188,
   "00007.png": 30.16018295288086,
   "00023.png": 30.512468338012695,
   "00012.png": 26.333011627197266,
   "00021.png": 29.129430770874023,
   "00005.png": 29.551300048828125,
   "00013.png": 28.511655807495117,
   "00022.png": 28.824859619140625,
   "00011.png": 30.271608352661133,
   "00009.png": 26.886213302612305,
   "00027.png": 28.038616180419922,
   "00016.png": 27.76395606994629,
   "00003.png": 26.185279846191406,
   "00000.png": 26.436782836914062,
   "00017.png": 27.075973510742188,
   "00006.png": 29.226993560791016,
   "00010.png": 28.362409591674805,
   "00025.png": 32.193443298339844,
   "00015.png": 28.642675399780273,
   "00024.png": 31.040136337280273,
   "00026.png": 30.626121520996094
  },
  "LPIPS": {
   "00014.png": 0.2464105188846588,
   "00020.png": 0.19116157293319702,
   "00018.png": 0.1962423026561737,
   "00019.png": 0.19320054352283478,
   "00001.png": 0.18456746637821198,
   "00029.png": 0.26984354853630066,
   "00028.png": 0.19456860423088074,
   "00004.png": 0.1901988387107849,
   "00002.png": 0.1808498054742813,
   "00008.png": 0.3116286098957062,
   "00007.png": 0.15785372257232666,
   "00023.png": 0.18235448002815247,
   "00012.png": 0.17538359761238098,
   "00021.png": 0.2384081482887268,
   "00005.png": 0.2548433542251587,
   "00013.png": 0.17343556880950928,
   "00022.png": 0.19313251972198486,
   "00011.png": 0.2788931131362915,
   "00009.png": 0.18577787280082703,
   "00027.png": 0.17703953385353088,
   "00016.png": 0.16500967741012573,
   "00003.png": 0.2646087408065796,
   "00000.png": 0.2515428960323334,
   "00017.png": 0.23221024870872498,
   "00006.png": 0.2067980170249939,
   "00010.png": 0.18076369166374207,
   "00025.png": 0.16305387020111084,
   "00015.png": 0.21921876072883606,
   "00024.png": 0.21454273164272308,
   "00026.png": 0.1757538616657257
  }
 },
 "ours_7000": {
  "SSIM": {
   "00014.png": 0.8122671842575073,
   "00020.png": 0.8672193884849548,
   "00018.png": 0.8525148630142212,
   "00019.png": 0.8595623970031738,
   "00001.png": 0.8446917533874512,
   "00029.png": 0.8093942999839783,
   "00028.png": 0.8700709342956543,
   "00004.png": 0.9044017195701599,
   "00002.png": 0.848394513130188,
   "00008.png": 0.8338087797164917,
   "00007.png": 0.8612989187240601,
   "00023.png": 0.8960356116294861,
   "00012.png": 0.8416692018508911,
   "00021.png": 0.8560733199119568,
   "00005.png": 0.881184458732605,
   "00013.png": 0.8454388380050659,
   "00022.png": 0.8718663454055786,
   "00011.png": 0.8899354934692383,
   "00009.png": 0.8380724191665649,
   "00027.png": 0.8634889721870422,
   "00016.png": 0.8757800459861755,
   "00003.png": 0.8295199871063232,
   "00000.png": 0.809788703918457,
   "00017.png": 0.8800503015518188,
   "00006.png": 0.8609064817428589,
   "00010.png": 0.8231436610221863,
   "00025.png": 0.9020257592201233,
   "00015.png": 0.8714907765388489,
   "00024.png": 0.8720860481262207,
   "00026.png": 0.8962753415107727
  },
  "PSNR": {
   "00014.png": 22.733989715576172,
   "00020.png": 27.71226692199707,
   "00018.png": 26.46153450012207,
   "00019.png": 24.945701599121094,
   "00001.png": 26.392066955566406,
   "00029.png": 23.125564575195312,
   "00028.png": 25.874940872192383,
   "00004.png": 29.261503219604492,
   "00002.png": 25.74774932861328,
   "00008.png": 27.43785858154297,
   "00007.png": 26.370296478271484,
   "00023.png": 28.345916748046875,
   "00012.png": 24.32582664489746,
   "00021.png": 27.057363510131836,
   "00005.png": 27.91680908203125,
   "00013.png": 25.58746337890625,
   "00022.png": 26.5634822845459,
   "00011.png": 28.123458862304688,
   "00009.png": 24.911170959472656,
   "00027.png": 26.08584213256836,
   "00016.png": 26.242387771606445,
   "00003.png": 25.09752082824707,
   "00000.png": 24.55707550048828,
   "00017.png": 24.1485595703125,
   "00006.png": 27.20838165283203,
   "00010.png": 25.158021926879883,
   "00025.png": 29.34760093688965,
   "00015.png": 26.83363151550293,
   "00024.png": 28.394479751586914,
   "00026.png": 29.04134750366211
  },
  "LPIPS": {
   "00014.png": 0.33153441548347473,
   "00020.png": 0.268039345741272,
   "00018.png": 0.26615655422210693,
   "00019.png": 0.25946688652038574,
   "00001.png": 0.2665081024169922,
   "00029.png": 0.3363712430000305,
   "00028.png": 0.25305020809173584,
   "00004.png": 0.24284091591835022,
   "00002.png": 0.259152889251709,
   "00008.png": 0.37913575768470764,
   "00007.png": 0.234825998544693,
   "00023.png": 0.23999273777008057,
   "00012.png": 0.24729590117931366,
   "00021.png": 0.3120219111442566,
   "00005.png": 0.2999843955039978,
   "00013.png": 0.254213809967041,
   "00022.png": 0.2541981339454651,
   "00011.png": 0.3178836405277252,
   "00009.png": 0.25754112005233765,
   "00027.png": 0.24486561119556427,
   "00016.png": 0.22697743773460388,
   "00003.png": 0.29842329025268555,
   "00000.png": 0.3325639069080353,
   "00017.png": 0.2785467505455017,
   "00006.png": 0.25896555185317993,
   "00010.png": 0.26203739643096924,
   "00025.png": 0.21207860112190247,
   "00015.png": 0.2661239206790924,
   "00024.png": 0.2866250276565552,
   "00026.png": 0.23003818094730377
  }
 }
}