{
 "ours_30000": {
  "SSIM": 0.9030665755271912,
  "PSNR": 28.691160202026367,
  "LPIPS": 0.20830987393856049
 },
 "ours_7000": {
  "SSIM": 0.8589485883712769,
  "PSNR": 26.366992950439453,
  "LPIPS": 0.2725819945335388
 }
}