{
 "ours_30000": {
  "SSIM": {
   "00014.png": 0.8621938228607178,
   "00020.png": 0.9029576182365417,
   "00018.png": 0.889596700668335,
   "00019.png": 0.8926491141319275,
   "00001.png": 0.8894950151443481,
   "00029.png": 0.8472753763198853,
   "00028.png": 0.9028600454330444,
   "00004.png": 0.9244378209114075,
   "00002.png": 0.8938058614730835,
   "00008.png": 0.8801387548446655,
   "00007.png": 0.9018980860710144,
   "00023.png": 0.9227195978164673,
   "00012.png": 0.8825075030326843,
   "00021.png": 0.8921433687210083,
   "00005.png": 0.9027149081230164,
   "00013.png": 0.8905528783798218,
   "00022.png": 0.9005792737007141,
   "00011.png": 0.907387375831604,
   "00009.png": 0.8679869771003723,
   "00027.png": 0.9008296728134155,
   "00016.png": 0.9120877981185913,
   "00003.png": 0.8446340560913086,
   "00000.png": 0.8568010926246643,
   "00017.png": 0.897838294506073,
   "00006.png": 0.8870736360549927,
   "00010.png": 0.883621096611023,
   "00025.png": 0.9267668128013611,
   "00015.png": 0.8999271988868713,
   "00024.png": 0.9084766507148743,
   "00026.png": 0.9226834774017334
  },
  "PSNR": {
   "00014.png": 24.757572174072266,
   "00020.png": 29.819217681884766,
   "00018.png": 27.91311264038086,
   "00019.png": 26.658775329589844,
   "00001.png": 28.958293914794922,
   "00029.png": 25.069581985473633,
   "00028.png": 27.93804359436035,
   "00004.png": 30.617477416992188,
   "00002.png": 27.968093872070312,
   "00008.png": 29.308826446533203,
   "00007.png": 29.01548194885254,
   "00023.png": 30.2412052154541,
   "00012.png": 25.684829711914062,
   "00021.png": 28.657712936401367,
   "00005.png": 29.286706924438477,
   "00013.png": 27.974035263061523,
   "00022.png": 28.317386627197266,
   "00011.png": 29.71640396118164,
   "00009.png": 26.312864303588867,
   "00027.png": 27.840492248535156,
   "00016.png": 28.299171447753906,
   "00003.png": 25.918590545654297,
   "00000.png": 26.11508560180664,
   "00017.png": 26.00906753540039,
   "00006.png": 28.699134826660156,
   "00010.png": 27.75803565979004,
   "00025.png": 31.653186798095703,
   "00015.png": 28.616901397705078,
   "00024.png": 30.732383728027344,
   "00026.png": 31.29311752319336
  },
  "LPIPS": {
   "00014.png": 0.27283382415771484,
   "00020.png": 0.2206169068813324,
   "00018.png": 0.22105488181114197,
   "00019.png": 0.21825361251831055,
   "00001.png": 0.20869261026382446,
   "00029.png": 0.2908034026622772,
   "00028.png": 0.21353156864643097,
   "00004.png": 0.21175295114517212,
   "00002.png": 0.20470407605171204,
   "00008.png": 0.33162057399749756,
   "00007.png": 0.1865042895078659,
   "00023.png": 0.19643422961235046,
   "00012.png": 0.20202107727527618,
   "00021.png": 0.256446897983551,
   "00005.png": 0.2675209045410156,
   "00013.png": 0.20227846503257751,
   "00022.png": 0.21536017954349518,
   "00011.png": 0.2947080731391907,
   "00009.png": 0.2207314372062683,
   "00027.png": 0.19811806082725525,
   "00016.png": 0.1788921356201172,
   "00003.png": 0.2754095792770386,
   "00000.png": 0.27826616168022156,
   "00017.png": 0.24509315192699432,
   "00006.png": 0.22792324423789978,
   "00010.png": 0.20942676067352295,
   "00025.png": 0.17847290635108948,
   "00015.png": 0.23123234510421753,
   "00024.png": 0.2353016436100006,
   "00026.png": 0.19030587375164032
  }
 },
 "ours_7000": {
  "SSIM": {
   "00014.png": 0.8004460334777832,
   "00020.png": 0.8591341376304626,
   "00018.png": 0.8432641625404358,
   "00019.png": 0.8324132561683655,
   "00001.png": 0.8301811218261719,
   "00029.png": 0.8003185987472534,
   "00028.png": 0.8599870800971985,
   "00004.png": 0.8712965846061707,
   "00002.png": 0.8316870927810669,
   "00008.png": 0.8245832920074463,
   "00007.png": 0.8427525162696838,
   "00023.png": 0.8865846991539001,
   "00012.png": 0.8202616572380066,
   "00021.png": 0.8440696597099304,
   "00005.png": 0.8741070032119751,
   "00013.png": 0.8201045393943787,
   "00022.png": 0.8508431911468506,
   "00011.png": 0.874354362487793,
   "00009.png": 0.8002169132232666,
   "00027.png": 0.8496844172477722,
   "00016.png": 0.8585399985313416,
   "00003.png": 0.8218554258346558,
   "00000.png": 0.8032718896865845,
   "00017.png": 0.8637514114379883,
   "00006.png": 0.8484416604042053,
   "00010.png": 0.7947964668273926,
   "00025.png": 0.891298234462738,
   "00015.png": 0.8520894050598145,
   "00024.png": 0.8634758591651917,
   "00026.png": 0.8854403495788574
  },
  "PSNR": {
   "00014.png": 21.85993194580078,
   "00020.png": 26.747350692749023,
   "00018.png": 25.715476989746094,
   "00019.png": 22.471187591552734,
   "00001.png": 24.997425079345703,
   "00029.png": 22.279909133911133,
   "00028.png": 25.807331085205078,
   "00004.png": 26.40418815612793,
   "00002.png": 24.629322052001953,
   "00008.png": 25.250164031982422,
   "00007.png": 25.525390625,
   "00023.png": 27.79384994506836,
   "00012.png": 23.140865325927734,
   "00021.png": 25.59268569946289,
   "00005.png": 27.1795654296875,
   "00013.png": 24.151029586791992,
   "00022.png": 24.540313720703125,
   "00011.png": 26.52158546447754,
   "00009.png": 22.946182250976562,
   "00027.png": 25.157564163208008,
   "00016.png": 25.243453979492188,
   "00003.png": 24.72976303100586,
   "00000.png": 23.7429141998291,
   "00017.png": 22.645565032958984,
   "00006.png": 26.35236358642578,
   "00010.png": 23.07025146484375,
   "00025.png": 28.473480224609375,
   "00015.png": 25.613452911376953,
   "00024.png": 27.42974853515625,
   "00026.png": 28.32059669494629
  },
  "LPIPS": {
   "00014.png": 0.350689560174942,
   "00020.png": 0.29365411400794983,
   "00018.png": 0.2939930260181427,
   "00019.png": 0.29785406589508057,
   "00001.png": 0.29623284935951233,
   "00029.png": 0.36298704147338867,
   "00028.png": 0.2795283794403076,
   "00004.png": 0.3021489679813385,
   "00002.png": 0.2951499819755554,
   "00008.png": 0.3963872194290161,
   "00007.png": 0.2677784562110901,
   "00023.png": 0.2675700783729553,
   "00012.png": 0.28019845485687256,
   "00021.png": 0.33343076705932617,
   "00005.png": 0.3114260137081146,
   "00013.png": 0.2915663719177246,
   "00022.png": 0.29397502541542053,
   "00011.png": 0.3367381989955902,
   "00009.png": 0.3116338849067688,
   "00027.png": 0.2710765600204468,
   "00016.png": 0.2656615376472473,
   "00003.png": 0.31684672832489014,
   "00000.png": 0.35067683458328247,
   "00017.png": 0.3108721077442169,
   "00006.png": 0.28492945432662964,
   "00010.png": 0.3008291721343994,
   "00025.png": 0.24044886231422424,
   "00015.png": 0.3017539381980896,
   "00024.png": 0.3132650852203369,
   "00026.png": 0.2610655426979065
  }
 }
}