{
 "ours_30000": {
  "SSIM": 0.8931547403335571,
  "PSNR": 28.238359451293945,
  "LPIPS": 0.22947706282138824
 },
 "ours_7000": {
  "SSIM": 0.8433083891868591,
  "PSNR": 25.14443016052246,
  "LPIPS": 0.3026789724826813
 }
}