{
 "ours_30000": {
  "SSIM": {
   "00014.png": 0.8343172669410706,
   "00020.png": 0.8839961290359497,
   "00018.png": 0.8706298470497131,
   "00019.png": 0.869635820388794,
   "00001.png": 0.8621335625648499,
   "00029.png": 0.8286595344543457,
   "00028.png": 0.8855323791503906,
   "00004.png": 0.9075592756271362,
   "00002.png": 0.8723269104957581,
   "00008.png": 0.8626309633255005,
   "00007.png": 0.8790289163589478,
   "00023.png": 0.9078044891357422,
   "00012.png": 0.8575456142425537,
   "00021.png": 0.8761861324310303,
   "00005.png": 0.8953778147697449,
   "00013.png": 0.8616650104522705,
   "00022.png": 0.8800419569015503,
   "00011.png": 0.8954086899757385,
   "00009.png": 0.8402163982391357,
   "00027.png": 0.8790379762649536,
   "00016.png": 0.8909581303596497,
   "00003.png": 0.8375239968299866,
   "00000.png": 0.8336418271064758,
   "00017.png": 0.8833218216896057,
   "00006.png": 0.8718318939208984,
   "00010.png": 0.8435122966766357,
   "00025.png": 0.9126175045967102,
   "00015.png": 0.8779469728469849,
   "00024.png": 0.8912273049354553,
   "00026.png": 0.9065595269203186
  },
  "PSNR": {
   "00014.png": 23.61939239501953,
   "00020.png": 28.609298706054688,
   "00018.png": 27.008182525634766,
   "00019.png": 25.978334426879883,
   "00001.png": 27.40933609008789,
   "00029.png": 24.32540512084961,
   "00028.png": 26.811237335205078,
   "00004.png": 29.5091609954834,
   "00002.png": 27.156818389892578,
   "00008.png": 28.527555465698242,
   "00007.png": 27.658309936523438,
   "00023.png": 29.509021759033203,
   "00012.png": 24.939525604248047,
   "00021.png": 27.880340576171875,
   "00005.png": 29.019954681396484,
   "00013.png": 26.562091827392578,
   "00022.png": 27.323911666870117,
   "00011.png": 28.729881286621094,
   "00009.png": 25.278732299804688,
   "00027.png": 26.649574279785156,
   "00016.png": 27.360218048095703,
   "00003.png": 25.506933212280273,
   "00000.png": 25.170194625854492,
   "00017.png": 24.44024085998535,
   "00006.png": 27.913188934326172,
   "00010.png": 25.819900512695312,
   "00025.png": 30.679399490356445,
   "00015.png": 27.34018325805664,
   "00024.png": 29.59070587158203,
   "00026.png": 30.221332550048828
  },
  "LPIPS": {
   "00014.png": 0.30896860361099243,
   "00020.png": 0.2550003230571747,
   "00018.png": 0.25599589943885803,
   "00019.png": 0.2544354796409607,
   "00001.png": 0.2524906098842621,
   "00029.png": 0.3246563673019409,
   "00028.png": 0.24489052593708038,
   "00004.png": 0.2438681721687317,
   "00002.png": 0.24026267230510712,
   "00008.png": 0.3598939776420593,
   "00007.png": 0.22531619668006897,
   "00023.png": 0.22971047461032867,
   "00012.png": 0.24034631252288818,
   "00021.png": 0.28955382108688354,
   "00005.png": 0.28674769401550293,
   "00013.png": 0.24330438673496246,
   "00022.png": 0.2512543797492981,
   "00011.png": 0.3146322965621948,
   "00009.png": 0.2617102265357971,
   "00027.png": 0.23700803518295288,
   "00016.png": 0.21507203578948975,
   "00003.png": 0.29224100708961487,
   "00000.png": 0.31494465470314026,
   "00017.png": 0.2713433504104614,
   "00006.png": 0.25678926706314087,
   "00010.png": 0.2510295510292053,
   "00025.png": 0.2052270770072937,
   "00015.png": 0.2654727101325989,
   "00024.png": 0.26781219244003296,
   "00026.png": 0.22305598855018616
  }
 },
 "ours_7000": {
  "SSIM": {
   "00014.png": 0.6863785982131958,
   "00020.png": 0.7628685235977173,
   "00018.png": 0.7420454621315002,
   "00019.png": 0.725424587726593,
   "00001.png": 0.7170922160148621,
   "00029.png": 0.7276150584220886,
   "00028.png": 0.7696762681007385,
   "00004.png": 0.7658661007881165,
   "00002.png": 0.7083852887153625,
   "00008.png": 0.727209746837616,
   "00007.png": 0.7264397144317627,
   "00023.png": 0.7935577034950256,
   "00012.png": 0.6952290534973145,
   "00021.png": 0.7645273208618164,
   "00005.png": 0.7684409022331238,
   "00013.png": 0.6917547583580017,
   "00022.png": 0.7453669309616089,
   "00011.png": 0.7790719866752625,
   "00009.png": 0.6858569979667664,
   "00027.png": 0.7438004016876221,
   "00016.png": 0.7374962568283081,
   "00003.png": 0.7768192887306213,
   "00000.png": 0.7080840468406677,
   "00017.png": 0.7823168635368347,
   "00006.png": 0.7680649757385254,
   "00010.png": 0.6451713442802429,
   "00025.png": 0.7959259152412415,
   "00015.png": 0.7553024888038635,
   "00024.png": 0.7689206600189209,
   "00026.png": 0.7845298051834106
  },
  "PSNR": {
   "00014.png": 18.62384605407715,
   "00020.png": 22.961938858032227,
   "00018.png": 22.690336227416992,
   "00019.png": 18.547563552856445,
   "00001.png": 21.89409065246582,
   "00029.png": 19.648948669433594,
   "00028.png": 22.471778869628906,
   "00004.png": 21.638458251953125,
   "00002.png": 20.483348846435547,
   "00008.png": 20.539762496948242,
   "00007.png": 21.59417152404785,
   "00023.png": 23.55339813232422,
   "00012.png": 19.817642211914062,
   "00021.png": 23.427722930908203,
   "00005.png": 22.015790939331055,
   "00013.png": 19.114484786987305,
   "00022.png": 19.85935401916504,
   "00011.png": 22.532737731933594,
   "00009.png": 19.019563674926758,
   "00027.png": 21.8820858001709,
   "00016.png": 19.63191032409668,
   "00003.png": 22.745790481567383,
   "00000.png": 20.91587257385254,
   "00017.png": 19.85536766052246,
   "00006.png": 23.25787353515625,
   "00010.png": 18.85643768310547,
   "00025.png": 22.45184898376465,
   "00015.png": 20.245380401611328,
   "00024.png": 23.335172653198242,
   "00026.png": 23.82552719116211
  },
  "LPIPS": {
   "00014.png": 0.45960164070129395,
   "00020.png": 0.4162057638168335,
   "00018.png": 0.41430914402008057,
   "00019.png": 0.4338494539260864,
   "00001.png": 0.4321519136428833,
   "00029.png": 0.44570839405059814,
   "00028.png": 0.40257900953292847,
   "00004.png": 0.43553248047828674,
   "00002.png": 0.4355446696281433,
   "00008.png": 0.48816293478012085,
   "00007.png": 0.40940749645233154,
   "00023.png": 0.40096792578697205,
   "00012.png": 0.40615442395210266,
   "00021.png": 0.4298090636730194,
   "00005.png": 0.4064937233924866,
   "00013.png": 0.43546780943870544,
   "00022.png": 0.4273197650909424,
   "00011.png": 0.411864697933197,
   "00009.png": 0.45914226770401,
   "00027.png": 0.4060022830963135,
   "00016.png": 0.41363346576690674,
   "00003.png": 0.3891712725162506,
   "00000.png": 0.45393168926239014,
   "00017.png": 0.40400251746177673,
   "00006.png": 0.39399874210357666,
   "00010.png": 0.4356158375740051,
   "00025.png": 0.3854055106639862,
   "00015.png": 0.41839054226875305,
   "00024.png": 0.43807536363601685,
   "00026.png": 0.4031413793563843
  }
 }
}