{
 "ours_30000": {
  "SSIM": 0.8732958436012268,
  "PSNR": 27.21827507019043,
  "LPIPS": 0.26276782155036926
 },
 "ours_7000": {
  "SSIM": 0.7416413426399231,
  "PSNR": 21.24793815612793,
  "LPIPS": 0.42305469512939453
 }
}