{
 "ours_30000": {
  "SSIM": {
   "00014.png": 0.9303691387176514,
   "00030.png": 0.888024091720581,
   "00020.png": 0.9249851107597351,
   "00018.png": 0.9211900234222412,
   "00019.png": 0.9306467771530151,
   "00001.png": 0.8970345854759216,
   "00029.png": 0.9049052000045776,
   "00028.png": 0.8985269069671631,
   "00004.png": 0.9454624652862549,
   "00002.png": 0.8915370106697083,
   "00008.png": 0.9233225584030151,
   "00007.png": 0.9538198113441467,
   "00023.png": 0.887228786945343,
   "00012.png": 0.9399171471595764,
   "00021.png": 0.870919942855835,
   "00005.png": 0.9200702905654907,
   "00013.png": 0.8880376815795898,
   "00022.png": 0.9250931739807129,
   "00011.png": 0.9379404783248901,
   "00032.png": 0.9248365163803101,
   "00009.png": 0.9445642828941345,
   "00033.png": 0.9173749089241028,
   "00027.png": 0.907568097114563,
   "00016.png": 0.915969967842102,
   "00003.png": 0.9261243343353271,
   "00000.png": 0.8776009678840637,
   "00035.png": 0.9493241906166077,
   "00031.png": 0.8501632809638977,
   "00017.png": 0.9423398971557617,
   "00006.png": 0.9159027934074402,
   "00010.png": 0.9274913668632507,
   "00034.png": 0.9318906664848328,
   "00025.png": 0.9215744733810425,
   "00015.png": 0.8732039332389832,
   "00024.png": 0.9192314743995667,
   "00036.png": 0.8692830204963684,
   "00026.png": 0.9328109622001648,
   "00038.png": 0.8882361054420471,
   "00037.png": 0.9296979904174805
  },
  "PSNR": {
   "00014.png": 28.17502784729004,
   "00030.png": 30.87744903564453,
   "00020.png": 30.981201171875,
   "00018.png": 32.23447036743164,
   "00019.png": 29.514320373535156,
   "00001.png": 33.2501220703125,
   "00029.png": 28.568058013916016,
   "00028.png": 29.133609771728516,
   "00004.png": 33.052635192871094,
   "00002.png": 33.43233871459961,
   "00008.png": 30.60726547241211,
   "00007.png": 33.174766540527344,
   "00023.png": 27.565889358520508,
   "00012.png": 34.25776672363281,
   "00021.png": 30.443817138671875,
   "00005.png": 29.00687026977539,
   "00013.png": 28.78696632385254,
   "00022.png": 33.13773727416992,
   "00011.png": 35.26576614379883,
   "00032.png": 27.83445167541504,
   "00009.png": 33.373619079589844,
   "00033.png": 29.788833618164062,
   "00027.png": 31.58469009399414,
   "00016.png": 31.58871078491211,
   "00003.png": 34.663291931152344,
   "00000.png": 29.81899070739746,
   "00035.png": 27.444297790527344,
   "00031.png": 32.15780258178711,
   "00017.png": 33.39769744873047,
   "00006.png": 32.942405700683594,
   "00010.png": 33.39080047607422,
   "00034.png": 22.96626091003418,
   "00025.png": 31.91709327697754,
   "00015.png": 31.566986083984375,
   "00024.png": 30.641338348388672,
   "00036.png": 22.51776885986328,
   "00026.png": 30.374107360839844,
   "00038.png": 30.994359970092773,
   "00037.png": 32.72259521484375
  },
  "LPIPS": {
   "00014.png": 0.17483797669410706,
   "00030.png": 0.3079264163970947,
   "00020.png": 0.18245452642440796,
   "00018.png": 0.25147882103919983,
   "00019.png": 0.18136581778526306,
   "00001.png": 0.2018185555934906,
   "00029.png": 0.2585815489292145,
   "00028.png": 0.2544853091239929,
   "00004.png": 0.19368547201156616,
   "00002.png": 0.21706143021583557,
   "00008.png": 0.19556167721748352,
   "00007.png": 0.16499453783035278,
   "00023.png": 0.21309643983840942,
   "00012.png": 0.17502793669700623,
   "00021.png": 0.30980628728866577,
   "00005.png": 0.19514696300029755,
   "00013.png": 0.20859187841415405,
   "00022.png": 0.1671169400215149,
   "00011.png": 0.17979803681373596,
   "00032.png": 0.19199463725090027,
   "00009.png": 0.16756020486354828,
   "00033.png": 0.22749635577201843,
   "00027.png": 0.263740211725235,
   "00016.png": 0.21927142143249512,
   "00003.png": 0.19179260730743408,
   "00000.png": 0.2195025086402893,
   "00035.png": 0.26181286573410034,
   "00031.png": 0.30185580253601074,
   "00017.png": 0.16747741401195526,
   "00006.png": 0.2043592631816864,
   "00010.png": 0.19364836812019348,
   "00034.png": 0.29327672719955444,
   "00025.png": 0.2281644642353058,
   "00015.png": 0.2572394013404846,
   "00024.png": 0.25348925590515137,
   "00036.png": 0.37933021783828735,
   "00026.png": 0.198231041431427,
   "00038.png": 0.31734955310821533,
   "00037.png": 0.27460747957229614
  }
 },
 "ours_7000": {
  "SSIM": {
   "00014.png": 0.9000950455665588,
   "00030.png": 0.8814609050750732,
   "00020.png": 0.873578667640686,
   "00018.png": 0.8993737697601318,
   "00019.png": 0.8995608687400818,
   "00001.png": 0.839829683303833,
   "00029.png": 0.8245852589607239,
   "00028.png": 0.8397476077079773,
   "00004.png": 0.9332603812217712,
   "00002.png": 0.818062424659729,
   "00008.png": 0.895619809627533,
   "00007.png": 0.9331110119819641,
   "00023.png": 0.8253178596496582,
   "00012.png": 0.9212209582328796,
   "00021.png": 0.8768295645713806,
   "00005.png": 0.8826224207878113,
   "00013.png": 0.8546777963638306,
   "00022.png": 0.8709685802459717,
   "00011.png": 0.9068424701690674,
   "00032.png": 0.895808219909668,
   "00009.png": 0.9216567873954773,
   "00033.png": 0.8874426484107971,
   "00027.png": 0.8859989047050476,
   "00016.png": 0.8722615838050842,
   "00003.png": 0.8757723569869995,
   "00000.png": 0.8263894319534302,
   "00035.png": 0.9184394478797913,
   "00031.png": 0.7983213663101196,
   "00017.png": 0.9223942160606384,
   "00006.png": 0.8515474200248718,
   "00010.png": 0.8782835602760315,
   "00034.png": 0.8991330862045288,
   "00025.png": 0.907082736492157,
   "00015.png": 0.8150359392166138,
   "00024.png": 0.8892384767532349,
   "00036.png": 0.8545687794685364,
   "00026.png": 0.8981683254241943,
   "00038.png": 0.8759849071502686,
   "00037.png": 0.9205769300460815
  },
  "PSNR": {
   "00014.png": 26.63282012939453,
   "00030.png": 29.634721755981445,
   "00020.png": 28.217199325561523,
   "00018.png": 30.382991790771484,
   "00019.png": 27.00810432434082,
   "00001.png": 30.416790008544922,
   "00029.png": 23.480512619018555,
   "00028.png": 25.269134521484375,
   "00004.png": 31.288429260253906,
   "00002.png": 29.375507354736328,
   "00008.png": 27.803672790527344,
   "00007.png": 31.560707092285156,
   "00023.png": 24.860715866088867,
   "00012.png": 31.84176254272461,
   "00021.png": 28.52130699157715,
   "00005.png": 26.302335739135742,
   "00013.png": 26.38913917541504,
   "00022.png": 29.241933822631836,
   "00011.png": 31.18084716796875,
   "00032.png": 25.948524475097656,
   "00009.png": 31.95003318786621,
   "00033.png": 26.239978790283203,
   "00027.png": 29.85446548461914,
   "00016.png": 29.327871322631836,
   "00003.png": 31.251230239868164,
   "00000.png": 27.593528747558594,
   "00035.png": 23.072053909301758,
   "00031.png": 30.596370697021484,
   "00017.png": 31.19208526611328,
   "00006.png": 30.595558166503906,
   "00010.png": 30.818775177001953,
   "00034.png": 18.890565872192383,
   "00025.png": 30.070859909057617,
   "00015.png": 29.788637161254883,
   "00024.png": 28.122880935668945,
   "00036.png": 22.214452743530273,
   "00026.png": 27.83350944519043,
   "00038.png": 29.29530143737793,
   "00037.png": 29.445268630981445
  },
  "LPIPS": {
   "00014.png": 0.21112143993377686,
   "00030.png": 0.3440800905227661,
   "00020.png": 0.26562535762786865,
   "00018.png": 0.2889477014541626,
   "00019.png": 0.23828166723251343,
   "00001.png": 0.28631043434143066,
   "00029.png": 0.35524964332580566,
   "00028.png": 0.34110015630722046,
   "00004.png": 0.22109246253967285,
   "00002.png": 0.3118559420108795,
   "00008.png": 0.23959150910377502,
   "00007.png": 0.20556169748306274,
   "00023.png": 0.3022337555885315,
   "00012.png": 0.21906648576259613,
   "00021.png": 0.32492542266845703,
   "00005.png": 0.24965575337409973,
   "00013.png": 0.2753247618675232,
   "00022.png": 0.25384587049484253,
   "00011.png": 0.2381410002708435,
   "00032.png": 0.23090730607509613,
   "00009.png": 0.21529905498027802,
   "00033.png": 0.2942764163017273,
   "00027.png": 0.3159196376800537,