{
 "ours_30000": {
  "SSIM": 0.9139544367790222,
  "PSNR": 30.85005760192871,
  "LPIPS": 0.22679580748081207
 },
 "ours_7000": {
  "SSIM": 0.8787401914596558,
  "PSNR": 28.29514503479004,
  "LPIPS": 0.2858123183250427
 }
}