{
 "ours_30000": {
  "SSIM": {
   "00014.png": 0.8932709693908691,
   "00020.png": 0.8947295546531677,
   "00018.png": 0.8965837359428406,
   "00019.png": 0.912213921546936,
   "00001.png": 0.7653848528862,
   "00004.png": 0.7811995148658752,
   "00002.png": 0.8573974370956421,
   "00008.png": 0.8651980757713318,
   "00007.png": 0.9089316725730896,
   "00023.png": 0.8998034000396729,
   "00012.png": 0.8569539189338684,
   "00021.png": 0.8273659348487854,
   "00005.png": 0.8577505946159363,
   "00013.png": 0.8897718787193298,
   "00022.png": 0.8661435842514038,
   "00011.png": 0.8936498165130615,
   "00009.png": 0.8633649945259094,
   "00016.png": 0.8416820168495178,
   "00003.png": 0.8099422454833984,
   "00000.png": 0.8354008793830872,
   "00017.png": 0.9107269048690796,
   "00006.png": 0.901356041431427,
   "00010.png": 0.8859061598777771,
   "00015.png": 0.819094717502594
  },
  "PSNR": {
   "00014.png": 30.18842887878418,
   "00020.png": 29.73040008544922,
   "00018.png": 28.401111602783203,
   "00019.png": 29.724979400634766,
   "00001.png": 22.767513275146484,
   "00004.png": 20.402572631835938,
   "00002.png": 27.87580108642578,
   "00008.png": 27.12322235107422,
   "00007.png": 29.2397518157959,
   "00023.png": 28.828413009643555,
   "00012.png": 27.336181640625,
   "00021.png": 26.11548614501953,
   "00005.png": 26.396329879760742,
   "00013.png": 29.471954345703125,
   "00022.png": 27.620704650878906,
   "00011.png": 28.660354614257812,
   "00009.png": 27.453821182250977,
   "00016.png": 27.579483032226562,
   "00003.png": 24.837779998779297,
   "00000.png": 24.10055923461914,
   "00017.png": 30.71316146850586,
   "00006.png": 29.235849380493164,
   "00010.png": 27.169357299804688,
   "00015.png": 25.76250457763672
  },
  "LPIPS": {
   "00014.png": 0.09508879482746124,
   "00020.png": 0.09528526663780212,
   "00018.png": 0.09956921637058258,
   "00019.png": 0.10100853443145752,
   "00001.png": 0.15551410615444183,
   "00004.png": 0.15809530019760132,
   "00002.png": 0.1065969467163086,
   "00008.png": 0.10174837708473206,
   "00007.png": 0.09029730409383774,
   "00023.png": 0.09439899027347565,
   "00012.png": 0.1097240000963211,
   "00021.png": 0.12295189499855042,
   "00005.png": 0.11326594650745392,
   "00013.png": 0.0962757021188736,
   "00022.png": 0.10241395235061646,
   "00011.png": 0.09818245470523834,
   "00009.png": 0.10215046256780624,
   "00016.png": 0.1024116575717926,
   "00003.png": 0.12056602537631989,
   "00000.png": 0.12609729170799255,
   "00017.png": 0.09487622231245041,
   "00006.png": 0.09293445944786072,
   "00010.png": 0.0983995795249939,
   "00015.png": 0.11058348417282104
  }
 },
 "ours_7000": {
  "SSIM": {
   "00014.png": 0.8632586002349854,
   "00020.png": 0.854363203048706,
   "00018.png": 0.8571141958236694,
   "00019.png": 0.8594897389411926,
   "00001.png": 0.7226096391677856,
   "00004.png": 0.7522301077842712,
   "00002.png": 0.8226420283317566,
   "00008.png": 0.819618284702301,
   "00007.png": 0.8807069659233093,
   "00023.png": 0.8667479753494263,
   "00012.png": 0.8170649409294128,
   "00021.png": 0.7917208075523376,
   "00005.png": 0.8261666893959045,
   "00013.png": 0.8462426662445068,
   "00022.png": 0.8119328022003174,
   "00011.png": 0.8544039130210876,
   "00009.png": 0.8266330361366272,
   "00016.png": 0.8184838891029358,
   "00003.png": 0.7805226445198059,
   "00000.png": 0.8114534020423889,
   "00017.png": 0.8612299561500549,
   "00006.png": 0.8624239563941956,
   "00010.png": 0.8433128595352173,
   "00015.png": 0.8041368126869202
  },
  "PSNR": {
   "00014.png": 28.847291946411133,
   "00020.png": 28.145374298095703,
   "00018.png": 27.857990264892578,
   "00019.png": 27.615489959716797,
   "00001.png": 22.04637336730957,
   "00004.png": 20.03119659423828,
   "00002.png": 26.489381790161133,
   "00008.png": 25.652467727661133,
   "00007.png": 27.99410057067871,
   "00023.png": 27.503524780273438,
   "00012.png": 26.147157669067383,
   "00021.png": 25.14040184020996,
   "00005.png": 25.776033401489258,
   "00013.png": 28.185565948486328,
   "00022.png": 26.15872573852539,
   "00011.png": 27.180356979370117,
   "00009.png": 26.28887939453125,
   "00016.png": 27.012123107910156,
   "00003.png": 24.170238494873047,
   "00000.png": 23.795969009399414,
   "00017.png": 28.383007049560547,
   "00006.png": 27.904869079589844,
   "00010.png": 25.20271110534668,
   "00015.png": 25.369266510009766
  },
  "LPIPS": {
   "00014.png": 0.14858579635620117,
   "00020.png": 0.1496969759464264,
   "00018.png": 0.1599968671798706,
   "00019.png": 0.17201755940914154,
   "00001.png": 0.21612024307250977,
   "00004.png": 0.20147888362407684,
   "00002.png": 0.14705045521259308,
   "00008.png": 0.1539647877216339,
   "00007.png": 0.13260896503925323,
   "00023.png": 0.13949692249298096,
   "00012.png": 0.1620270311832428,
   "00021.png": 0.1745014190673828,
   "00005.png": 0.1661749929189682,
   "00013.png": 0.14667734503746033,
   "00022.png": 0.16035431623458862,
   "00011.png": 0.1483543962240219,
   "00009.png": 0.14928165078163147,
   "00016.png": 0.15758571028709412,
   "00003.png": 0.17492538690567017,
   "00000.png": 0.17339372634887695,
   "00017.png": 0.15694844722747803,
   "00006.png": 0.14310869574546814,
   "00010.png": 0.1587096005678177,
   "00015.png": 0.1607944816350937
  }
 }
}