{
 "ours_30000": {
  "SSIM": 0.8639092445373535,
  "PSNR": 27.363988876342773,
  "LPIPS": 0.10785150527954102
 },
 "ours_7000": {
  "SSIM": 0.8272712230682373,
  "PSNR": 26.204103469848633,
  "LPIPS": 0.16057728230953217
 }
}