{
 "ours_30000": {
  "SSIM": {
   "00014.png": 0.9378673434257507,
   "00030.png": 0.8873847126960754,
   "00020.png": 0.9264429807662964,
   "00018.png": 0.9239104390144348,
   "00019.png": 0.9317063689231873,
   "00001.png": 0.8999747037887573,
   "00029.png": 0.9130163788795471,
   "00028.png": 0.9069856405258179,
   "00004.png": 0.9449090361595154,
   "00002.png": 0.8945912718772888,
   "00008.png": 0.9263425469398499,
   "00007.png": 0.9534063935279846,
   "00023.png": 0.8934383392333984,
   "00012.png": 0.9417084455490112,
   "00021.png": 0.8684905767440796,
   "00005.png": 0.9234188795089722,
   "00013.png": 0.9174457788467407,
   "00022.png": 0.9270658493041992,
   "00011.png": 0.943300187587738,
   "00032.png": 0.9279360175132751,
   "00009.png": 0.944470226764679,
   "00033.png": 0.9211038947105408,
   "00027.png": 0.907206118106842,
   "00016.png": 0.9181295037269592,
   "00003.png": 0.9274119734764099,
   "00000.png": 0.883453369140625,
   "00035.png": 0.9473634958267212,
   "00031.png": 0.849946141242981,
   "00017.png": 0.9452441930770874,
   "00006.png": 0.9164068698883057,
   "00010.png": 0.9286768436431885,
   "00034.png": 0.9286239743232727,
   "00025.png": 0.9211181402206421,
   "00015.png": 0.8765220642089844,
   "00024.png": 0.9207523465156555,
   "00036.png": 0.8706797361373901,
   "00026.png": 0.9334329962730408,
   "00038.png": 0.8875275254249573,
   "00037.png": 0.9317004084587097
  },
  "PSNR": {
   "00014.png": 30.301136016845703,
   "00030.png": 31.045312881469727,
   "00020.png": 31.591833114624023,
   "00018.png": 32.8336067199707,
   "00019.png": 29.87117576599121,
   "00001.png": 32.901756286621094,
   "00029.png": 29.201038360595703,
   "00028.png": 30.163707733154297,
   "00004.png": 33.09003829956055,
   "00002.png": 33.58009719848633,
   "00008.png": 31.00634765625,
   "00007.png": 33.17332077026367,
   "00023.png": 27.840415954589844,
   "00012.png": 34.61576843261719,
   "00021.png": 30.532814025878906,
   "00005.png": 29.755659103393555,
   "00013.png": 31.9381160736084,
   "00022.png": 33.26423263549805,
   "00011.png": 35.60173797607422,
   "00032.png": 29.442922592163086,
   "00009.png": 33.70075225830078,
   "00033.png": 30.30274200439453,
   "00027.png": 31.369237899780273,
   "00016.png": 32.14612579345703,
   "00003.png": 34.50019454956055,
   "00000.png": 30.062253952026367,
   "00035.png": 26.74858856201172,
   "00031.png": 31.544147491455078,
   "00017.png": 34.79892349243164,
   "00006.png": 33.003448486328125,
   "00010.png": 33.40446090698242,
   "00034.png": 21.387126922607422,
   "00025.png": 32.38978958129883,
   "00015.png": 32.26711654663086,
   "00024.png": 31.131786346435547,
   "00036.png": 22.90664291381836,
   "00026.png": 31.0891170501709,
   "00038.png": 30.900772094726562,
   "00037.png": 34.12554168701172
  },
  "LPIPS": {
   "00014.png": 0.17145788669586182,
   "00030.png": 0.30641043186187744,
   "00020.png": 0.18055860698223114,
   "00018.png": 0.24933722615242004,
   "00019.png": 0.17873132228851318,
   "00001.png": 0.19744683802127838,
   "00029.png": 0.25045058131217957,
   "00028.png": 0.24601954221725464,
   "00004.png": 0.19344191253185272,
   "00002.png": 0.21712428331375122,
   "00008.png": 0.1935795545578003,
   "00007.png": 0.16427823901176453,
   "00023.png": 0.20582833886146545,
   "00012.png": 0.17202024161815643,
   "00021.png": 0.31120768189430237,
   "00005.png": 0.18955038487911224,
   "00013.png": 0.20151852071285248,
   "00022.png": 0.16287630796432495,
   "00011.png": 0.17562249302864075,
   "00032.png": 0.19133606553077698,
   "00009.png": 0.16688129305839539,
   "00033.png": 0.22593992948532104,
   "00027.png": 0.2620179355144501,
   "00016.png": 0.21555426716804504,
   "00003.png": 0.1890459954738617,
   "00000.png": 0.21494808793067932,
   "00035.png": 0.2673042416572571,
   "00031.png": 0.30283284187316895,
   "00017.png": 0.1637621521949768,
   "00006.png": 0.20225469768047333,
   "00010.png": 0.19084304571151733,
   "00034.png": 0.3024294376373291,
   "00025.png": 0.23062872886657715,
   "00015.png": 0.25303372740745544,
   "00024.png": 0.2507169842720032,
   "00036.png": 0.3768763542175293,
   "00026.png": 0.19839057326316833,
   "00038.png": 0.3146936893463135,
   "00037.png": 0.27281731367111206
  }
 },
 "ours_7000": {
  "SSIM": {
   "00014.png": 0.9177834987640381,
   "00030.png": 0.8870769739151001,
   "00020.png": 0.8914381265640259,
   "00018.png": 0.9056821465492249,
   "00019.png": 0.9090716242790222,
   "00001.png": 0.8517484068870544,
   "00029.png": 0.8424200415611267,
   "00028.png": 0.8528465032577515,
   "00004.png": 0.9349614977836609,
   "00002.png": 0.8331422209739685,
   "00008.png": 0.9027953743934631,
   "00007.png": 0.9322858452796936,
   "00023.png": 0.8419553637504578,
   "00012.png": 0.9272197484970093,
   "00021.png": 0.8763546943664551,
   "00005.png": 0.8897786140441895,
   "00013.png": 0.8696571588516235,
   "00022.png": 0.8874742388725281,
   "00011.png": 0.9157471060752869,
   "00032.png": 0.9026778936386108,
   "00009.png": 0.9255853891372681,
   "00033.png": 0.8926641941070557,
   "00027.png": 0.895850419998169,
   "00016.png": 0.8786900639533997,
   "00003.png": 0.8894826769828796,
   "00000.png": 0.8415583372116089,
   "00035.png": 0.9215841889381409,
   "00031.png": 0.8192619681358337,
   "00017.png": 0.9296301603317261,
   "00006.png": 0.8677520155906677,
   "00010.png": 0.8927479982376099,
   "00034.png": 0.9058017730712891,
   "00025.png": 0.9104472994804382,
   "00015.png": 0.8318023085594177,
   "00024.png": 0.9003844261169434,
   "00036.png": 0.8590075969696045,
   "00026.png": 0.9091929793357849,
   "00038.png": 0.8774542212486267,
   "00037.png": 0.9248622059822083
  },
  "PSNR": {
   "00014.png": 27.76490020751953,
   "00030.png": 30.121986389160156,
   "00020.png": 29.276906967163086,
   "00018.png": 30.72014045715332,
   "00019.png": 27.42487335205078,
   "00001.png": 30.861499786376953,
   "00029.png": 25.107938766479492,
   "00028.png": 26.348896026611328,
   "00004.png": 31.308448791503906,
   "00002.png": 29.850669860839844,
   "00008.png": 28.542457580566406,
   "00007.png": 31.221054077148438,
   "00023.png": 25.123884201049805,
   "00012.png": 32.77969741821289,
   "00021.png": 28.792097091674805,
   "00005.png": 26.02508544921875,
   "00013.png": 28.48096466064453,
   "00022.png": 30.39385986328125,
   "00011.png": 32.00448226928711,
   "00032.png": 26.892162322998047,
   "00009.png": 31.300146102905273,
   "00033.png": 27.248252868652344,
   "00027.png": 30.18628692626953,
   "00016.png": 28.909698486328125,
   "00003.png": 32.25132369995117,
   "00000.png": 28.36602020263672,
   "00035.png": 23.268110275268555,
   "00031.png": 31.286922454833984,
   "00017.png": 32.06211853027344,
   "00006.png": 30.854625701904297,
   "00010.png": 31.564292907714844,
   "00034.png": 19.109928131103516,
   "00025.png": 30.212032318115234,
   "00015.png": 30.45197296142578,
   "00024.png": 28.84471893310547,
   "00036.png": 23.212478637695312,
   "00026.png": 27.91059112548828,
   "00038.png": 30.108646392822266,
   "00037.png": 30.389541625976562
  },
  "LPIPS": {
   "00014.png": 0.20230263471603394,
   "00030.png": 0.3324595093727112,
   "00020.png": 0.24317233264446259,
   "00018.png": 0.2809610664844513,
   "00019.png": 0.2263224571943283,
   "00001.png": 0.26626354455947876,
   "00029.png": 0.3369219899177551,
   "00028.png": 0.32348114252090454,
   "00004.png": 0.21583515405654907,
   "00002.png": 0.2936397194862366,
   "00008.png": 0.23153060674667358,
   "00007.png": 0.2026558220386505,
   "00023.png": 0.2808198928833008,
   "00012.png": 0.20392826199531555,
   "00021.png": 0.3192386031150818,
   "00005.png": 0.23917841911315918,
   "00013.png": 0.2652866840362549,
   "00022.png": 0.2326611429452896,
   "00011.png": 0.22049207985401154,
   "00032.png": 0.2240021675825119,
   "00009.png": 0.20471251010894775,
   "00033.png": 0.28145670890808105,
   "00027.png": 0.2971894145011902,