{
 "ours_30000": {
  "SSIM": 0.9166438579559326,
  "PSNR": 31.26999855041504,
  "LPIPS": 0.22460941970348358
 },
 "ours_7000": {
  "SSIM": 0.8883559107780457,
  "PSNR": 28.886659622192383,
  "LPIPS": 0.27214279770851135
 }
}