{
 "ours_30000": {
  "SSIM": {
   "00014.png": 0.9382373690605164,
   "00030.png": 0.8863334655761719,
   "00020.png": 0.9268956780433655,
   "00018.png": 0.9235622882843018,
   "00019.png": 0.9328800439834595,
   "00001.png": 0.8998845815658569,
   "00029.png": 0.9071603417396545,
   "00028.png": 0.9053129553794861,
   "00004.png": 0.9463511109352112,
   "00002.png": 0.8944299817085266,
   "00008.png": 0.9273378849029541,
   "00007.png": 0.9563409090042114,
   "00023.png": 0.8906663656234741,
   "00012.png": 0.9409350752830505,
   "00021.png": 0.8690909743309021,
   "00005.png": 0.922097384929657,
   "00013.png": 0.9152947664260864,
   "00022.png": 0.9270695447921753,
   "00011.png": 0.9424348473548889,
   "00032.png": 0.92841637134552,
   "00009.png": 0.9446021914482117,
   "00033.png": 0.9214904308319092,
   "00027.png": 0.9073140621185303,
   "00016.png": 0.9173446893692017,
   "00003.png": 0.9270007014274597,
   "00000.png": 0.8801990747451782,
   "00035.png": 0.945929229259491,
   "00031.png": 0.8481600284576416,
   "00017.png": 0.9455868601799011,
   "00006.png": 0.9166401624679565,
   "00010.png": 0.9292882084846497,
   "00034.png": 0.938676655292511,
   "00025.png": 0.921131432056427,
   "00015.png": 0.876510739326477,
   "00024.png": 0.9194105267524719,
   "00036.png": 0.8733853101730347,
   "00026.png": 0.933942437171936,
   "00038.png": 0.8899213671684265,
   "00037.png": 0.9314042925834656
  },
  "PSNR": {
   "00014.png": 29.899269104003906,
   "00030.png": 31.016767501831055,
   "00020.png": 31.02677345275879,
   "00018.png": 32.76210021972656,
   "00019.png": 29.953060150146484,
   "00001.png": 33.43769836425781,
   "00029.png": 28.706890106201172,
   "00028.png": 29.997282028198242,
   "00004.png": 33.51896667480469,
   "00002.png": 33.779701232910156,
   "00008.png": 31.136981964111328,
   "00007.png": 34.087215423583984,
   "00023.png": 27.52386474609375,
   "00012.png": 34.7347297668457,
   "00021.png": 30.61500358581543,
   "00005.png": 29.79140281677246,
   "00013.png": 32.06611251831055,
   "00022.png": 33.65110778808594,
   "00011.png": 35.65616989135742,
   "00032.png": 28.59093475341797,
   "00009.png": 34.175193786621094,
   "00033.png": 29.982755661010742,
   "00027.png": 31.544389724731445,
   "00016.png": 32.19096374511719,
   "00003.png": 34.84941482543945,
   "00000.png": 30.17473030090332,
   "00035.png": 26.650489807128906,
   "00031.png": 31.776552200317383,
   "00017.png": 34.809261322021484,
   "00006.png": 32.95899963378906,
   "00010.png": 33.573577880859375,
   "00034.png": 23.84003448486328,
   "00025.png": 32.300506591796875,
   "00015.png": 32.44375991821289,
   "00024.png": 31.07181167602539,
   "00036.png": 23.590618133544922,
   "00026.png": 30.791603088378906,
   "00038.png": 31.231761932373047,
   "00037.png": 33.87979507446289
  },
  "LPIPS": {
   "00014.png": 0.1715662181377411,
   "00030.png": 0.30571502447128296,
   "00020.png": 0.17981648445129395,
   "00018.png": 0.24809320271015167,
   "00019.png": 0.17755793035030365,
   "00001.png": 0.1996905356645584,
   "00029.png": 0.2578481435775757,
   "00028.png": 0.24804937839508057,
   "00004.png": 0.19117654860019684,
   "00002.png": 0.2158522605895996,
   "00008.png": 0.19407904148101807,
   "00007.png": 0.16198213398456573,
   "00023.png": 0.20915329456329346,
   "00012.png": 0.1726042777299881,
   "00021.png": 0.3094537556171417,
   "00005.png": 0.18708959221839905,
   "00013.png": 0.20025040209293365,
   "00022.png": 0.16419026255607605,
   "00011.png": 0.17643897235393524,
   "00032.png": 0.19153176248073578,
   "00009.png": 0.16728708148002625,
   "00033.png": 0.2276281714439392,
   "00027.png": 0.2612261176109314,
   "00016.png": 0.21815255284309387,
   "00003.png": 0.19046679139137268,
   "00000.png": 0.21278241276741028,
   "00035.png": 0.2686534523963928,
   "00031.png": 0.3062918782234192,
   "00017.png": 0.1630595326423645,
   "00006.png": 0.20030803978443146,
   "00010.png": 0.1894747018814087,
   "00034.png": 0.29064393043518066,
   "00025.png": 0.23003441095352173,
   "00015.png": 0.2536669969558716,
   "00024.png": 0.2512654960155487,
   "00036.png": 0.3759313225746155,
   "00026.png": 0.194570392370224,
   "00038.png": 0.30988800525665283,
   "00037.png": 0.270779013633728
  }
 },
 "ours_7000": {
  "SSIM": {
   "00014.png": 0.9172306656837463,
   "00030.png": 0.8881511092185974,
   "00020.png": 0.8973356485366821,
   "00018.png": 0.9089481830596924,
   "00019.png": 0.9116236567497253,
   "00001.png": 0.8636433482170105,
   "00029.png": 0.848070502281189,
   "00028.png": 0.8565651774406433,
   "00004.png": 0.9397515654563904,
   "00002.png": 0.8400617241859436,
   "00008.png": 0.9069682955741882,
   "00007.png": 0.9374834299087524,
   "00023.png": 0.851621150970459,
   "00012.png": 0.927501380443573,
   "00021.png": 0.8748690485954285,
   "00005.png": 0.8878865242004395,
   "00013.png": 0.8713408708572388,
   "00022.png": 0.8934839367866516,
   "00011.png": 0.9209400415420532,
   "00032.png": 0.9109730124473572,
   "00009.png": 0.9281907677650452,
   "00033.png": 0.9056171774864197,
   "00027.png": 0.8989179730415344,
   "00016.png": 0.8833539485931396,
   "00003.png": 0.8921358585357666,
   "00000.png": 0.8460858464241028,
   "00035.png": 0.9193816184997559,
   "00031.png": 0.8213611841201782,
   "00017.png": 0.9303812980651855,
   "00006.png": 0.8730126023292542,
   "00010.png": 0.8964250087738037,
   "00034.png": 0.8969206213951111,
   "00025.png": 0.9125757813453674,
   "00015.png": 0.835149347782135,
   "00024.png": 0.900803804397583,
   "00036.png": 0.8653022050857544,
   "00026.png": 0.9114828109741211,
   "00038.png": 0.878244161605835,
   "00037.png": 0.9261245131492615
  },
  "PSNR": {
   "00014.png": 27.822492599487305,
   "00030.png": 30.291805267333984,
   "00020.png": 29.29323387145996,
   "00018.png": 30.857839584350586,
   "00019.png": 27.657995223999023,
   "00001.png": 31.475414276123047,
   "00029.png": 25.195777893066406,
   "00028.png": 26.574989318847656,
   "00004.png": 32.110595703125,
   "00002.png": 30.274770736694336,
   "00008.png": 28.84697151184082,
   "00007.png": 32.040504455566406,
   "00023.png": 25.741586685180664,
   "00012.png": 32.73094940185547,
   "00021.png": 29.05430793762207,
   "00005.png": 26.047666549682617,
   "00013.png": 28.494441986083984,
   "00022.png": 30.645004272460938,
   "00011.png": 32.54230499267578,
   "00032.png": 27.44266700744629,
   "00009.png": 31.823760986328125,
   "00033.png": 28.3720703125,
   "00027.png": 30.394229888916016,
   "00016.png": 29.430082321166992,
   "00003.png": 32.143367767333984,
   "00000.png": 28.83519744873047,
   "00035.png": 22.3316650390625,
   "00031.png": 31.637475967407227,
   "00017.png": 32.062068939208984,
   "00006.png": 31.136642456054688,
   "00010.png": 31.745731353759766,
   "00034.png": 18.181697845458984,
   "00025.png": 30.313182830810547,
   "00015.png": 30.50623893737793,
   "00024.png": 28.895170211791992,
   "00036.png": 23.735660552978516,
   "00026.png": 28.287351608276367,
   "00038.png": 29.77703857421875,
   "00037.png": 29.998004913330078
  },
  "LPIPS": {
   "00014.png": 0.2027815878391266,
   "00030.png": 0.32962653040885925,
   "00020.png": 0.23513934016227722,
   "00018.png": 0.2779536843299866,
   "00019.png": 0.2230389416217804,
   "00001.png": 0.2565349340438843,
   "00029.png": 0.3275158107280731,
   "00028.png": 0.3177720904350281,
   "00004.png": 0.209314227104187,
   "00002.png": 0.28547853231430054,
   "00008.png": 0.22482846677303314,
   "00007.png": 0.1959928274154663,
   "00023.png": 0.2695367932319641,
   "00012.png": 0.19958031177520752,
   "00021.png": 0.320127010345459,
   "00005.png": 0.23442456126213074,
   "00013.png": 0.25709134340286255,
   "00022.png": 0.22505493462085724,
   "00011.png": 0.21375831961631775,
   "00032.png": 0.21631856262683868,
   "00009.png": 0.20140360295772552,
   "00033.png": 0.2724253535270691,
   "00027.png": 0.2921909689903259,
   "00016.png": 0.2664618492126465,