{
 "ours_30000": {
  "SSIM": 0.9166326522827148,
  "PSNR": 31.37918472290039,
  "LPIPS": 0.22421152889728546
 },
 "ours_7000": {
  "SSIM": 0.891690194606781,
  "PSNR": 29.09610366821289,
  "LPIPS": 0.26700833439826965
 }
}