{
 "ours_30000": {
  "SSIM": {
   "00014.png": 0.9525511264801025,
   "00030.png": 0.9603705406188965,
   "00020.png": 0.9479842185974121,
   "00018.png": 0.9404858946800232,
   "00019.png": 0.9407663941383362,
   "00001.png": 0.9369472861289978,
   "00029.png": 0.9500251412391663,
   "00028.png": 0.9567261338233948,
   "00004.png": 0.9533660411834717,
   "00002.png": 0.9551852941513062,
   "00008.png": 0.953649640083313,
   "00007.png": 0.9522198438644409,
   "00023.png": 0.9471766948699951,
   "00012.png": 0.907309889793396,
   "00021.png": 0.9536476731300354,
   "00005.png": 0.956263542175293,
   "00013.png": 0.9423924684524536,
   "00022.png": 0.9435086846351624,
   "00011.png": 0.9436076879501343,
   "00032.png": 0.9536793828010559,
   "00009.png": 0.933621883392334,
   "00033.png": 0.9605988264083862,
   "00027.png": 0.9524955749511719,
   "00016.png": 0.9373959898948669,
   "00003.png": 0.9500687718391418,
   "00000.png": 0.9211244583129883,
   "00035.png": 0.9072374701499939,
   "00031.png": 0.9395398497581482,
   "00017.png": 0.9457679986953735,
   "00006.png": 0.9503331780433655,
   "00010.png": 0.9435819387435913,
   "00034.png": 0.8780941367149353,
   "00025.png": 0.946121871471405,
   "00015.png": 0.9265989065170288,
   "00024.png": 0.9426287412643433,
   "00036.png": 0.9401386976242065,
   "00026.png": 0.9447592496871948
  },
  "PSNR": {
   "00014.png": 34.822166442871094,
   "00030.png": 36.23421096801758,
   "00020.png": 35.55799102783203,
   "00018.png": 33.35344696044922,
   "00019.png": 33.50726318359375,
   "00001.png": 31.92772674560547,
   "00029.png": 34.287315368652344,
   "00028.png": 35.07445526123047,
   "00004.png": 35.107391357421875,
   "00002.png": 35.47145080566406,
   "00008.png": 34.61514663696289,
   "00007.png": 35.40568542480469,
   "00023.png": 34.720523834228516,
   "00012.png": 28.063352584838867,
   "00021.png": 35.656986236572266,
   "00005.png": 36.092735290527344,
   "00013.png": 31.925304412841797,
   "00022.png": 35.24713897705078,
   "00011.png": 30.55462074279785,
   "00032.png": 36.901695251464844,
   "00009.png": 25.97153663635254,
   "00033.png": 36.7743034362793,
   "00027.png": 33.88874435424805,
   "00016.png": 29.668716430664062,
   "00003.png": 33.164833068847656,
   "00000.png": 27.859905242919922,
   "00035.png": 27.8127498626709,
   "00031.png": 33.76666259765625,
   "00017.png": 34.3885612487793,
   "00006.png": 33.9640998840332,
   "00010.png": 32.552284240722656,
   "00034.png": 22.51681137084961,
   "00025.png": 32.84084701538086,
   "00015.png": 28.69378089904785,
   "00024.png": 33.93265151977539,
   "00036.png": 31.662105560302734,
   "00026.png": 32.775482177734375
  },
  "LPIPS": {
   "00014.png": 0.13205914199352264,
   "00030.png": 0.2217102199792862,
   "00020.png": 0.23030376434326172,
   "00018.png": 0.19009649753570557,
   "00019.png": 0.21748395264148712,
   "00001.png": 0.17162179946899414,
   "00029.png": 0.23557493090629578,
   "00028.png": 0.23061442375183105,
   "00004.png": 0.15566445887088776,
   "00002.png": 0.15107689797878265,
   "00008.png": 0.15324412286281586,
   "00007.png": 0.15919353067874908,
   "00023.png": 0.2135336548089981,
   "00012.png": 0.21552646160125732,
   "00021.png": 0.2078637182712555,
   "00005.png": 0.1524876356124878,
   "00013.png": 0.13872607052326202,
   "00022.png": 0.23018525540828705,
   "00011.png": 0.16423574090003967,
   "00032.png": 0.20371383428573608,
   "00009.png": 0.163222536444664,
   "00033.png": 0.17720158398151398,
   "00027.png": 0.24649783968925476,
   "00016.png": 0.17789724469184875,
   "00003.png": 0.17715775966644287,
   "00000.png": 0.21315981447696686,
   "00035.png": 0.19942894577980042,
   "00031.png": 0.2201196402311325,
   "00017.png": 0.18241021037101746,
   "00006.png": 0.1754329651594162,
   "00010.png": 0.14212489128112793,
   "00034.png": 0.1879132241010666,
   "00025.png": 0.2726055979728699,
   "00015.png": 0.22344720363616943,
   "00024.png": 0.27000975608825684,
   "00036.png": 0.26976123452186584,
   "00026.png": 0.2768218517303467
  }
 },
 "ours_7000": {
  "SSIM": {
   "00014.png": 0.9437183737754822,
   "00030.png": 0.9557111859321594,
   "00020.png": 0.9434847831726074,
   "00018.png": 0.9335265755653381,
   "00019.png": 0.9306743741035461,
   "00001.png": 0.9274084568023682,
   "00029.png": 0.9456947445869446,
   "00028.png": 0.9506230354309082,
   "00004.png": 0.9453140497207642,
   "00002.png": 0.9461847543716431,
   "00008.png": 0.9477037191390991,
   "00007.png": 0.9454877376556396,
   "00023.png": 0.9401360154151917,
   "00012.png": 0.9054502248764038,
   "00021.png": 0.9475229382514954,
   "00005.png": 0.9506655335426331,
   "00013.png": 0.9405964016914368,
   "00022.png": 0.9334405660629272,
   "00011.png": 0.9340912699699402,
   "00032.png": 0.9454426765441895,
   "00009.png": 0.922705888748169,
   "00033.png": 0.954311728477478,
   "00027.png": 0.9473346471786499,
   "00016.png": 0.9294049143791199,
   "00003.png": 0.9435169100761414,
   "00000.png": 0.8993148803710938,
   "00035.png": 0.9255428910255432,
   "00031.png": 0.9341844916343689,
   "00017.png": 0.9391676187515259,
   "00006.png": 0.9430252909660339,
   "00010.png": 0.9338551163673401,
   "00034.png": 0.9102627038955688,
   "00025.png": 0.9398335218429565,
   "00015.png": 0.9183435440063477,
   "00024.png": 0.9381119012832642,
   "00036.png": 0.9348125457763672,
   "00026.png": 0.942136824131012
  },
  "PSNR": {
   "00014.png": 33.32493209838867,
   "00030.png": 34.84947204589844,
   "00020.png": 34.357906341552734,
   "00018.png": 32.28653335571289,
   "00019.png": 32.12969970703125,
   "00001.png": 29.02670669555664,
   "00029.png": 33.292240142822266,
   "00028.png": 32.796295166015625,
   "00004.png": 33.79132843017578,
   "00002.png": 33.493141174316406,
   "00008.png": 33.40629196166992,
   "00007.png": 33.84346389770508,
   "00023.png": 32.81768035888672,
   "00012.png": 27.965471267700195,
   "00021.png": 33.95368194580078,
   "00005.png": 34.96485137939453,
   "00013.png": 30.880855560302734,
   "00022.png": 33.139137268066406,
   "00011.png": 28.814565658569336,
   "00032.png": 34.69041442871094,
   "00009.png": 24.701499938964844,
   "00033.png": 34.686710357666016,
   "00027.png": 33.322784423828125,
   "00016.png": 28.975048065185547,
   "00003.png": 32.08757781982422,
   "00000.png": 25.575424194335938,
   "00035.png": 29.422382354736328,
   "00031.png": 32.815406799316406,
   "00017.png": 32.87322235107422,
   "00006.png": 32.407470703125,
   "00010.png": 31.567913055419922,
   "00034.png": 26.50692367553711,
   "00025.png": 31.256132125854492,
   "00015.png": 27.397613525390625,
   "00024.png": 32.74755859375,
   "00036.png": 29.491395950317383,
   "00026.png": 32.68523406982422
  },
  "LPIPS": {
   "00014.png": 0.14985992014408112,
   "00030.png": 0.23440510034561157,
   "00020.png": 0.243954598903656,
   "00018.png": 0.20493565499782562,
   "00019.png": 0.23358137905597687,
   "00001.png": 0.18537108600139618,
   "00029.png": 0.24993427097797394,
   "00028.png": 0.24288815259933472,
   "00004.png": 0.16869255900382996,
   "00002.png": 0.16559846699237823,
   "00008.png": 0.16414913535118103,
   "00007.png": 0.17304636538028717,
   "00023.png": 0.22861942648887634,
   "00012.png": 0.23007464408874512,
   "00021.png": 0.22243405878543854,
   "00005.png": 0.16578206419944763,
   "00013.png": 0.15337184071540833,
   "00022.png": 0.25034111738204956,
   "00011.png": 0.18504047393798828,
   "00032.png": 0.2201061248779297,
   "00009.png": 0.18391942977905273,
   "00033.png": 0.1874615103006363,
   "00027.png": 0.25715410709381104,
   "00016.png": 0.1957021802663803,
   "00003.png": 0.18830309808254242,
   "00000.png": 0.2219332754611969,
   "00035.png": 0.20283983647823334,
   "00031.png": 0.23043036460876465,
   "00017.png": 0.1967296302318573,
   "00006.png": 0.19048309326171875,
   "00010.png": 0.15724341571331024,
   "00034.png": 0.18638615310192108,
   "00025.png": 0.2845657467842102,