{
 "ours_30000": {
  "SSIM": 0.9423776865005493,
  "PSNR": 32.88542556762695,
  "LPIPS": 0.19865210354328156
 },
 "ours_7000": {
  "SSIM": 0.9369930624961853,
  "PSNR": 31.684999465942383,
  "LPIPS": 0.21217019855976105
 }
}