{
 "ours_30000": {
  "SSIM": {
   "00014.png": 0.9378088712692261,
   "00030.png": 0.93377685546875,
   "00020.png": 0.9386411905288696,
   "00018.png": 0.9092949032783508,
   "00019.png": 0.9336733222007751,
   "00001.png": 0.9232759475708008,
   "00029.png": 0.9207373857498169,
   "00028.png": 0.9456967711448669,
   "00004.png": 0.9396940469741821,
   "00002.png": 0.9450812935829163,
   "00008.png": 0.9131630659103394,
   "00007.png": 0.9421613812446594,
   "00023.png": 0.935049831867218,
   "00012.png": 0.9370142221450806,
   "00021.png": 0.9320431351661682,
   "00005.png": 0.9278551340103149,
   "00013.png": 0.9522740244865417,
   "00022.png": 0.9454997181892395,
   "00011.png": 0.9084864258766174,
   "00032.png": 0.9547436237335205,
   "00009.png": 0.9288938045501709,
   "00033.png": 0.9214720726013184,
   "00027.png": 0.7660443782806396,
   "00016.png": 0.9367267489433289,
   "00003.png": 0.9457382559776306,
   "00000.png": 0.8979173898696899,
   "00031.png": 0.9382132887840271,
   "00017.png": 0.9295973181724548,
   "00006.png": 0.8095096945762634,
   "00010.png": 0.9517337083816528,
   "00034.png": 0.763626754283905,
   "00025.png": 0.9437399506568909,
   "00015.png": 0.9408362507820129,
   "00024.png": 0.9425750374794006,
   "00026.png": 0.9464540481567383
  },
  "PSNR": {
   "00014.png": 30.937789916992188,
   "00030.png": 32.7203369140625,
   "00020.png": 32.59172439575195,
   "00018.png": 29.530628204345703,
   "00019.png": 31.078022003173828,
   "00001.png": 27.352598190307617,
   "00029.png": 31.932876586914062,
   "00028.png": 31.991012573242188,
   "00004.png": 29.264923095703125,
   "00002.png": 31.353530883789062,
   "00008.png": 30.029693603515625,
   "00007.png": 29.99932098388672,
   "00023.png": 32.959129333496094,
   "00012.png": 30.09050750732422,
   "00021.png": 32.4306526184082,
   "00005.png": 28.722148895263672,
   "00013.png": 33.55485916137695,
   "00022.png": 33.895286560058594,
   "00011.png": 31.07069969177246,
   "00032.png": 34.70839309692383,
   "00009.png": 31.334009170532227,
   "00033.png": 30.107393264770508,
   "00027.png": 27.23017692565918,
   "00016.png": 31.29945945739746,
   "00003.png": 30.058818817138672,
   "00000.png": 26.45315170288086,
   "00031.png": 31.726476669311523,
   "00017.png": 32.66592025756836,
   "00006.png": 28.163162231445312,
   "00010.png": 32.73453140258789,
   "00034.png": 27.88399887084961,
   "00025.png": 32.42281723022461,
   "00015.png": 30.71915626525879,
   "00024.png": 31.276229858398438,
   "00026.png": 33.40773010253906
  },
  "LPIPS": {
   "00014.png": 0.11681234836578369,
   "00030.png": 0.1327497810125351,
   "00020.png": 0.10861048847436905,
   "00018.png": 0.14504393935203552,
   "00019.png": 0.12504179775714874,
   "00001.png": 0.1261477768421173,
   "00029.png": 0.13507983088493347,
   "00028.png": 0.08232918381690979,
   "00004.png": 0.11001048237085342,
   "00002.png": 0.10712282359600067,
   "00008.png": 0.1556500792503357,
   "00007.png": 0.0985884889960289,
   "00023.png": 0.1395496129989624,
   "00012.png": 0.12371451407670975,
   "00021.png": 0.13101054728031158,
   "00005.png": 0.12973392009735107,
   "00013.png": 0.13262245059013367,
   "00022.png": 0.11055296659469604,
   "00011.png": 0.15431663393974304,
   "00032.png": 0.13196200132369995,
   "00009.png": 0.1388806700706482,
   "00033.png": 0.1695186048746109,
   "00027.png": 0.27689307928085327,
   "00016.png": 0.12054403126239777,
   "00003.png": 0.09831950068473816,
   "00000.png": 0.15848958492279053,
   "00031.png": 0.14886654913425446,
   "00017.png": 0.13901734352111816,
   "00006.png": 0.23529478907585144,
   "00010.png": 0.1282825469970703,
   "00034.png": 0.29183119535446167,
   "00025.png": 0.0936812162399292,
   "00015.png": 0.13690683245658875,
   "00024.png": 0.101901113986969,
   "00026.png": 0.11067633330821991
  }
 },
 "ours_7000": {
  "SSIM": {
   "00014.png": 0.9170841574668884,
   "00030.png": 0.9075703024864197,
   "00020.png": 0.9121732115745544,
   "00018.png": 0.8747429847717285,
   "00019.png": 0.9090943336486816,
   "00001.png": 0.8814820647239685,
   "00029.png": 0.9105320572853088,
   "00028.png": 0.9217113852500916,
   "00004.png": 0.9104498624801636,
   "00002.png": 0.9170063138008118,
   "00008.png": 0.87937992811203,
   "00007.png": 0.9170381426811218,
   "00023.png": 0.9154205322265625,
   "00012.png": 0.901668906211853,
   "00021.png": 0.8978279829025269,
   "00005.png": 0.8999485373497009,
   "00013.png": 0.9336698055267334,
   "00022.png": 0.9211516976356506,
   "00011.png": 0.897639274597168,
   "00032.png": 0.9349902272224426,
   "00009.png": 0.8993726968765259,
   "00033.png": 0.913524866104126,
   "00027.png": 0.777725338935852,
   "00016.png": 0.9154149889945984,
   "00003.png": 0.9159221649169922,
   "00000.png": 0.8527562022209167,
   "00031.png": 0.9149185419082642,
   "00017.png": 0.9116838574409485,
   "00006.png": 0.8035345673561096,
   "00010.png": 0.932512640953064,
   "00034.png": 0.7536190748214722,
   "00025.png": 0.9155949950218201,
   "00015.png": 0.9108089804649353,
   "00024.png": 0.9043386578559875,
   "00026.png": 0.9242711663246155
  },
  "PSNR": {
   "00014.png": 27.978317260742188,
   "00030.png": 29.621536254882812,
   "00020.png": 30.862056732177734,
   "00018.png": 28.027868270874023,
   "00019.png": 28.977792739868164,
   "00001.png": 23.56804084777832,
   "00029.png": 29.032623291015625,
   "00028.png": 29.650423049926758,
   "00004.png": 26.261512756347656,
   "00002.png": 27.18939971923828,
   "00008.png": 25.963359832763672,
   "00007.png": 26.759944915771484,
   "00023.png": 31.41961669921875,
   "00012.png": 26.82727813720703,
   "00021.png": 29.191421508789062,
   "00005.png": 25.627737045288086,
   "00013.png": 30.57976722717285,
   "00022.png": 32.055450439453125,
   "00011.png": 27.42148208618164,
   "00032.png": 32.279518127441406,
   "00009.png": 29.37911033630371,
   "00033.png": 28.565021514892578,
   "00027.png": 27.263986587524414,
   "00016.png": 29.516403198242188,
   "00003.png": 27.173120498657227,
   "00000.png": 23.109758377075195,
   "00031.png": 29.668720245361328,
   "00017.png": 29.47251319885254,
   "00006.png": 27.737163543701172,
   "00010.png": 29.73577880859375,
   "00034.png": 27.134733200073242,
   "00025.png": 29.316177368164062,
   "00015.png": 27.312347412109375,
   "00024.png": 28.21855354309082,
   "00026.png": 30.962215423583984
  },
  "LPIPS": {
   "00014.png": 0.14916861057281494,
   "00030.png": 0.16503196954727173,
   "00020.png": 0.13994047045707703,
   "00018.png": 0.20078963041305542,
   "00019.png": 0.16441361606121063,
   "00001.png": 0.18236488103866577,
   "00029.png": 0.15787097811698914,
   "00028.png": 0.1175217553973198,
   "00004.png": 0.15439128875732422,
   "00002.png": 0.1411058008670807,
   "00008.png": 0.19419322907924652,
   "00007.png": 0.13100557029247284,
   "00023.png": 0.15787607431411743,
   "00012.png": 0.16685494780540466,
   "00021.png": 0.18094809353351593,
   "00005.png": 0.17748744785785675,
   "00013.png": 0.16269773244857788,
   "00022.png": 0.14768385887145996,
   "00011.png": 0.1843961477279663,
   "00032.png": 0.16852611303329468,
   "00009.png": 0.17925608158111572,
   "00033.png": 0.1851767599582672,
   "00027.png": 0.2885301113128662,
   "00016.png": 0.16376179456710815,
   "00003.png": 0.14360250532627106,
   "00000.png": 0.22309821844100952,
   "00031.png": 0.18486344814300537,
   "00017.png": 0.1774955540895462,
   "00006.png": 0.2520584166049957,
   "00010.png": 0.1593305468559265,
   "00034.png": 0.3101951777935028,
   "00025.png": 0.13825292885303497,
   "00015.png": 0.19349145889282227,
   "00024.png": 0.1513521671295166,
   "00026.png": 0.14509764313697815
  }
 }
}