{
 "ours_30000": {
  "SSIM": 0.9211156368255615,
  "PSNR": 30.962778091430664,
  "LPIPS": 0.13845010101795197
 },
 "ours_7000": {
  "SSIM": 0.8973308801651001,
  "PSNR": 28.396018981933594,
  "LPIPS": 0.1754237413406372
 }
}