{
 "ours_30000": {
  "SSIM": {
   "00014.png": 0.8874968886375427,
   "00020.png": 0.9185382127761841,
   "00018.png": 0.9085659980773926,
   "00019.png": 0.9157564640045166,
   "00001.png": 0.9126051664352417,
   "00029.png": 0.8546581268310547,
   "00028.png": 0.9122998714447021,
   "00004.png": 0.9403802752494812,
   "00002.png": 0.9119951725006104,
   "00008.png": 0.901301383972168,
   "00007.png": 0.9248517751693726,
   "00023.png": 0.9351633191108704,
   "00012.png": 0.9024759531021118,
   "00021.png": 0.906743586063385,
   "00005.png": 0.9029778242111206,
   "00013.png": 0.9194716215133667,
   "00022.png": 0.9164257645606995,
   "00011.png": 0.9170011878013611,
   "00009.png": 0.9047322869300842,
   "00027.png": 0.9223825335502625,
   "00016.png": 0.9269511103630066,
   "00003.png": 0.8446588516235352,
   "00000.png": 0.8825904130935669,
   "00017.png": 0.908434271812439,
   "00006.png": 0.9009597301483154,
   "00010.png": 0.908055305480957,
   "00025.png": 0.9403664469718933,
   "00015.png": 0.9140638709068298,
   "00024.png": 0.924253523349762,
   "00026.png": 0.9381261467933655
  },
  "PSNR": {
   "00014.png": 26.549545288085938,
   "00020.png": 31.247982025146484,
   "00018.png": 29.78131866455078,
   "00019.png": 28.744020462036133,
   "00001.png": 30.620250701904297,
   "00029.png": 25.479190826416016,
   "00028.png": 28.69371795654297,
   "00004.png": 32.38413619995117,
   "00002.png": 29.710634231567383,
   "00008.png": 30.699460983276367,
   "00007.png": 31.394596099853516,
   "00023.png": 31.595752716064453,
   "00012.png": 27.295616149902344,
   "00021.png": 29.937721252441406,
   "00005.png": 28.771549224853516,
   "00013.png": 29.885522842407227,
   "00022.png": 29.760892868041992,
   "00011.png": 30.90673828125,
   "00009.png": 28.049392700195312,
   "00027.png": 29.34326171875,
   "00016.png": 29.22522735595703,
   "00003.png": 26.35531997680664,
   "00000.png": 28.355640411376953,
   "00017.png": 28.726390838623047,
   "00006.png": 30.022823333740234,
   "00010.png": 29.233966827392578,
   "00025.png": 33.552734375,
   "00015.png": 29.915077209472656,
   "00024.png": 32.1157341003418,
   "00026.png": 32.71338653564453
  },
  "LPIPS": {
   "00014.png": 0.23188655078411102,
   "00020.png": 0.1839086413383484,
   "00018.png": 0.18610724806785583,
   "00019.png": 0.1769551932811737,
   "00001.png": 0.16701406240463257,
   "00029.png": 0.26116102933883667,
   "00028.png": 0.18720853328704834,
   "00004.png": 0.17833873629570007,
   "00002.png": 0.16537527740001678,
   "00008.png": 0.28572288155555725,
   "00007.png": 0.14214925467967987,
   "00023.png": 0.16683727502822876,
   "00012.png": 0.16345413029193878,
   "00021.png": 0.2238062024116516,
   "00005.png": 0.24776676297187805,
   "00013.png": 0.15674853324890137,
   "00022.png": 0.18104000389575958,
   "00011.png": 0.27224069833755493,
   "00009.png": 0.16236576437950134,
   "00027.png": 0.15832652151584625,
   "00016.png": 0.15131378173828125,
   "00003.png": 0.2588122487068176,
   "00000.png": 0.2297811657190323,
   "00017.png": 0.21909460425376892,
   "00006.png": 0.19358235597610474,
   "00010.png": 0.16663843393325806,
   "00025.png": 0.15267109870910645,
   "00015.png": 0.20410007238388062,
   "00024.png": 0.20195704698562622,
   "00026.png": 0.16158068180084229
  }
 },
 "ours_7000": {
  "SSIM": {
   "00014.png": 0.8706082105636597,
   "00020.png": 0.9092013239860535,
   "00018.png": 0.8979691863059998,
   "00019.png": 0.9021874070167542,
   "00001.png": 0.8982921838760376,
   "00029.png": 0.8524510264396667,
   "00028.png": 0.9046259522438049,
   "00004.png": 0.9336686730384827,
   "00002.png": 0.9056899547576904,
   "00008.png": 0.8835165500640869,
   "00007.png": 0.9128411412239075,
   "00023.png": 0.9285540580749512,
   "00012.png": 0.8902113437652588,
   "00021.png": 0.8951617479324341,
   "00005.png": 0.9038800001144409,
   "00013.png": 0.9053913354873657,
   "00022.png": 0.9087508916854858,
   "00011.png": 0.9130588173866272,
   "00009.png": 0.8890230655670166,
   "00027.png": 0.9076849222183228,
   "00016.png": 0.9166788458824158,
   "00003.png": 0.8449817299842834,
   "00000.png": 0.8685103058815002,
   "00017.png": 0.9005969762802124,
   "00006.png": 0.8933373093605042,
   "00010.png": 0.8971393704414368,
   "00025.png": 0.9307550191879272,
   "00015.png": 0.9063295125961304,
   "00024.png": 0.915867805480957,
   "00026.png": 0.9298350214958191
  },
  "PSNR": {
   "00014.png": 25.397869110107422,
   "00020.png": 30.237228393554688,
   "00018.png": 28.584917068481445,
   "00019.png": 27.435762405395508,
   "00001.png": 29.42701530456543,
   "00029.png": 25.278697967529297,
   "00028.png": 27.160127639770508,
   "00004.png": 31.263532638549805,
   "00002.png": 28.96942901611328,
   "00008.png": 29.424131393432617,
   "00007.png": 29.88846778869629,
   "00023.png": 30.64510726928711,
   "00012.png": 26.141639709472656,
   "00021.png": 28.827743530273438,
   "00005.png": 29.410953521728516,
   "00013.png": 28.834331512451172,
   "00022.png": 28.905189514160156,
   "00011.png": 30.465917587280273,
   "00009.png": 27.015657424926758,
   "00027.png": 28.104442596435547,
   "00016.png": 28.4232177734375,
   "00003.png": 25.95586585998535,
   "00000.png": 26.58363151550293,
   "00017.png": 27.115800857543945,
   "00006.png": 29.054161071777344,
   "00010.png": 28.363658905029297,
   "00025.png": 32.01415252685547,
   "00015.png": 29.13386344909668,
   "00024.png": 31.299137115478516,
   "00026.png": 31.60842514038086
  },
  "LPIPS": {
   "00014.png": 0.2540803551673889,
   "00020.png": 0.20330798625946045,
   "00018.png": 0.2021273374557495,
   "00019.png": 0.19525638222694397,
   "00001.png": 0.1932394653558731,
   "00029.png": 0.27141425013542175,
   "00028.png": 0.20144882798194885,
   "00004.png": 0.19728106260299683,
   "00002.png": 0.1805320531129837,
   "00008.png": 0.3144456744194031,
   "00007.png": 0.1626192182302475,
   "00023.png": 0.18337726593017578,
   "00012.png": 0.1809079647064209,
   "00021.png": 0.2420606166124344,
   "00005.png": 0.2580674886703491,
   "00013.png": 0.17770080268383026,
   "00022.png": 0.20006613433361053,
   "00011.png": 0.2820889353752136,
   "00009.png": 0.1861458122730255,
   "00027.png": 0.17970067262649536,
   "00016.png": 0.16785916686058044,
   "00003.png": 0.2656688094139099,
   "00000.png": 0.2547106146812439,
   "00017.png": 0.2371886670589447,
   "00006.png": 0.208562433719635,
   "00010.png": 0.18325909972190857,
   "00025.png": 0.16841855645179749,
   "00015.png": 0.21707957983016968,
   "00024.png": 0.220041424036026,
   "00026.png": 0.17815227806568146
  }
 }
}