{
 "ours_30000": {
  "SSIM": 0.9101427793502808,
  "PSNR": 29.702251434326172,
  "LPIPS": 0.19459816813468933
 },
 "ours_7000": {
  "SSIM": 0.9005599617958069,
  "PSNR": 28.699005126953125,
  "LPIPS": 0.2122269719839096
 }
}