{
 "ours_30000": {
  "SSIM": {
   "00014.png": 0.8861566781997681,
   "00020.png": 0.8842360377311707,
   "00018.png": 0.8869096040725708,
   "00019.png": 0.9034385085105896,
   "00001.png": 0.753480851650238,
   "00004.png": 0.7736396193504333,
   "00002.png": 0.8511962890625,
   "00008.png": 0.8606542348861694,
   "00007.png": 0.9014936685562134,
   "00023.png": 0.8897966146469116,
   "00012.png": 0.8529574871063232,
   "00021.png": 0.8188149929046631,
   "00005.png": 0.8494282960891724,
   "00013.png": 0.8806710243225098,
   "00022.png": 0.8567172288894653,
   "00011.png": 0.8866084218025208,
   "00009.png": 0.8525332808494568,
   "00016.png": 0.8375223278999329,
   "00003.png": 0.808428943157196,
   "00000.png": 0.82477205991745,
   "00017.png": 0.8994100093841553,
   "00006.png": 0.8979237675666809,
   "00010.png": 0.8740226626396179,
   "00015.png": 0.8181312680244446
  },
  "PSNR": {
   "00014.png": 29.744644165039062,
   "00020.png": 29.066116333007812,
   "00018.png": 28.114473342895508,
   "00019.png": 28.945480346679688,
   "00001.png": 22.481796264648438,
   "00004.png": 20.366077423095703,
   "00002.png": 27.672569274902344,
   "00008.png": 27.043716430664062,
   "00007.png": 28.797618865966797,
   "00023.png": 28.12881851196289,
   "00012.png": 27.289323806762695,
   "00021.png": 25.769886016845703,
   "00005.png": 26.23572540283203,
   "00013.png": 29.12179183959961,
   "00022.png": 27.303207397460938,
   "00011.png": 28.304054260253906,
   "00009.png": 27.053911209106445,
   "00016.png": 27.63116455078125,
   "00003.png": 24.868492126464844,
   "00000.png": 23.75381851196289,
   "00017.png": 29.992210388183594,
   "00006.png": 29.22631072998047,
   "00010.png": 26.478687286376953,
   "00015.png": 25.83840560913086
  },
  "LPIPS": {
   "00014.png": 0.10853613168001175,
   "00020.png": 0.11070143431425095,
   "00018.png": 0.11542192101478577,
   "00019.png": 0.11899309605360031,
   "00001.png": 0.16982558369636536,
   "00004.png": 0.166818767786026,
   "00002.png": 0.11609558761119843,
   "00008.png": 0.11309545487165451,
   "00007.png": 0.10111258924007416,
   "00023.png": 0.10740041732788086,
   "00012.png": 0.12034550309181213,
   "00021.png": 0.13723501563072205,
   "00005.png": 0.12549513578414917,
   "00013.png": 0.10876837372779846,
   "00022.png": 0.11731967329978943,
   "00011.png": 0.10820597410202026,
   "00009.png": 0.11448434740304947,
   "00016.png": 0.11809869110584259,
   "00003.png": 0.13105741143226624,
   "00000.png": 0.13808076083660126,
   "00017.png": 0.11016152799129486,
   "00006.png": 0.1041417121887207,
   "00010.png": 0.1147691011428833,
   "00015.png": 0.12185053527355194
  }
 },
 "ours_7000": {
  "SSIM": {
   "00014.png": 0.807917594909668,
   "00020.png": 0.815035879611969,
   "00018.png": 0.7879073023796082,
   "00019.png": 0.8099583983421326,
   "00001.png": 0.6780381798744202,
   "00004.png": 0.703792929649353,
   "00002.png": 0.7921634316444397,
   "00008.png": 0.8077937364578247,
   "00007.png": 0.824961245059967,
   "00023.png": 0.8279450535774231,
   "00012.png": 0.7880598902702332,
   "00021.png": 0.7536147832870483,
   "00005.png": 0.7720657587051392,
   "00013.png": 0.8127278089523315,
   "00022.png": 0.7715761661529541,
   "00011.png": 0.8134176731109619,
   "00009.png": 0.8041546940803528,
   "00016.png": 0.7796156406402588,
   "00003.png": 0.748997688293457,
   "00000.png": 0.7530235648155212,
   "00017.png": 0.8198054432868958,
   "00006.png": 0.8278648853302002,
   "00010.png": 0.7922898530960083,
   "00015.png": 0.776587724685669
  },
  "PSNR": {
   "00014.png": 27.346691131591797,
   "00020.png": 27.10183334350586,
   "00018.png": 25.164669036865234,
   "00019.png": 26.07820701599121,
   "00001.png": 21.432077407836914,
   "00004.png": 19.75039291381836,
   "00002.png": 26.094186782836914,
   "00008.png": 25.700990676879883,
   "00007.png": 25.80483627319336,
   "00023.png": 26.30567741394043,
   "00012.png": 25.790512084960938,
   "00021.png": 24.540695190429688,
   "00005.png": 24.830121994018555,
   "00013.png": 27.543542861938477,
   "00022.png": 24.954055786132812,
   "00011.png": 25.963218688964844,
   "00009.png": 25.883419036865234,
   "00016.png": 26.157379150390625,
   "00003.png": 23.88262939453125,
   "00000.png": 22.966346740722656,
   "00017.png": 27.40505599975586,
   "00006.png": 26.922447204589844,
   "00010.png": 24.313983917236328,
   "00015.png": 25.37433433532715
  },
  "LPIPS": {
   "00014.png": 0.22772002220153809,
   "00020.png": 0.21964068710803986,
   "00018.png": 0.24878013134002686,
   "00019.png": 0.2480798363685608,
   "00001.png": 0.2731935679912567,
   "00004.png": 0.25559666752815247,
   "00002.png": 0.20026740431785583,
   "00008.png": 0.2119542807340622,
   "00007.png": 0.19644218683242798,
   "00023.png": 0.2023240178823471,
   "00012.png": 0.23204047977924347,
   "00021.png": 0.24318790435791016,
   "00005.png": 0.22838352620601654,
   "00013.png": 0.21098105609416962,
   "00022.png": 0.2304714322090149,
   "00011.png": 0.2181287705898285,
   "00009.png": 0.20883455872535706,
   "00016.png": 0.23496195673942566,
   "00003.png": 0.22724106907844543,
   "00000.png": 0.2346552163362503,
   "00017.png": 0.22282090783119202,
   "00006.png": 0.21070218086242676,
   "00010.png": 0.22945266962051392,
   "00015.png": 0.22269244492053986
  }
 }
}