{
 "ours_30000": {
  "SSIM": 0.8562059998512268,
  "PSNR": 27.051177978515625,
  "LPIPS": 0.12075061351060867
 },
 "ours_7000": {
  "SSIM": 0.786221444606781,
  "PSNR": 25.304468154907227,
  "LPIPS": 0.2266063690185547
 }
}