{
 "ours_30000": {
  "SSIM": {
   "00014.png": 0.891385018825531,
   "00020.png": 0.8893216848373413,
   "00018.png": 0.8936421871185303,
   "00019.png": 0.9090715646743774,
   "00001.png": 0.7601714730262756,
   "00004.png": 0.7747418880462646,
   "00002.png": 0.8547078967094421,
   "00008.png": 0.8641562461853027,
   "00007.png": 0.905996561050415,
   "00023.png": 0.896917462348938,
   "00012.png": 0.8559295535087585,
   "00021.png": 0.8245015740394592,
   "00005.png": 0.854966938495636,
   "00013.png": 0.8866694569587708,
   "00022.png": 0.862563967704773,
   "00011.png": 0.8900079131126404,
   "00009.png": 0.8568611145019531,
   "00016.png": 0.8388038873672485,
   "00003.png": 0.8119370341300964,
   "00000.png": 0.8303982615470886,
   "00017.png": 0.9077737331390381,
   "00006.png": 0.8990124464035034,
   "00010.png": 0.8828638195991516,
   "00015.png": 0.8222772479057312
  },
  "PSNR": {
   "00014.png": 30.11699676513672,
   "00020.png": 29.379684448242188,
   "00018.png": 28.452613830566406,
   "00019.png": 29.539928436279297,
   "00001.png": 22.748233795166016,
   "00004.png": 20.040794372558594,
   "00002.png": 27.847082138061523,
   "00008.png": 27.100812911987305,
   "00007.png": 29.0188045501709,
   "00023.png": 28.61574935913086,
   "00012.png": 27.355037689208984,
   "00021.png": 25.92571449279785,
   "00005.png": 26.194210052490234,
   "00013.png": 29.31148910522461,
   "00022.png": 27.420814514160156,
   "00011.png": 28.528472900390625,
   "00009.png": 27.261592864990234,
   "00016.png": 27.55901336669922,
   "00003.png": 24.882400512695312,
   "00000.png": 23.743669509887695,
   "00017.png": 30.62035369873047,
   "00006.png": 29.14779281616211,
   "00010.png": 27.105562210083008,
   "00015.png": 25.970277786254883
  },
  "LPIPS": {
   "00014.png": 0.09920487552881241,
   "00020.png": 0.10270150005817413,
   "00018.png": 0.10484321415424347,
   "00019.png": 0.10955877602100372,
   "00001.png": 0.15955808758735657,
   "00004.png": 0.16557805240154266,
   "00002.png": 0.11035099625587463,
   "00008.png": 0.10504265874624252,
   "00007.png": 0.09597082436084747,
   "00023.png": 0.09881269931793213,
   "00012.png": 0.11265919357538223,
   "00021.png": 0.1269983947277069,
   "00005.png": 0.11865414679050446,
   "00013.png": 0.09984266757965088,
   "00022.png": 0.10727530717849731,
   "00011.png": 0.10235461592674255,
   "00009.png": 0.10775923728942871,
   "00016.png": 0.10777239501476288,
   "00003.png": 0.12371686100959778,
   "00000.png": 0.13203522562980652,
   "00017.png": 0.09974223375320435,
   "00006.png": 0.09749402105808258,
   "00010.png": 0.10348472744226456,
   "00015.png": 0.11365044116973877
  }
 },
 "ours_7000": {
  "SSIM": {
   "00014.png": 0.8491928577423096,
   "00020.png": 0.842993974685669,
   "00018.png": 0.8472868204116821,
   "00019.png": 0.8449234962463379,
   "00001.png": 0.699484646320343,
   "00004.png": 0.7222057580947876,
   "00002.png": 0.8101205229759216,
   "00008.png": 0.8082265257835388,
   "00007.png": 0.8620454668998718,
   "00023.png": 0.8530454039573669,
   "00012.png": 0.7986005544662476,
   "00021.png": 0.7817888259887695,
   "00005.png": 0.8110355138778687,
   "00013.png": 0.8363208174705505,
   "00022.png": 0.8005701303482056,
   "00011.png": 0.8412560224533081,
   "00009.png": 0.8177940249443054,
   "00016.png": 0.7993545532226562,
   "00003.png": 0.7682455778121948,
   "00000.png": 0.7888703346252441,
   "00017.png": 0.8477455973625183,
   "00006.png": 0.8504067659378052,
   "00010.png": 0.830765426158905,
   "00015.png": 0.8019311428070068
  },
  "PSNR": {
   "00014.png": 28.2880802154541,
   "00020.png": 27.78297233581543,
   "00018.png": 27.53643035888672,
   "00019.png": 27.036144256591797,
   "00001.png": 21.8232421875,
   "00004.png": 19.39092254638672,
   "00002.png": 26.24859046936035,
   "00008.png": 25.415992736816406,
   "00007.png": 27.13594627380371,
   "00023.png": 26.860584259033203,
   "00012.png": 25.71398162841797,
   "00021.png": 24.958154678344727,
   "00005.png": 25.413209915161133,
   "00013.png": 27.898334503173828,
   "00022.png": 25.780961990356445,
   "00011.png": 26.68006706237793,
   "00009.png": 25.97601890563965,
   "00016.png": 26.42735481262207,
   "00003.png": 23.900327682495117,
   "00000.png": 23.37386131286621,
   "00017.png": 27.89004898071289,
   "00006.png": 27.512306213378906,
   "00010.png": 24.877574920654297,
   "00015.png": 25.54572105407715
  },
  "LPIPS": {
   "00014.png": 0.17214512825012207,
   "00020.png": 0.17094482481479645,
   "00018.png": 0.18382206559181213,
   "00019.png": 0.19520512223243713,
   "00001.png": 0.23561573028564453,
   "00004.png": 0.2265658676624298,
   "00002.png": 0.16485869884490967,
   "00008.png": 0.17118746042251587,
   "00007.png": 0.15534824132919312,
   "00023.png": 0.15811246633529663,
   "00012.png": 0.1808186024427414,
   "00021.png": 0.19545969367027283,
   "00005.png": 0.1855224072933197,
   "00013.png": 0.16455113887786865,
   "00022.png": 0.18209469318389893,
   "00011.png": 0.1725570261478424,
   "00009.png": 0.16750666499137878,
   "00016.png": 0.18213407695293427,
   "00003.png": 0.1946503221988678,
   "00000.png": 0.19488291442394257,
   "00017.png": 0.1773386299610138,
   "00006.png": 0.16304883360862732,
   "00010.png": 0.18014909327030182,
   "00015.png": 0.17898724973201752
  }
 }
}