{
 "ours_30000": {
  "SSIM": 0.861028254032135,
  "PSNR": 27.24529457092285,
  "LPIPS": 0.11271088570356369
 },
 "ours_7000": {
  "SSIM": 0.8130921721458435,
  "PSNR": 25.81111717224121,
  "LPIPS": 0.18139612674713135
 }
}