{
 "ours_30000": {
  "SSIM": {
   "00014.png": 0.9417263865470886,
   "00030.png": 0.9403579235076904,
   "00020.png": 0.9482176303863525,
   "00018.png": 0.9299691319465637,
   "00019.png": 0.9439775943756104,
   "00001.png": 0.9455366730690002,
   "00029.png": 0.9217762351036072,
   "00028.png": 0.9555152058601379,
   "00004.png": 0.9519099593162537,
   "00002.png": 0.9533627033233643,
   "00008.png": 0.9227860569953918,
   "00007.png": 0.9496102929115295,
   "00023.png": 0.9397503733634949,
   "00012.png": 0.943791389465332,
   "00021.png": 0.9434005618095398,
   "00005.png": 0.9399265050888062,
   "00013.png": 0.9577562212944031,
   "00022.png": 0.9525194764137268,
   "00011.png": 0.9131947755813599,
   "00032.png": 0.963103175163269,
   "00009.png": 0.934446394443512,
   "00033.png": 0.9249787926673889,
   "00027.png": 0.7512264847755432,
   "00016.png": 0.9480531215667725,
   "00003.png": 0.9554561972618103,
   "00000.png": 0.9248799681663513,
   "00031.png": 0.943734884262085,
   "00017.png": 0.9377505779266357,
   "00006.png": 0.8280342817306519,
   "00010.png": 0.9565984010696411,
   "00034.png": 0.7740986943244934,
   "00025.png": 0.9513188600540161,
   "00015.png": 0.9546043872833252,
   "00024.png": 0.9539837837219238,
   "00026.png": 0.9480558037757874
  },
  "PSNR": {
   "00014.png": 31.481155395507812,
   "00030.png": 33.345664978027344,
   "00020.png": 34.44304656982422,
   "00018.png": 32.47328186035156,
   "00019.png": 32.687164306640625,
   "00001.png": 30.606298446655273,
   "00029.png": 32.10715103149414,
   "00028.png": 33.2826042175293,
   "00004.png": 32.27873229980469,
   "00002.png": 32.719539642333984,
   "00008.png": 31.125144958496094,
   "00007.png": 31.220151901245117,
   "00023.png": 33.352561950683594,
   "00012.png": 31.399337768554688,
   "00021.png": 34.11660385131836,
   "00005.png": 30.16758155822754,
   "00013.png": 35.01726531982422,
   "00022.png": 34.44327926635742,
   "00011.png": 32.21108627319336,
   "00032.png": 35.95412826538086,
   "00009.png": 31.921344757080078,
   "00033.png": 31.969968795776367,
   "00027.png": 27.200536727905273,
   "00016.png": 33.40802001953125,
   "00003.png": 31.865339279174805,
   "00000.png": 28.574546813964844,
   "00031.png": 32.995906829833984,
   "00017.png": 33.927223205566406,
   "00006.png": 29.22713279724121,
   "00010.png": 34.822322845458984,
   "00034.png": 28.603561401367188,
   "00025.png": 33.22981262207031,
   "00015.png": 32.98632049560547,
   "00024.png": 33.71455383300781,
   "00026.png": 33.770301818847656
  },
  "LPIPS": {
   "00014.png": 0.09925726056098938,
   "00030.png": 0.12293574213981628,
   "00020.png": 0.09240134060382843,
   "00018.png": 0.1104900911450386,
   "00019.png": 0.10660338401794434,
   "00001.png": 0.09306013584136963,
   "00029.png": 0.12619072198867798,
   "00028.png": 0.06912349909543991,
   "00004.png": 0.08601774275302887,
   "00002.png": 0.09042510390281677,
   "00008.png": 0.14368560910224915,
   "00007.png": 0.08199390769004822,
   "00023.png": 0.1312432587146759,
   "00012.png": 0.10271458327770233,
   "00021.png": 0.11406417191028595,
   "00005.png": 0.10563026368618011,
   "00013.png": 0.1217351034283638,
   "00022.png": 0.09335629642009735,
   "00011.png": 0.13964152336120605,
   "00032.png": 0.11653131246566772,
   "00009.png": 0.12525469064712524,
   "00033.png": 0.1616886407136917,
   "00027.png": 0.27775031328201294,
   "00016.png": 0.09572547674179077,
   "00003.png": 0.08015189319849014,
   "00000.png": 0.12343040853738785,
   "00031.png": 0.1379997581243515,
   "00017.png": 0.12216267734766006,
   "00006.png": 0.2192009687423706,
   "00010.png": 0.11831557005643845,
   "00034.png": 0.27930063009262085,
   "00025.png": 0.08140091598033905,
   "00015.png": 0.10594728589057922,
   "00024.png": 0.08554975688457489,
   "00026.png": 0.1059463620185852
  }
 },
 "ours_7000": {
  "SSIM": {
   "00014.png": 0.9400122761726379,
   "00030.png": 0.9320071935653687,
   "00020.png": 0.9405300617218018,
   "00018.png": 0.9196488857269287,
   "00019.png": 0.9361578226089478,
   "00001.png": 0.9368124008178711,
   "00029.png": 0.9167775511741638,
   "00028.png": 0.9480440616607666,
   "00004.png": 0.9450812935829163,
   "00002.png": 0.9490921497344971,
   "00008.png": 0.918043315410614,
   "00007.png": 0.9442639946937561,
   "00023.png": 0.9347454905509949,
   "00012.png": 0.9377866387367249,
   "00021.png": 0.935123085975647,
   "00005.png": 0.9352692365646362,
   "00013.png": 0.9535015225410461,
   "00022.png": 0.9486221671104431,
   "00011.png": 0.907908022403717,
   "00032.png": 0.9575898051261902,
   "00009.png": 0.9308086633682251,
   "00033.png": 0.9251407384872437,
   "00027.png": 0.7583484053611755,
   "00016.png": 0.9414519667625427,
   "00003.png": 0.9491428136825562,
   "00000.png": 0.9172421097755432,
   "00031.png": 0.9411846995353699,
   "00017.png": 0.9307243227958679,
   "00006.png": 0.8181927800178528,
   "00010.png": 0.9524604678153992,
   "00034.png": 0.7663866281509399,
   "00025.png": 0.9471260905265808,
   "00015.png": 0.9492490887641907,
   "00024.png": 0.9455915689468384,
   "00026.png": 0.9465508460998535
  },
  "PSNR": {
   "00014.png": 30.959213256835938,
   "00030.png": 32.2306022644043,
   "00020.png": 33.47327423095703,
   "00018.png": 31.192840576171875,
   "00019.png": 31.682024002075195,
   "00001.png": 29.385162353515625,
   "00029.png": 31.220151901245117,
   "00028.png": 31.666351318359375,
   "00004.png": 30.633132934570312,
   "00002.png": 31.510242462158203,
   "00008.png": 30.619752883911133,
   "00007.png": 30.49534034729004,
   "00023.png": 33.08012008666992,
   "00012.png": 30.496206283569336,
   "00021.png": 32.90740966796875,
   "00005.png": 29.44260597229004,
   "00013.png": 33.86912536621094,
   "00022.png": 33.87913513183594,
   "00011.png": 31.626855850219727,
   "00032.png": 35.15626525878906,
   "00009.png": 31.584850311279297,
   "00033.png": 31.19447898864746,
   "00027.png": 26.960006713867188,
   "00016.png": 32.78822326660156,
   "00003.png": 31.048526763916016,
   "00000.png": 27.648944854736328,
   "00031.png": 32.315216064453125,
   "00017.png": 32.8951301574707,
   "00006.png": 28.512271881103516,
   "00010.png": 33.519771575927734,
   "00034.png": 28.171131134033203,
   "00025.png": 32.62614822387695,
   "00015.png": 32.142642974853516,
   "00024.png": 32.28533172607422,
   "00026.png": 33.55825424194336
  },
  "LPIPS": {
   "00014.png": 0.10896512866020203,
   "00030.png": 0.13171690702438354,
   "00020.png": 0.10270234942436218,
   "00018.png": 0.12804192304611206,
   "00019.png": 0.12037530541419983,
   "00001.png": 0.1087595671415329,
   "00029.png": 0.13244739174842834,
   "00028.png": 0.07843843102455139,
   "00004.png": 0.10123300552368164,
   "00002.png": 0.09931290149688721,
   "00008.png": 0.1493207812309265,
   "00007.png": 0.09085515141487122,
   "00023.png": 0.13603538274765015,
   "00012.png": 0.11513660848140717,
   "00021.png": 0.12685877084732056,
   "00005.png": 0.11536100506782532,
   "00013.png": 0.12894022464752197,
   "00022.png": 0.10186311602592468,
   "00011.png": 0.15083429217338562,
   "00032.png": 0.12712980806827545,
   "00009.png": 0.13399259746074677,
   "00033.png": 0.1648137867450714,
   "00027.png": 0.27938827872276306,
   "00016.png": 0.11025770753622055,
   "00003.png": 0.09240377694368362,
   "00000.png": 0.1338387429714203,
   "00031.png": 0.14467746019363403,
   "00017.png": 0.13649581372737885,
   "00006.png": 0.22783127427101135,
   "00010.png": 0.12492869794368744,
   "00034.png": 0.2904043197631836,
   "00025.png": 0.08895362168550491,
   "00015.png": 0.11884987354278564,
   "00024.png": 0.09653563052415848,
   "00026.png": 0.10878074169158936
  }
 }
}