{
 "ours_30000": {
  "SSIM": 0.9298688769340515,
  "PSNR": 32.36138916015625,
  "LPIPS": 0.12191218137741089
 },
 "ours_7000": {
  "SSIM": 0.9244748950004578,
  "PSNR": 31.507905960083008,
  "LPIPS": 0.13161373138427734
 }
}