{
 "ours_30000": {
  "SSIM": {
   "00014.png": 0.8794897198677063,
   "00030.png": 0.9299413561820984,
   "00020.png": 0.8960824608802795,
   "00018.png": 0.8751856684684753,
   "00019.png": 0.8715852499008179,
   "00001.png": 0.8764617443084717,
   "00029.png": 0.9180127382278442,
   "00028.png": 0.9207258224487305,
   "00004.png": 0.8934358358383179,
   "00002.png": 0.8938414454460144,
   "00008.png": 0.9009418487548828,
   "00007.png": 0.8965538144111633,
   "00023.png": 0.8955012559890747,
   "00012.png": 0.8417962193489075,
   "00021.png": 0.8998497128486633,
   "00005.png": 0.9003821611404419,
   "00013.png": 0.872443675994873,
   "00022.png": 0.8857108354568481,
   "00011.png": 0.8663852214813232,
   "00032.png": 0.9113857746124268,
   "00009.png": 0.8549330234527588,
   "00033.png": 0.9258826375007629,
   "00027.png": 0.9217104315757751,
   "00016.png": 0.8660556674003601,
   "00003.png": 0.88672935962677,
   "00000.png": 0.8120521903038025,
   "00035.png": 0.8885515332221985,
   "00031.png": 0.8976261019706726,
   "00017.png": 0.8763207793235779,
   "00006.png": 0.8875663876533508,
   "00010.png": 0.8615744113922119,
   "00034.png": 0.8851441144943237,
   "00025.png": 0.9038556814193726,
   "00015.png": 0.7313275933265686,
   "00024.png": 0.9035550355911255,
   "00036.png": 0.8736269474029541,
   "00026.png": 0.908301055431366
  },
  "PSNR": {
   "00014.png": 28.5324649810791,
   "00030.png": 31.160808563232422,
   "00020.png": 30.277339935302734,
   "00018.png": 27.931673049926758,
   "00019.png": 27.62608528137207,
   "00001.png": 26.09086799621582,
   "00029.png": 30.90951919555664,
   "00028.png": 27.714157104492188,
   "00004.png": 29.773204803466797,
   "00002.png": 27.68075942993164,
   "00008.png": 28.22760009765625,
   "00007.png": 30.55162811279297,
   "00023.png": 29.381792068481445,
   "00012.png": 23.88744354248047,
   "00021.png": 29.634103775024414,
   "00005.png": 29.180566787719727,
   "00013.png": 27.737131118774414,
   "00022.png": 28.739990234375,
   "00011.png": 25.927038192749023,
   "00032.png": 31.030397415161133,
   "00009.png": 22.64649200439453,
   "00033.png": 31.547786712646484,
   "00027.png": 30.63534164428711,
   "00016.png": 26.187036514282227,
   "00003.png": 26.497982025146484,
   "00000.png": 22.249134063720703,
   "00035.png": 27.967937469482422,
   "00031.png": 29.009822845458984,
   "00017.png": 28.428956985473633,
   "00006.png": 27.048532485961914,
   "00010.png": 27.70297622680664,
   "00034.png": 26.968862533569336,
   "00025.png": 26.817047119140625,
   "00015.png": 17.098228454589844,
   "00024.png": 29.28583335876465,
   "00036.png": 22.687232971191406,
   "00026.png": 29.712528228759766
  },
  "LPIPS": {
   "00014.png": 0.26151689887046814,
   "00030.png": 0.2920506000518799,
   "00020.png": 0.3476409316062927,
   "00018.png": 0.30395880341529846,
   "00019.png": 0.32754164934158325,
   "00001.png": 0.27083081007003784,
   "00029.png": 0.3121652603149414,
   "00028.png": 0.3016067147254944,
   "00004.png": 0.25908148288726807,
   "00002.png": 0.2553560733795166,
   "00008.png": 0.2510235905647278,
   "00007.png": 0.26354771852493286,
   "00023.png": 0.322311669588089,
   "00012.png": 0.33657950162887573,
   "00021.png": 0.32024937868118286,
   "00005.png": 0.2575308680534363,
   "00013.png": 0.26881784200668335,
   "00022.png": 0.3389163315296173,
   "00011.png": 0.3013803958892822,
   "00032.png": 0.2951339781284332,
   "00009.png": 0.29540717601776123,
   "00033.png": 0.24640272557735443,
   "00027.png": 0.3177892565727234,
   "00016.png": 0.3021085858345032,
   "00003.png": 0.27331048250198364,
   "00000.png": 0.3175206184387207,
   "00035.png": 0.28346967697143555,
   "00031.png": 0.29789307713508606,
   "00017.png": 0.3080250322818756,
   "00006.png": 0.29225945472717285,
   "00010.png": 0.26393863558769226,
   "00034.png": 0.2558184862136841,
   "00025.png": 0.3492278754711151,
   "00015.png": 0.37028768658638,
   "00024.png": 0.35270896553993225,
   "00036.png": 0.3547918200492859,
   "00026.png": 0.36903002858161926
  }
 },
 "ours_7000": {
  "SSIM": {
   "00014.png": 0.4244404733181,
   "00030.png": 0.5235545039176941,
   "00020.png": 0.5138226747512817,
   "00018.png": 0.48387768864631653,
   "00019.png": 0.48438629508018494,
   "00001.png": 0.5019153356552124,
   "00029.png": 0.49441421031951904,
   "00028.png": 0.4021974503993988,
   "00004.png": 0.4627874493598938,
   "00002.png": 0.4893316924571991,
   "00008.png": 0.4740132689476013,
   "00007.png": 0.4585603177547455,
   "00023.png": 0.501931369304657,
   "00012.png": 0.4898574948310852,
   "00021.png": 0.49604910612106323,
   "00005.png": 0.47162747383117676,
   "00013.png": 0.42316868901252747,
   "00022.png": 0.4880450367927551,
   "00011.png": 0.46728479862213135,
   "00032.png": 0.5140207409858704,
   "00009.png": 0.4743613600730896,
   "00033.png": 0.507016658782959,
   "00027.png": 0.49923601746559143,
   "00016.png": 0.4832659363746643,
   "00003.png": 0.4615119695663452,
   "00000.png": 0.4498056173324585,
   "00035.png": 0.577751100063324,
   "00031.png": 0.49749237298965454,
   "00017.png": 0.45947083830833435,
   "00006.png": 0.44560328125953674,
   "00010.png": 0.43090781569480896,
   "00034.png": 0.527210533618927,
   "00025.png": 0.42204350233078003,
   "00015.png": 0.46871691942214966,
   "00024.png": 0.5865897536277771,
   "00036.png": 0.5635620355606079,
   "00026.png": 0.5473851561546326
  },
  "PSNR": {
   "00014.png": 14.889532089233398,
   "00030.png": 9.819625854492188,
   "00020.png": 14.41622257232666,
   "00018.png": 13.788631439208984,
   "00019.png": 14.902796745300293,
   "00001.png": 16.593212127685547,
   "00029.png": 9.927152633666992,
   "00028.png": 6.963212490081787,
   "00004.png": 16.227245330810547,
   "00002.png": 14.538782119750977,
   "00008.png": 14.123340606689453,
   "00007.png": 15.30903434753418,
   "00023.png": 13.220365524291992,
   "00012.png": 11.254806518554688,
   "00021.png": 13.651679992675781,
   "00005.png": 14.779797554016113,
   "00013.png": 14.468584060668945,
   "00022.png": 12.233652114868164,
   "00011.png": 15.919107437133789,
   "00032.png": 11.797819137573242,
   "00009.png": 13.895795822143555,
   "00033.png": 10.93450927734375,
   "00027.png": 9.331815719604492,
   "00016.png": 15.186540603637695,
   "00003.png": 11.888819694519043,
   "00000.png": 10.803128242492676,
   "00035.png": 17.507017135620117,
   "00031.png": 9.086830139160156,
   "00017.png": 14.903077125549316,
   "00006.png": 11.685920715332031,
   "00010.png": 16.44394302368164,
   "00034.png": 13.933149337768555,
   "00025.png": 8.396768569946289,
   "00015.png": 11.661616325378418,
   "00024.png": 11.414745330810547,
   "00036.png": 10.925521850585938,
   "00026.png": 11.348978042602539
  },
  "LPIPS": {
   "00014.png": 0.61456298828125,
   "00030.png": 0.6103449463844299,
   "00020.png": 0.6270039081573486,
   "00018.png": 0.6019105911254883,
   "00019.png": 0.5899666547775269,
   "00001.png": 0.5961287021636963,
   "00029.png": 0.602808952331543,
   "00028.png": 0.6124047040939331,
   "00004.png": 0.6072865128517151,
   "00002.png": 0.5900266766548157,
   "00008.png": 0.5983980894088745,
   "00007.png": 0.6207932829856873,
   "00023.png": 0.6386200785636902,
   "00012.png": 0.6145159006118774,
   "00021.png": 0.619661808013916,
   "00005.png": 0.5991569757461548,
   "00013.png": 0.6288825869560242,
   "00022.png": 0.6044917106628418,
   "00011.png": 0.600459098815918,
   "00032.png": 0.6023503541946411,
   "00009.png": 0.5870047807693481,
   "00033.png": 0.5809379816055298,
   "00027.png": 0.6104008555412292,
   "00016.png": 0.5979973077774048,
   "00003.png": 0.6023877859115601,
   "00000.png": 0.592172384262085,
   "00035.png": 0.5666751861572266,
   "00031.png": 0.5877060890197754,
   "00017.png": 0.6253001689910889,
   "00006.png": 0.6217272877693176,
   "00010.png": 0.61090487241745,
   "00034.png": 0.5368665456771851,
   "00025.png": 0.6158777475357056,
   "00015.png": 0.592183530330658,