{
 "ours_30000": {
  "SSIM": 0.8840682506561279,
  "PSNR": 27.688819885253906,
  "LPIPS": 0.3010062277317047
 },
 "ours_7000": {
  "SSIM": 0.4856005012989044,
  "PSNR": 12.923587799072266,
  "LPIPS": 0.6043808460235596
 }
}