{
 "ours_30000": {
  "SSIM": {
   "00014.png": 0.8833991885185242,
   "00020.png": 0.9174959063529968,
   "00018.png": 0.9066256880760193,
   "00019.png": 0.9129553437232971,
   "00001.png": 0.9068555235862732,
   "00029.png": 0.8560627698898315,
   "00028.png": 0.9143784046173096,
   "00004.png": 0.9352147579193115,
   "00002.png": 0.9095452427864075,
   "00008.png": 0.8939639329910278,
   "00007.png": 0.9179054498672485,
   "00023.png": 0.9309027791023254,
   "00012.png": 0.8955021500587463,
   "00021.png": 0.9059240818023682,
   "00005.png": 0.9049227833747864,
   "00013.png": 0.9133739471435547,
   "00022.png": 0.9154693484306335,
   "00011.png": 0.9149690270423889,
   "00009.png": 0.8917257189750671,
   "00027.png": 0.9129407405853271,
   "00016.png": 0.9242638349533081,
   "00003.png": 0.8480513691902161,
   "00000.png": 0.8767906427383423,
   "00017.png": 0.903106153011322,
   "00006.png": 0.8986272215843201,
   "00010.png": 0.9028434753417969,
   "00025.png": 0.9364415407180786,
   "00015.png": 0.9065186977386475,
   "00024.png": 0.9204081296920776,
   "00026.png": 0.9306333065032959
  },
  "PSNR": {
   "00014.png": 25.748720169067383,
   "00020.png": 30.712207794189453,
   "00018.png": 28.931676864624023,
   "00019.png": 27.8013916015625,
   "00001.png": 29.789840698242188,
   "00029.png": 25.42400550842285,
   "00028.png": 29.064983367919922,
   "00004.png": 31.519546508789062,
   "00002.png": 29.281036376953125,
   "00008.png": 30.059383392333984,
   "00007.png": 30.198814392089844,
   "00023.png": 30.810443878173828,
   "00012.png": 26.744277954101562,
   "00021.png": 29.434310913085938,
   "00005.png": 29.410486221313477,
   "00013.png": 29.096355438232422,
   "00022.png": 29.264606475830078,
   "00011.png": 30.71466064453125,
   "00009.png": 27.689191818237305,
   "00027.png": 28.303091049194336,
   "00016.png": 28.780521392822266,
   "00003.png": 26.29958724975586,
   "00000.png": 27.134227752685547,
   "00017.png": 27.521562576293945,
   "00006.png": 29.49397087097168,
   "00010.png": 28.63947296142578,
   "00025.png": 32.575836181640625,
   "00015.png": 29.053668975830078,
   "00024.png": 31.22964096069336,
   "00026.png": 31.377479553222656
  },
  "LPIPS": {
   "00014.png": 0.23849621415138245,
   "00020.png": 0.1865534484386444,
   "00018.png": 0.18802115321159363,
   "00019.png": 0.18180759251117706,
   "00001.png": 0.17741909623146057,
   "00029.png": 0.2663593888282776,
   "00028.png": 0.1916407197713852,
   "00004.png": 0.1868232637643814,
   "00002.png": 0.174179345369339,
   "00008.png": 0.3061390519142151,
   "00007.png": 0.1529877781867981,
   "00023.png": 0.17618532478809357,
   "00012.png": 0.1715899407863617,
   "00021.png": 0.22850093245506287,
   "00005.png": 0.2528018653392792,
   "00013.png": 0.16701030731201172,
   "00022.png": 0.18584777414798737,
   "00011.png": 0.27639830112457275,
   "00009.png": 0.17916804552078247,
   "00027.png": 0.17130300402641296,
   "00016.png": 0.1573067009449005,
   "00003.png": 0.2605079412460327,
   "00000.png": 0.24159923195838928,
   "00017.png": 0.22751079499721527,
   "00006.png": 0.2007642686367035,
   "00010.png": 0.17524494230747223,
   "00025.png": 0.15831494331359863,
   "00015.png": 0.2126886248588562,
   "00024.png": 0.20972350239753723,
   "00026.png": 0.17227718234062195
  }
 },
 "ours_7000": {
  "SSIM": {
   "00014.png": 0.8352736830711365,
   "00020.png": 0.8912052512168884,
   "00018.png": 0.8745493292808533,
   "00019.png": 0.8797208070755005,
   "00001.png": 0.8791853189468384,
   "00029.png": 0.822837233543396,
   "00028.png": 0.8932505249977112,
   "00004.png": 0.915816068649292,
   "00002.png": 0.8756721615791321,
   "00008.png": 0.8522888422012329,
   "00007.png": 0.8860465288162231,
   "00023.png": 0.9103628993034363,
   "00012.png": 0.8590691089630127,
   "00021.png": 0.8740316033363342,
   "00005.png": 0.8908377289772034,
   "00013.png": 0.8671330213546753,
   "00022.png": 0.8887426853179932,
   "00011.png": 0.8944629430770874,
   "00009.png": 0.8542494177818298,
   "00027.png": 0.8811941742897034,
   "00016.png": 0.8951074481010437,
   "00003.png": 0.8348007202148438,
   "00000.png": 0.827379584312439,
   "00017.png": 0.8877357840538025,
   "00006.png": 0.875476062297821,
   "00010.png": 0.845617413520813,
   "00025.png": 0.9214178919792175,
   "00015.png": 0.8816003203392029,
   "00024.png": 0.8972955942153931,
   "00026.png": 0.9132053852081299
  },
  "PSNR": {
   "00014.png": 23.47539520263672,
   "00020.png": 28.80824089050293,
   "00018.png": 27.185287475585938,
   "00019.png": 25.82050323486328,
   "00001.png": 28.263399124145508,
   "00029.png": 23.727130889892578,
   "00028.png": 27.448837280273438,
   "00004.png": 29.751585006713867,
   "00002.png": 27.073970794677734,
   "00008.png": 28.020889282226562,
   "00007.png": 27.639677047729492,
   "00023.png": 29.13020896911621,
   "00012.png": 24.572040557861328,
   "00021.png": 27.7265567779541,
   "00005.png": 28.38393783569336,
   "00013.png": 26.418373107910156,
   "00022.png": 27.532548904418945,
   "00011.png": 28.632293701171875,
   "00009.png": 25.65243911743164,
   "00027.png": 26.61149787902832,
   "00016.png": 27.072553634643555,
   "00003.png": 25.390146255493164,
   "00000.png": 24.774173736572266,
   "00017.png": 24.66297149658203,
   "00006.png": 27.746479034423828,
   "00010.png": 25.694595336914062,
   "00025.png": 30.934951782226562,
   "00015.png": 27.41253662109375,
   "00024.png": 29.54574203491211,
   "00026.png": 29.72486686706543
  },
  "LPIPS": {
   "00014.png": 0.2987545132637024,
   "00020.png": 0.23478445410728455,
   "00018.png": 0.23640362918376923,
   "00019.png": 0.229476660490036,
   "00001.png": 0.2241748720407486,
   "00029.png": 0.3164689540863037,
   "00028.png": 0.2264908403158188,
   "00004.png": 0.22417578101158142,
   "00002.png": 0.22195014357566833,
   "00008.png": 0.3566373586654663,
   "00007.png": 0.2038286328315735,
   "00023.png": 0.2150157392024994,
   "00012.png": 0.22019989788532257,
   "00021.png": 0.28161656856536865,
   "00005.png": 0.2792295813560486,
   "00013.png": 0.22228604555130005,
   "00022.png": 0.2283637821674347,
   "00011.png": 0.3053325414657593,
   "00009.png": 0.23262354731559753,
   "00027.png": 0.21877755224704742,
   "00016.png": 0.19816644489765167,
   "00003.png": 0.2868856191635132,
   "00000.png": 0.304722398519516,
   "00017.png": 0.2647857069969177,
   "00006.png": 0.23818548023700714,
   "00010.png": 0.2350509911775589,
   "00025.png": 0.1872299611568451,
   "00015.png": 0.24917355179786682,
   "00024.png": 0.2547314763069153,
   "00026.png": 0.20729009807109833
  }
 }
}