{
 "ours_30000": {
  "SSIM": 0.90626060962677,
  "PSNR": 29.070165634155273,
  "LPIPS": 0.2025056779384613
 },
 "ours_7000": {
  "SSIM": 0.8768521547317505,
  "PSNR": 27.1611270904541,
  "LPIPS": 0.24676042795181274
 }
}