{
 "ours_30000": {
  "SSIM": {
   "00014.png": 0.9384011030197144,
   "00030.png": 0.8876610994338989,
   "00020.png": 0.9272640943527222,
   "00018.png": 0.9238287806510925,
   "00019.png": 0.9314001798629761,
   "00001.png": 0.9007170796394348,
   "00029.png": 0.9083130359649658,
   "00028.png": 0.9078237414360046,
   "00004.png": 0.9466752409934998,
   "00002.png": 0.8958073258399963,
   "00008.png": 0.9273882508277893,
   "00007.png": 0.9570369124412537,
   "00023.png": 0.8904945254325867,
   "00012.png": 0.9423922300338745,
   "00021.png": 0.8703084588050842,
   "00005.png": 0.9229205250740051,
   "00013.png": 0.8290042281150818,
   "00022.png": 0.9287707209587097,
   "00011.png": 0.9431005120277405,
   "00032.png": 0.9289621114730835,
   "00009.png": 0.9445123076438904,
   "00033.png": 0.9229578971862793,
   "00027.png": 0.9073154330253601,
   "00016.png": 0.9199003577232361,
   "00003.png": 0.9273729920387268,
   "00000.png": 0.8862265944480896,
   "00035.png": 0.9516487121582031,
   "00031.png": 0.8498018383979797,
   "00017.png": 0.9452820420265198,
   "00006.png": 0.9184384346008301,
   "00010.png": 0.9305891990661621,
   "00034.png": 0.9381090998649597,
   "00025.png": 0.9214191436767578,
   "00015.png": 0.8793516755104065,
   "00024.png": 0.9201335906982422,
   "00036.png": 0.8728393912315369,
   "00026.png": 0.9368284940719604,
   "00038.png": 0.8899129033088684,
   "00037.png": 0.9298706650733948
  },
  "PSNR": {
   "00014.png": 29.589923858642578,
   "00030.png": 31.144811630249023,
   "00020.png": 31.562084197998047,
   "00018.png": 32.70326614379883,
   "00019.png": 29.89210319519043,
   "00001.png": 33.38874816894531,
   "00029.png": 28.440677642822266,
   "00028.png": 30.651447296142578,
   "00004.png": 33.50164031982422,
   "00002.png": 33.879825592041016,
   "00008.png": 31.353015899658203,
   "00007.png": 34.452754974365234,
   "00023.png": 27.598960876464844,
   "00012.png": 34.8658332824707,
   "00021.png": 30.698528289794922,
   "00005.png": 30.62610626220703,
   "00013.png": 22.31390953063965,
   "00022.png": 33.70293426513672,
   "00011.png": 35.76760482788086,
   "00032.png": 28.55689811706543,
   "00009.png": 34.177913665771484,
   "00033.png": 30.28050422668457,
   "00027.png": 31.553142547607422,
   "00016.png": 32.817657470703125,
   "00003.png": 34.78105545043945,
   "00000.png": 30.22808074951172,
   "00035.png": 28.247955322265625,
   "00031.png": 31.58942413330078,
   "00017.png": 34.78999710083008,
   "00006.png": 33.22882843017578,
   "00010.png": 33.623451232910156,
   "00034.png": 25.28526496887207,
   "00025.png": 32.39560317993164,
   "00015.png": 32.55967330932617,
   "00024.png": 31.254417419433594,
   "00036.png": 23.028602600097656,
   "00026.png": 31.20866584777832,
   "00038.png": 30.904008865356445,
   "00037.png": 32.98552703857422
  },
  "LPIPS": {
   "00014.png": 0.17046430706977844,
   "00030.png": 0.30244094133377075,
   "00020.png": 0.1779790073633194,
   "00018.png": 0.24835821986198425,
   "00019.png": 0.17638656497001648,
   "00001.png": 0.1952916979789734,
   "00029.png": 0.2517291009426117,
   "00028.png": 0.2439321130514145,
   "00004.png": 0.19007262587547302,
   "00002.png": 0.21311186254024506,
   "00008.png": 0.19271884858608246,
   "00007.png": 0.15981729328632355,
   "00023.png": 0.2072283923625946,
   "00012.png": 0.17036795616149902,
   "00021.png": 0.3084299564361572,
   "00005.png": 0.18599234521389008,
   "00013.png": 0.22030919790267944,
   "00022.png": 0.1595834195613861,
   "00011.png": 0.17421063780784607,
   "00032.png": 0.19125501811504364,
   "00009.png": 0.16739708185195923,
   "00033.png": 0.22464977204799652,
   "00027.png": 0.2577340602874756,
   "00016.png": 0.2124422937631607,
   "00003.png": 0.18658135831356049,
   "00000.png": 0.21011608839035034,
   "00035.png": 0.25595495104789734,
   "00031.png": 0.3024235963821411,
   "00017.png": 0.16312730312347412,
   "00006.png": 0.19550541043281555,
   "00010.png": 0.18470418453216553,
   "00034.png": 0.29076844453811646,
   "00025.png": 0.22804975509643555,
   "00015.png": 0.2506924867630005,
   "00024.png": 0.24925357103347778,
   "00036.png": 0.37485119700431824,
   "00026.png": 0.19148990511894226,
   "00038.png": 0.3073902726173401,
   "00037.png": 0.27226361632347107
  }
 },
 "ours_7000": {
  "SSIM": {
   "00014.png": 0.9185120463371277,
   "00030.png": 0.8891534209251404,
   "00020.png": 0.8969708681106567,
   "00018.png": 0.9084555506706238,
   "00019.png": 0.9041428565979004,
   "00001.png": 0.8643867373466492,
   "00029.png": 0.8473191261291504,
   "00028.png": 0.8586145639419556,
   "00004.png": 0.9409967660903931,
   "00002.png": 0.8419864177703857,
   "00008.png": 0.9117068648338318,
   "00007.png": 0.940528392791748,
   "00023.png": 0.850315511226654,
   "00012.png": 0.9280586242675781,
   "00021.png": 0.8730940818786621,
   "00005.png": 0.8956224322319031,
   "00013.png": 0.8496001958847046,
   "00022.png": 0.8945621848106384,
   "00011.png": 0.921750009059906,
   "00032.png": 0.9128969311714172,
   "00009.png": 0.9293102622032166,
   "00033.png": 0.9062497019767761,
   "00027.png": 0.8989501595497131,
   "00016.png": 0.887312114238739,
   "00003.png": 0.8971017599105835,
   "00000.png": 0.8527134656906128,
   "00035.png": 0.9020029306411743,
   "00031.png": 0.8229546546936035,
   "00017.png": 0.9314979314804077,
   "00006.png": 0.8744674921035767,
   "00010.png": 0.8985062837600708,
   "00034.png": 0.9124284386634827,
   "00025.png": 0.9127943515777588,
   "00015.png": 0.8345119953155518,
   "00024.png": 0.9032067060470581,
   "00036.png": 0.8639459013938904,
   "00026.png": 0.9114253520965576,
   "00038.png": 0.8751331567764282,
   "00037.png": 0.9241006970405579
  },
  "PSNR": {
   "00014.png": 27.957765579223633,
   "00030.png": 30.470447540283203,
   "00020.png": 29.46298599243164,
   "00018.png": 30.66669273376465,
   "00019.png": 27.384761810302734,
   "00001.png": 31.517929077148438,
   "00029.png": 25.249826431274414,
   "00028.png": 26.737844467163086,
   "00004.png": 32.20216751098633,
   "00002.png": 30.4039363861084,
   "00008.png": 29.207916259765625,
   "00007.png": 32.1274528503418,
   "00023.png": 25.68580436706543,
   "00012.png": 32.94007873535156,
   "00021.png": 28.869657516479492,
   "00005.png": 26.987110137939453,
   "00013.png": 27.122098922729492,
   "00022.png": 30.71170997619629,
   "00011.png": 32.84893798828125,
   "00032.png": 27.45490837097168,
   "00009.png": 32.06678771972656,
   "00033.png": 28.395597457885742,
   "00027.png": 30.562843322753906,
   "00016.png": 30.247318267822266,
   "00003.png": 32.69181823730469,
   "00000.png": 28.798259735107422,
   "00035.png": 20.32771873474121,
   "00031.png": 31.56202507019043,
   "00017.png": 32.309505462646484,
   "00006.png": 31.251087188720703,
   "00010.png": 31.80567169189453,
   "00034.png": 20.64958953857422,
   "00025.png": 30.424171447753906,
   "00015.png": 30.402389526367188,
   "00024.png": 28.976749420166016,
   "00036.png": 23.40578842163086,
   "00026.png": 28.960220336914062,
   "00038.png": 29.426897048950195,
   "00037.png": 29.9471492767334
  },
  "LPIPS": {
   "00014.png": 0.19808831810951233,
   "00030.png": 0.3278220295906067,
   "00020.png": 0.23428305983543396,
   "00018.png": 0.2751935124397278,
   "00019.png": 0.22125592827796936,
   "00001.png": 0.2521529793739319,
   "00029.png": 0.3297540545463562,
   "00028.png": 0.3130999207496643,
   "00004.png": 0.2071065902709961,
   "00002.png": 0.2795145511627197,
   "00008.png": 0.22031563520431519,
   "00007.png": 0.1924935281276703,
   "00023.png": 0.2695024013519287,
   "00012.png": 0.19610777497291565,
   "00021.png": 0.31888410449028015,
   "00005.png": 0.23004713654518127,
   "00013.png": 0.2557525932788849,
   "00022.png": 0.22192062437534332,
   "00011.png": 0.21085503697395325,
   "00032.png": 0.21461907029151917,
   "00009.png": 0.19726039469242096,
   "00033.png": 0.2726510763168335,
   "00027.png": 0.28887972235679626,