{
 "ours_30000": {
  "SSIM": 0.9154046773910522,
  "PSNR": 31.272586822509766,
  "LPIPS": 0.22218142449855804
 },
 "ours_7000": {
  "SSIM": 0.8919816613197327,
  "PSNR": 29.18516731262207,
  "LPIPS": 0.264159232378006
 }
}