{
 "ours_30000": {
  "SSIM": {
   "00014.png": 0.8666317462921143,
   "00020.png": 0.8668642044067383,
   "00018.png": 0.8634799718856812,
   "00019.png": 0.878189742565155,
   "00001.png": 0.7372097969055176,
   "00004.png": 0.7598006725311279,
   "00002.png": 0.8378909826278687,
   "00008.png": 0.8410676717758179,
   "00007.png": 0.8888698220252991,
   "00023.png": 0.8783758282661438,
   "00012.png": 0.8324085474014282,
   "00021.png": 0.8016502261161804,
   "00005.png": 0.8345322608947754,
   "00013.png": 0.8620756268501282,
   "00022.png": 0.8386214375495911,
   "00011.png": 0.8683857917785645,
   "00009.png": 0.8385206460952759,
   "00016.png": 0.824269711971283,
   "00003.png": 0.7889693379402161,
   "00000.png": 0.8116292953491211,
   "00017.png": 0.8779861330986023,
   "00006.png": 0.8767252564430237,
   "00010.png": 0.8534073829650879,
   "00015.png": 0.7991966605186462
  },
  "PSNR": {
   "00014.png": 29.441099166870117,
   "00020.png": 28.824657440185547,
   "00018.png": 27.829362869262695,
   "00019.png": 28.834041595458984,
   "00001.png": 22.554187774658203,
   "00004.png": 19.736995697021484,
   "00002.png": 27.577274322509766,
   "00008.png": 26.6444034576416,
   "00007.png": 28.682170867919922,
   "00023.png": 28.07917022705078,
   "00012.png": 27.035518646240234,
   "00021.png": 25.545377731323242,
   "00005.png": 26.342859268188477,
   "00013.png": 28.795547485351562,
   "00022.png": 27.048681259155273,
   "00011.png": 28.132793426513672,
   "00009.png": 26.942312240600586,
   "00016.png": 27.5124454498291,
   "00003.png": 24.596961975097656,
   "00000.png": 23.838993072509766,
   "00017.png": 29.793781280517578,
   "00006.png": 28.686176300048828,
   "00010.png": 25.992469787597656,
   "00015.png": 25.6583194732666
  },
  "LPIPS": {
   "00014.png": 0.15243594348430634,
   "00020.png": 0.14559590816497803,
   "00018.png": 0.16454048454761505,
   "00019.png": 0.1714162826538086,
   "00001.png": 0.1968884915113449,
   "00004.png": 0.19237598776817322,
   "00002.png": 0.1431531012058258,
   "00008.png": 0.15247498452663422,
   "00007.png": 0.13650113344192505,
   "00023.png": 0.13614881038665771,
   "00012.png": 0.16416382789611816,
   "00021.png": 0.17427651584148407,
   "00005.png": 0.15696027874946594,
   "00013.png": 0.14340293407440186,
   "00022.png": 0.1603846400976181,
   "00011.png": 0.15196779370307922,
   "00009.png": 0.14460629224777222,
   "00016.png": 0.15764710307121277,
   "00003.png": 0.16582433879375458,
   "00000.png": 0.169153094291687,
   "00017.png": 0.15099117159843445,
   "00006.png": 0.14491713047027588,
   "00010.png": 0.16003552079200745,
   "00015.png": 0.16366374492645264
  }
 },
 "ours_7000": {
  "SSIM": {
   "00014.png": 0.7897658348083496,
   "00020.png": 0.788641631603241,
   "00018.png": 0.7732961177825928,
   "00019.png": 0.7820842266082764,
   "00001.png": 0.6613661050796509,
   "00004.png": 0.6846654415130615,
   "00002.png": 0.7809736132621765,
   "00008.png": 0.7840645909309387,
   "00007.png": 0.8233187198638916,
   "00023.png": 0.8106442093849182,
   "00012.png": 0.7690126895904541,
   "00021.png": 0.7320718765258789,
   "00005.png": 0.75196373462677,
   "00013.png": 0.786500871181488,
   "00022.png": 0.7589671015739441,
   "00011.png": 0.8015657067298889,
   "00009.png": 0.773202657699585,
   "00016.png": 0.7596467137336731,
   "00003.png": 0.7156609892845154,
   "00000.png": 0.7377203702926636,
   "00017.png": 0.7917366027832031,
   "00006.png": 0.8079286813735962,
   "00010.png": 0.7720991969108582,
   "00015.png": 0.7390506863594055
  },
  "PSNR": {
   "00014.png": 27.331214904785156,
   "00020.png": 26.967041015625,
   "00018.png": 25.946245193481445,
   "00019.png": 26.241683959960938,
   "00001.png": 21.442602157592773,
   "00004.png": 18.829742431640625,
   "00002.png": 26.159088134765625,
   "00008.png": 25.534231185913086,
   "00007.png": 26.633625030517578,
   "00023.png": 26.499109268188477,
   "00012.png": 25.710853576660156,
   "00021.png": 24.424453735351562,
   "00005.png": 24.679615020751953,
   "00013.png": 27.219409942626953,
   "00022.png": 25.45926284790039,
   "00011.png": 26.396575927734375,
   "00009.png": 25.39977264404297,
   "00016.png": 26.14799690246582,
   "00003.png": 23.433853149414062,
   "00000.png": 22.95328140258789,
   "00017.png": 27.203025817871094,
   "00006.png": 26.553943634033203,
   "00010.png": 24.10460662841797,
   "00015.png": 24.767059326171875
  },
  "LPIPS": {
   "00014.png": 0.2774924337863922,
   "00020.png": 0.27458202838897705,
   "00018.png": 0.3021884560585022,
   "00019.png": 0.3039817214012146,
   "00001.png": 0.3090417981147766,
   "00004.png": 0.2921571135520935,
   "00002.png": 0.23566345870494843,
   "00008.png": 0.25354644656181335,
   "00007.png": 0.23505829274654388,
   "00023.png": 0.25107038021087646,
   "00012.png": 0.27397918701171875,
   "00021.png": 0.29483166337013245,
   "00005.png": 0.273252010345459,
   "00013.png": 0.26170146465301514,
   "00022.png": 0.2898687720298767,
   "00011.png": 0.26128581166267395,
   "00009.png": 0.2565758228302002,
   "00016.png": 0.2851068675518036,
   "00003.png": 0.2725487947463989,
   "00000.png": 0.2748558819293976,
   "00017.png": 0.2739171087741852,
   "00006.png": 0.2524043321609497,
   "00010.png": 0.27626097202301025,
   "00015.png": 0.27836328744888306
  }
 }
}