{
 "ours_30000": {
  "SSIM": 0.8386149406433105,
  "PSNR": 26.83856773376465,
  "LPIPS": 0.1583135575056076
 },
 "ours_7000": {
  "SSIM": 0.7656645178794861,
  "PSNR": 25.25159454345703,
  "LPIPS": 0.2733222544193268
 }
}