{
 "ours_30000": {
  "SSIM": {
   "00014.png": 0.8800653219223022,
   "00030.png": 0.8752844333648682,
   "00020.png": 0.8494161367416382,
   "00018.png": 0.8882592916488647,
   "00019.png": 0.8741201758384705,
   "00001.png": 0.8151087760925293,
   "00029.png": 0.7950700521469116,
   "00028.png": 0.8081274032592773,
   "00004.png": 0.9006502628326416,
   "00002.png": 0.7947468161582947,
   "00008.png": 0.8759044408798218,
   "00007.png": 0.8916202187538147,
   "00023.png": 0.7757447957992554,
   "00012.png": 0.9043196439743042,
   "00021.png": 0.8817369937896729,
   "00005.png": 0.8397238850593567,
   "00013.png": 0.8188036680221558,
   "00022.png": 0.8402881622314453,
   "00011.png": 0.8914793729782104,
   "00032.png": 0.8713380098342896,
   "00009.png": 0.8957227468490601,
   "00033.png": 0.881635308265686,
   "00027.png": 0.8682492971420288,
   "00016.png": 0.8380388021469116,
   "00003.png": 0.8550618290901184,
   "00000.png": 0.7908649444580078,
   "00035.png": 0.9153289198875427,
   "00031.png": 0.7834290266036987,
   "00017.png": 0.9118866324424744,
   "00006.png": 0.8311657309532166,
   "00010.png": 0.8603622317314148,
   "00034.png": 0.9147488474845886,
   "00025.png": 0.8961707353591919,
   "00015.png": 0.8006504774093628,
   "00024.png": 0.8665106296539307,
   "00036.png": 0.8495563864707947,
   "00026.png": 0.8864604830741882,
   "00038.png": 0.8631488680839539,
   "00037.png": 0.9076594114303589
  },
  "PSNR": {
   "00014.png": 26.361780166625977,
   "00030.png": 29.579605102539062,
   "00020.png": 27.308242797851562,
   "00018.png": 30.617938995361328,
   "00019.png": 25.616191864013672,
   "00001.png": 29.9396915435791,
   "00029.png": 22.698766708374023,
   "00028.png": 24.191457748413086,
   "00004.png": 29.35047149658203,
   "00002.png": 28.97110939025879,
   "00008.png": 26.65899658203125,
   "00007.png": 28.354759216308594,
   "00023.png": 23.35006332397461,
   "00012.png": 30.52420425415039,
   "00021.png": 28.584699630737305,
   "00005.png": 22.9276180267334,
   "00013.png": 25.289779663085938,
   "00022.png": 27.521818161010742,
   "00011.png": 29.768831253051758,
   "00032.png": 25.860586166381836,
   "00009.png": 29.75020408630371,
   "00033.png": 25.780147552490234,
   "00027.png": 28.772573471069336,
   "00016.png": 26.91747283935547,
   "00003.png": 30.4970645904541,
   "00000.png": 24.674089431762695,
   "00035.png": 24.63827133178711,
   "00031.png": 29.831926345825195,
   "00017.png": 30.173978805541992,
   "00006.png": 29.602584838867188,
   "00010.png": 29.84554672241211,
   "00034.png": 23.980003356933594,
   "00025.png": 30.455814361572266,
   "00015.png": 29.155624389648438,
   "00024.png": 26.900070190429688,
   "00036.png": 22.163089752197266,
   "00026.png": 26.26220703125,
   "00038.png": 29.144153594970703,
   "00037.png": 28.354549407958984
  },
  "LPIPS": {
   "00014.png": 0.27481019496917725,
   "00030.png": 0.3826751410961151,
   "00020.png": 0.3305509686470032,
   "00018.png": 0.3233925700187683,
   "00019.png": 0.29511773586273193,
   "00001.png": 0.3504160940647125,
   "00029.png": 0.41383904218673706,
   "00028.png": 0.3970590829849243,
   "00004.png": 0.3017268180847168,
   "00002.png": 0.3827252686023712,
   "00008.png": 0.30153393745422363,
   "00007.png": 0.29762372374534607,
   "00023.png": 0.3777156472206116,
   "00012.png": 0.2816166877746582,
   "00021.png": 0.34196561574935913,
   "00005.png": 0.32754647731781006,
   "00013.png": 0.35457611083984375,
   "00022.png": 0.3310133218765259,
   "00011.png": 0.29333075881004333,
   "00032.png": 0.2832537889480591,
   "00009.png": 0.29252517223358154,
   "00033.png": 0.3263387084007263,
   "00027.png": 0.3678625822067261,
   "00016.png": 0.356966108083725,
   "00003.png": 0.3398306369781494,
   "00000.png": 0.3473818302154541,
   "00035.png": 0.33306822180747986,
   "00031.png": 0.4391477704048157,
   "00017.png": 0.24492621421813965,
   "00006.png": 0.37296128273010254,
   "00010.png": 0.3366129994392395,
   "00034.png": 0.3440139889717102,
   "00025.png": 0.3036131262779236,
   "00015.png": 0.3889089822769165,
   "00024.png": 0.36844033002853394,
   "00036.png": 0.4444863200187683,
   "00026.png": 0.2943724989891052,
   "00038.png": 0.40217384696006775,
   "00037.png": 0.32342663407325745
  }
 },
 "ours_7000": {
  "SSIM": {
   "00014.png": 0.5560024380683899,
   "00030.png": 0.6893531680107117,
   "00020.png": 0.582132875919342,
   "00018.png": 0.5325319170951843,
   "00019.png": 0.5574719309806824,
   "00001.png": 0.5700514912605286,
   "00029.png": 0.42948299646377563,
   "00028.png": 0.5196389555931091,
   "00004.png": 0.5319979190826416,
   "00002.png": 0.539174497127533,
   "00008.png": 0.547581672668457,
   "00007.png": 0.5120063424110413,
   "00023.png": 0.5297818779945374,
   "00012.png": 0.6787884831428528,
   "00021.png": 0.6752934455871582,
   "00005.png": 0.5158820152282715,
   "00013.png": 0.523594856262207,
   "00022.png": 0.5731671452522278,
   "00011.png": 0.5691903829574585,
   "00032.png": 0.5567259788513184,
   "00009.png": 0.5877031087875366,
   "00033.png": 0.6357438564300537,
   "00027.png": 0.6413067579269409,
   "00016.png": 0.5525945425033569,
   "00003.png": 0.5760850310325623,
   "00000.png": 0.5009094476699829,
   "00035.png": 0.555221676826477,
   "00031.png": 0.5774800777435303,
   "00017.png": 0.6530857682228088,
   "00006.png": 0.5827385187149048,
   "00010.png": 0.6054718494415283,
   "00034.png": 0.5760020613670349,
   "00025.png": 0.5942137837409973,
   "00015.png": 0.5881269574165344,
   "00024.png": 0.5927498936653137,
   "00036.png": 0.5974607467651367,
   "00026.png": 0.5018846392631531,
   "00038.png": 0.4747059643268585,
   "00037.png": 0.39843326807022095
  },
  "PSNR": {
   "00014.png": 12.718795776367188,
   "00030.png": 15.04348373413086,
   "00020.png": 14.464320182800293,
   "00018.png": 11.765310287475586,
   "00019.png": 12.223663330078125,
   "00001.png": 16.77849578857422,
   "00029.png": 11.726081848144531,
   "00028.png": 12.96903133392334,
   "00004.png": 10.963018417358398,
   "00002.png": 16.07282257080078,
   "00008.png": 12.602190971374512,
   "00007.png": 11.187307357788086,
   "00023.png": 14.973226547241211,
   "00012.png": 15.556025505065918,
   "00021.png": 15.248382568359375,
   "00005.png": 12.55561637878418,
   "00013.png": 12.895955085754395,
   "00022.png": 15.777541160583496,
   "00011.png": 15.602767944335938,
   "00032.png": 12.126663208007812,
   "00009.png": 13.22686767578125,
   "00033.png": 13.605796813964844,
   "00027.png": 14.765019416809082,
   "00016.png": 13.306360244750977,
   "00003.png": 14.256664276123047,
   "00000.png": 14.845379829406738,
   "00035.png": 9.895227432250977,
   "00031.png": 13.878079414367676,
   "00017.png": 15.843008995056152,
   "00006.png": 14.413381576538086,
   "00010.png": 14.766129493713379,
   "00034.png": 9.76781940460205,
   "00025.png": 11.972774505615234,
   "00015.png": 14.310407638549805,
   "00024.png": 12.102235794067383,
   "00036.png": 10.68337631225586,
   "00026.png": 10.938251495361328,
   "00038.png": 10.502161979675293,
   "00037.png": 9.385594367980957
  },
  "LPIPS": {
   "00014.png": 0.5797282457351685,
   "00030.png": 0.5816828012466431,
   "00020.png": 0.628519594669342,
   "00018.png": 0.6251511573791504,
   "00019.png": 0.5991649031639099,
   "00001.png": 0.6176776885986328,
   "00029.png": 0.6360942125320435,
   "00028.png": 0.5913633704185486,
   "00004.png": 0.676719605922699,
   "00002.png": 0.655140221118927,
   "00008.png": 0.6285021901130676,
   "00007.png": 0.6668127775192261,
   "00023.png": 0.6004111766815186,
   "00012.png": 0.5420604944229126,
   "00021.png": 0.5695725679397583,
   "00005.png": 0.6463309526443481,
   "00013.png": 0.6810458898544312,
   "00022.png": 0.6251233220100403,
   "00011.png": 0.5231897830963135,
   "00032.png": 0.5776472091674805,
   "00009.png": 0.6394405364990234,
   "00033.png": 0.48104327917099,
   "00027.png": 0.5825785398483276,
   "00016.png": 0.657960057258606,