{
 "ours_30000": {
  "SSIM": 0.8586784601211548,
  "PSNR": 27.445537567138672,
  "LPIPS": 0.34024477005004883
 },
 "ours_7000": {
  "SSIM": 0.5636350512504578,
  "PSNR": 13.223468780517578,
  "LPIPS": 0.6121256351470947
 }
}