{
 "ours_30000": {
  "SSIM": {
   "00014.png": 0.9427076578140259,
   "00030.png": 0.940199077129364,
   "00020.png": 0.9409845471382141,
   "00018.png": 0.9169826507568359,
   "00019.png": 0.9414509534835815,
   "00001.png": 0.931283175945282,
   "00029.png": 0.9226892590522766,
   "00028.png": 0.9527041912078857,
   "00004.png": 0.9433674216270447,
   "00002.png": 0.9474542737007141,
   "00008.png": 0.9164045453071594,
   "00007.png": 0.9422563910484314,
   "00023.png": 0.9407120943069458,
   "00012.png": 0.9394470453262329,
   "00021.png": 0.9390919208526611,
   "00005.png": 0.9341113567352295,
   "00013.png": 0.9541103839874268,
   "00022.png": 0.9466102123260498,
   "00011.png": 0.9036968946456909,
   "00032.png": 0.9567591547966003,
   "00009.png": 0.9265178442001343,
   "00033.png": 0.9226221442222595,
   "00027.png": 0.7596853971481323,
   "00016.png": 0.9429911375045776,
   "00003.png": 0.9516192078590393,
   "00000.png": 0.9049232602119446,
   "00031.png": 0.9410184025764465,
   "00017.png": 0.9380901455879211,
   "00006.png": 0.8360282182693481,
   "00010.png": 0.9531949758529663,
   "00034.png": 0.7535525560379028,
   "00025.png": 0.9466983675956726,
   "00015.png": 0.9480211734771729,
   "00024.png": 0.9504500031471252,
   "00026.png": 0.9415034651756287
  },
  "PSNR": {
   "00014.png": 30.683687210083008,
   "00030.png": 32.64885711669922,
   "00020.png": 33.205657958984375,
   "00018.png": 30.382041931152344,
   "00019.png": 31.63738441467285,
   "00001.png": 27.5858211517334,
   "00029.png": 31.880420684814453,
   "00028.png": 32.29838943481445,
   "00004.png": 29.166187286376953,
   "00002.png": 30.51765251159668,
   "00008.png": 30.182086944580078,
   "00007.png": 30.05110740661621,
   "00023.png": 33.584442138671875,
   "00012.png": 30.371267318725586,
   "00021.png": 33.00718688964844,
   "00005.png": 28.750154495239258,
   "00013.png": 33.50278854370117,
   "00022.png": 33.48550796508789,
   "00011.png": 31.243980407714844,
   "00032.png": 34.66582489013672,
   "00009.png": 31.010435104370117,
   "00033.png": 31.119482040405273,
   "00027.png": 27.34408950805664,
   "00016.png": 31.430892944335938,
   "00003.png": 30.448999404907227,
   "00000.png": 25.865184783935547,
   "00031.png": 32.07360076904297,
   "00017.png": 33.32408905029297,
   "00006.png": 27.37361717224121,
   "00010.png": 33.18938446044922,
   "00034.png": 27.79601287841797,
   "00025.png": 32.458702087402344,
   "00015.png": 31.557100296020508,
   "00024.png": 32.09414291381836,
   "00026.png": 32.57766342163086
  },
  "LPIPS": {
   "00014.png": 0.10078779608011246,
   "00030.png": 0.12104921042919159,
   "00020.png": 0.1005229726433754,
   "00018.png": 0.12359906733036041,
   "00019.png": 0.11335542798042297,
   "00001.png": 0.10727627575397491,
   "00029.png": 0.12703269720077515,
   "00028.png": 0.07214213907718658,
   "00004.png": 0.0957365483045578,
   "00002.png": 0.09872528910636902,
   "00008.png": 0.14948146045207977,
   "00007.png": 0.09073591232299805,
   "00023.png": 0.13083821535110474,
   "00012.png": 0.11222874373197556,
   "00021.png": 0.1151476576924324,
   "00005.png": 0.11251308768987656,
   "00013.png": 0.124994195997715,
   "00022.png": 0.09665282070636749,
   "00011.png": 0.15159863233566284,
   "00032.png": 0.12412091344594955,
   "00009.png": 0.13812047243118286,
   "00033.png": 0.1656072735786438,
   "00027.png": 0.2768041789531708,
   "00016.png": 0.10245151072740555,
   "00003.png": 0.08321703970432281,
   "00000.png": 0.13678178191184998,
   "00031.png": 0.1423599123954773,
   "00017.png": 0.1260158270597458,
   "00006.png": 0.22207002341747284,
   "00010.png": 0.12415679544210434,
   "00034.png": 0.292804479598999,
   "00025.png": 0.08501651883125305,
   "00015.png": 0.11358118802309036,
   "00024.png": 0.09065981954336166,
   "00026.png": 0.10798155516386032
  }
 },
 "ours_7000": {
  "SSIM": {
   "00014.png": 0.915626049041748,
   "00030.png": 0.9166319966316223,
   "00020.png": 0.9124715924263,
   "00018.png": 0.8865379691123962,
   "00019.png": 0.9145650863647461,
   "00001.png": 0.8972830176353455,
   "00029.png": 0.9115922451019287,
   "00028.png": 0.9199337959289551,
   "00004.png": 0.9193980097770691,
   "00002.png": 0.9248730540275574,
   "00008.png": 0.8936792612075806,
   "00007.png": 0.9235215187072754,
   "00023.png": 0.9194009900093079,
   "00012.png": 0.8928458094596863,
   "00021.png": 0.8987066745758057,
   "00005.png": 0.9175235033035278,
   "00013.png": 0.9368919134140015,
   "00022.png": 0.9259670972824097,
   "00011.png": 0.9102847576141357,
   "00032.png": 0.9425445795059204,
   "00009.png": 0.9030339121818542,
   "00033.png": 0.9165432453155518,
   "00027.png": 0.7767564654350281,
   "00016.png": 0.922491729259491,
   "00003.png": 0.9250103831291199,
   "00000.png": 0.8700894117355347,
   "00031.png": 0.9223435521125793,
   "00017.png": 0.9145706295967102,
   "00006.png": 0.810256838798523,
   "00010.png": 0.9351611733436584,
   "00034.png": 0.7619606852531433,
   "00025.png": 0.9152271747589111,
   "00015.png": 0.9229097962379456,
   "00024.png": 0.9075829982757568,
   "00026.png": 0.9280256628990173
  },
  "PSNR": {
   "00014.png": 28.005268096923828,
   "00030.png": 30.955059051513672,
   "00020.png": 30.9761962890625,
   "00018.png": 28.369251251220703,
   "00019.png": 28.150196075439453,
   "00001.png": 24.59600257873535,
   "00029.png": 29.414798736572266,
   "00028.png": 29.13544464111328,
   "00004.png": 26.6445369720459,
   "00002.png": 27.738746643066406,
   "00008.png": 27.741357803344727,
   "00007.png": 27.964195251464844,
   "00023.png": 31.796031951904297,
   "00012.png": 27.54636001586914,
   "00021.png": 29.71839141845703,
   "00005.png": 26.642154693603516,
   "00013.png": 30.571517944335938,
   "00022.png": 32.1180419921875,
   "00011.png": 28.7968807220459,
   "00032.png": 33.202457427978516,
   "00009.png": 29.700395584106445,
   "00033.png": 29.886028289794922,
   "00027.png": 27.185264587402344,
   "00016.png": 29.95570945739746,
   "00003.png": 27.98271942138672,
   "00000.png": 23.71350860595703,
   "00031.png": 30.38710594177246,
   "00017.png": 29.363811492919922,
   "00006.png": 27.84577178955078,
   "00010.png": 30.14714241027832,
   "00034.png": 27.235498428344727,
   "00025.png": 29.104528427124023,
   "00015.png": 27.96053123474121,
   "00024.png": 28.5413761138916,
   "00026.png": 31.23723030090332
  },
  "LPIPS": {
   "00014.png": 0.13834655284881592,
   "00030.png": 0.1537163257598877,
   "00020.png": 0.1352916955947876,
   "00018.png": 0.17211556434631348,
   "00019.png": 0.14547744393348694,
   "00001.png": 0.15785770118236542,
   "00029.png": 0.14822465181350708,
   "00028.png": 0.11319484561681747,
   "00004.png": 0.13468298316001892,
   "00002.png": 0.12306251376867294,
   "00008.png": 0.17433826625347137,
   "00007.png": 0.1146027073264122,
   "00023.png": 0.15003527700901031,
   "00012.png": 0.16156120598316193,
   "00021.png": 0.17058351635932922,
   "00005.png": 0.14573727548122406,
   "00013.png": 0.1500975787639618,
   "00022.png": 0.12693586945533752,
   "00011.png": 0.16101646423339844,
   "00032.png": 0.15540257096290588,
   "00009.png": 0.16694597899913788,
   "00033.png": 0.17673015594482422,
   "00027.png": 0.2778276801109314,
   "00016.png": 0.1387133002281189,
   "00003.png": 0.12336483597755432,
   "00000.png": 0.1892198771238327,
   "00031.png": 0.17296551167964935,
   "00017.png": 0.15987277030944824,
   "00006.png": 0.2375137209892273,
   "00010.png": 0.14700233936309814,
   "00034.png": 0.3017497956752777,
   "00025.png": 0.12719430029392242,
   "00015.png": 0.16161507368087769,
   "00024.png": 0.14159120619297028,
   "00026.png": 0.13089829683303833
  }
 }
}