{
 "ours_30000": {
  "SSIM": 0.9248554706573486,
  "PSNR": 31.100393295288086,
  "LPIPS": 0.12789049744606018
 },
 "ours_7000": {
  "SSIM": 0.9032069444656372,
  "PSNR": 28.86655616760254,
  "LPIPS": 0.15958531200885773
 }
}