{
 "ours_30000": {
  "SSIM": {
   "00014.png": 0.9382042288780212,
   "00030.png": 0.8838763236999512,
   "00020.png": 0.9301624894142151,
   "00018.png": 0.9209895730018616,
   "00019.png": 0.9394153356552124,
   "00001.png": 0.902553915977478,
   "00029.png": 0.9227484464645386,
   "00028.png": 0.9202768206596375,
   "00004.png": 0.9495943784713745,
   "00002.png": 0.9014187455177307,
   "00008.png": 0.9326768517494202,
   "00007.png": 0.9613385200500488,
   "00023.png": 0.9009705781936646,
   "00012.png": 0.9432100057601929,
   "00021.png": 0.8619424104690552,
   "00005.png": 0.9345741868019104,
   "00013.png": 0.9268480539321899,
   "00022.png": 0.9327290654182434,
   "00011.png": 0.943999171257019,
   "00032.png": 0.9294517636299133,
   "00009.png": 0.9452354907989502,
   "00033.png": 0.9347790479660034,
   "00027.png": 0.9074418544769287,
   "00016.png": 0.9228923916816711,
   "00003.png": 0.9287915229797363,
   "00000.png": 0.8988087773323059,
   "00035.png": 0.9539888501167297,
   "00031.png": 0.847149133682251,
   "00017.png": 0.9475910067558289,
   "00006.png": 0.918789267539978,
   "00010.png": 0.9346239566802979,
   "00034.png": 0.9387916326522827,
   "00025.png": 0.923579216003418,
   "00015.png": 0.883944034576416,
   "00024.png": 0.920278787612915,
   "00036.png": 0.8669307231903076,
   "00026.png": 0.9367554783821106,
   "00038.png": 0.8917146921157837,
   "00037.png": 0.9360256195068359
  },
  "PSNR": {
   "00014.png": 29.999492645263672,
   "00030.png": 31.76923942565918,
   "00020.png": 32.67250442504883,
   "00018.png": 32.93317794799805,
   "00019.png": 31.336650848388672,
   "00001.png": 33.87555694580078,
   "00029.png": 30.2799129486084,
   "00028.png": 31.61054801940918,
   "00004.png": 34.322479248046875,
   "00002.png": 34.541648864746094,
   "00008.png": 32.02528762817383,
   "00007.png": 34.90251541137695,
   "00023.png": 28.630590438842773,
   "00012.png": 35.90209197998047,
   "00021.png": 30.776275634765625,
   "00005.png": 31.437423706054688,
   "00013.png": 33.26240158081055,
   "00022.png": 34.79005432128906,
   "00011.png": 36.67967987060547,
   "00032.png": 28.9830379486084,
   "00009.png": 34.819271087646484,
   "00033.png": 32.287662506103516,
   "00027.png": 31.66269302368164,
   "00016.png": 33.369178771972656,
   "00003.png": 35.53565216064453,
   "00000.png": 31.953262329101562,
   "00035.png": 29.20496368408203,
   "00031.png": 32.23323440551758,
   "00017.png": 35.095882415771484,
   "00006.png": 33.7286376953125,
   "00010.png": 34.275413513183594,
   "00034.png": 24.490718841552734,
   "00025.png": 32.47185134887695,
   "00015.png": 31.093198776245117,
   "00024.png": 31.896486282348633,
   "00036.png": 21.879352569580078,
   "00026.png": 31.553173065185547,
   "00038.png": 31.369918823242188,
   "00037.png": 34.02267074584961
  },
  "LPIPS": {
   "00014.png": 0.168716162443161,
   "00030.png": 0.3006795644760132,
   "00020.png": 0.1708260178565979,
   "00018.png": 0.2435363382101059,
   "00019.png": 0.16550713777542114,
   "00001.png": 0.19025230407714844,
   "00029.png": 0.23101317882537842,
   "00028.png": 0.21827051043510437,
   "00004.png": 0.186155766248703,
   "00002.png": 0.20285038650035858,
   "00008.png": 0.18789026141166687,
   "00007.png": 0.15293794870376587,
   "00023.png": 0.19121575355529785,
   "00012.png": 0.1699899137020111,
   "00021.png": 0.3099130094051361,
   "00005.png": 0.1800193041563034,
   "00013.png": 0.18427856266498566,
   "00022.png": 0.15166842937469482,
   "00011.png": 0.17136675119400024,
   "00032.png": 0.1877342164516449,
   "00009.png": 0.16598165035247803,
   "00033.png": 0.20930273830890656,
   "00027.png": 0.25384941697120667,
   "00016.png": 0.20505741238594055,
   "00003.png": 0.18568837642669678,
   "00000.png": 0.19669336080551147,
   "00035.png": 0.24900126457214355,
   "00031.png": 0.3039630353450775,
   "00017.png": 0.16087619960308075,
   "00006.png": 0.19352197647094727,
   "00010.png": 0.17801903188228607,
   "00034.png": 0.28660836815834045,
   "00025.png": 0.21704956889152527,
   "00015.png": 0.24094358086585999,
   "00024.png": 0.24476444721221924,
   "00036.png": 0.3727756142616272,
   "00026.png": 0.18336962163448334,
   "00038.png": 0.2957461178302765,
   "00037.png": 0.2663032114505768
  }
 },
 "ours_7000": {
  "SSIM": {
   "00014.png": 0.9355961084365845,
   "00030.png": 0.8896616697311401,
   "00020.png": 0.9183963537216187,
   "00018.png": 0.9165900349617004,
   "00019.png": 0.9327589869499207,
   "00001.png": 0.8836240768432617,
   "00029.png": 0.8974242806434631,
   "00028.png": 0.8953238725662231,
   "00004.png": 0.9429375529289246,
   "00002.png": 0.8706024885177612,
   "00008.png": 0.925394594669342,
   "00007.png": 0.9511578679084778,
   "00023.png": 0.880605161190033,
   "00012.png": 0.9371929168701172,
   "00021.png": 0.8667200803756714,
   "00005.png": 0.9210445880889893,
   "00013.png": 0.9109835624694824,
   "00022.png": 0.9149855375289917,
   "00011.png": 0.9361329674720764,
   "00032.png": 0.9270343780517578,
   "00009.png": 0.9416409730911255,
   "00033.png": 0.9207723736763,
   "00027.png": 0.9079548120498657,
   "00016.png": 0.9131609201431274,
   "00003.png": 0.9129000306129456,
   "00000.png": 0.8681933879852295,
   "00035.png": 0.9473381042480469,
   "00031.png": 0.8343535661697388,
   "00017.png": 0.9398207664489746,
   "00006.png": 0.9006638526916504,
   "00010.png": 0.9191583395004272,
   "00034.png": 0.9379594326019287,
   "00025.png": 0.9212081432342529,
   "00015.png": 0.8623988032341003,
   "00024.png": 0.9160647988319397,
   "00036.png": 0.8670161366462708,
   "00026.png": 0.9365510940551758,
   "00038.png": 0.8856930732727051,
   "00037.png": 0.9319968819618225
  },
  "PSNR": {
   "00014.png": 29.723730087280273,
   "00030.png": 31.35952377319336,
   "00020.png": 31.225297927856445,
   "00018.png": 32.45631790161133,
   "00019.png": 29.736183166503906,
   "00001.png": 32.38201904296875,
   "00029.png": 28.053508758544922,
   "00028.png": 28.916261672973633,
   "00004.png": 32.662109375,
   "00002.png": 32.13264083862305,
   "00008.png": 31.004817962646484,
   "00007.png": 33.493980407714844,
   "00023.png": 27.045379638671875,
   "00012.png": 34.88603973388672,
   "00021.png": 29.91866683959961,
   "00005.png": 29.54852867126465,
   "00013.png": 31.48418617248535,
   "00022.png": 32.70260238647461,
   "00011.png": 35.10186004638672,
   "00032.png": 28.399330139160156,
   "00009.png": 33.092464447021484,
   "00033.png": 30.363555908203125,
   "00027.png": 31.73947525024414,
   "00016.png": 32.06912612915039,
   "00003.png": 34.27814865112305,
   "00000.png": 29.36475944519043,
   "00035.png": 26.281126022338867,
   "00031.png": 32.14733123779297,
   "00017.png": 34.140289306640625,
   "00006.png": 32.23799133300781,
   "00010.png": 33.33692169189453,
   "00034.png": 22.560104370117188,
   "00025.png": 31.232479095458984,
   "00015.png": 29.46886444091797,
   "00024.png": 30.540102005004883,
   "00036.png": 23.45770263671875,
   "00026.png": 31.94072723388672,
   "00038.png": 30.609519958496094,
   "00037.png": 31.856658935546875
  },
  "LPIPS": {
   "00014.png": 0.17412804067134857,
   "00030.png": 0.3170047998428345,
   "00020.png": 0.2012259066104889,
   "00018.png": 0.26063013076782227,
   "00019.png": 0.1848812699317932,
   "00001.png": 0.22181421518325806,
   "00029.png": 0.27188897132873535,
   "00028.png": 0.2626183032989502,
   "00004.png": 0.19840258359909058,
   "00002.png": 0.24382126331329346,
   "00008.png": 0.20152020454406738,
   "00007.png": 0.17253223061561584,
   "00023.png": 0.22781231999397278,
   "00012.png": 0.18621858954429626,
   "00021.png": 0.3146626651287079,
   "00005.png": 0.20577464997768402,
   "00013.png": 0.20906826853752136,
   "00022.png": 0.18614302575588226,
   "00011.png": 0.18915295600891113,
   "00032.png": 0.192030668258667,
   "00009.png": 0.17673778533935547,
   "00033.png": 0.2356339991092682,
   "00027.png": 0.271305650472641,
   "00016.png": 0.22244572639465332,