{
 "ours_30000": {
  "SSIM": 0.9208996891975403,
  "PSNR": 32.14548110961914,
  "LPIPS": 0.21472656726837158
 },
 "ours_7000": {
  "SSIM": 0.9107438921928406,
  "PSNR": 30.844879150390625,
  "LPIPS": 0.23683592677116394
 }
}