{
 "ours_30000": {
  "SSIM": {
   "00014.png": 0.9432339668273926,
   "00030.png": 0.9382234811782837,
   "00020.png": 0.9406003952026367,
   "00018.png": 0.9166123867034912,
   "00019.png": 0.9400478005409241,
   "00001.png": 0.9273494482040405,
   "00029.png": 0.9200384616851807,
   "00028.png": 0.9487107396125793,
   "00004.png": 0.943658173084259,
   "00002.png": 0.9445803165435791,
   "00008.png": 0.9092893004417419,
   "00007.png": 0.9408375024795532,
   "00023.png": 0.9338416457176208,
   "00012.png": 0.9387235641479492,
   "00021.png": 0.9340875744819641,
   "00005.png": 0.9335740208625793,
   "00013.png": 0.9530801177024841,
   "00022.png": 0.9469759464263916,
   "00011.png": 0.8986998796463013,
   "00032.png": 0.9563698768615723,
   "00009.png": 0.9237329959869385,
   "00033.png": 0.922639012336731,
   "00027.png": 0.7566100358963013,
   "00016.png": 0.943105936050415,
   "00003.png": 0.9517537951469421,
   "00000.png": 0.9036922454833984,
   "00031.png": 0.9408321380615234,
   "00017.png": 0.9373590350151062,
   "00006.png": 0.823403537273407,
   "00010.png": 0.9522995352745056,
   "00034.png": 0.7505410313606262,
   "00025.png": 0.9498398900032043,
   "00015.png": 0.9448277950286865,
   "00024.png": 0.9497190117835999,
   "00026.png": 0.9442312717437744
  },
  "PSNR": {
   "00014.png": 30.952356338500977,
   "00030.png": 32.9964714050293,
   "00020.png": 33.052040100097656,
   "00018.png": 30.122575759887695,
   "00019.png": 30.029674530029297,
   "00001.png": 27.373058319091797,
   "00029.png": 31.608617782592773,
   "00028.png": 31.82763671875,
   "00004.png": 29.45429039001465,
   "00002.png": 30.95302963256836,
   "00008.png": 29.45680809020996,
   "00007.png": 29.30976676940918,
   "00023.png": 33.005313873291016,
   "00012.png": 30.34821319580078,
   "00021.png": 32.22947692871094,
   "00005.png": 28.79525375366211,
   "00013.png": 32.8580322265625,
   "00022.png": 33.698890686035156,
   "00011.png": 30.021968841552734,
   "00032.png": 34.60535430908203,
   "00009.png": 30.681039810180664,
   "00033.png": 30.565793991088867,
   "00027.png": 26.890949249267578,
   "00016.png": 31.553991317749023,
   "00003.png": 30.573246002197266,
   "00000.png": 26.437828063964844,
   "00031.png": 31.874317169189453,
   "00017.png": 31.44244956970215,
   "00006.png": 26.708396911621094,
   "00010.png": 31.79322052001953,
   "00034.png": 27.77350616455078,
   "00025.png": 32.79643249511719,
   "00015.png": 30.273101806640625,
   "00024.png": 31.833593368530273,
   "00026.png": 32.96681213378906
  },
  "LPIPS": {
   "00014.png": 0.10215099155902863,
   "00030.png": 0.1247735545039177,
   "00020.png": 0.10092638432979584,
   "00018.png": 0.12579916417598724,
   "00019.png": 0.11340130120515823,
   "00001.png": 0.11545045673847198,
   "00029.png": 0.13117928802967072,
   "00028.png": 0.07657933235168457,
   "00004.png": 0.09783171862363815,
   "00002.png": 0.10335136950016022,
   "00008.png": 0.15474754571914673,
   "00007.png": 0.09302209317684174,
   "00023.png": 0.13311314582824707,
   "00012.png": 0.11985300481319427,
   "00021.png": 0.12018485367298126,
   "00005.png": 0.11559997498989105,
   "00013.png": 0.12658187747001648,
   "00022.png": 0.10022573173046112,
   "00011.png": 0.1604730784893036,
   "00032.png": 0.12470007687807083,
   "00009.png": 0.14218716323375702,
   "00033.png": 0.1670432686805725,
   "00027.png": 0.2771536111831665,
   "00016.png": 0.10431713610887527,
   "00003.png": 0.08634544909000397,
   "00000.png": 0.14168238639831543,
   "00031.png": 0.14318963885307312,
   "00017.png": 0.12559664249420166,
   "00006.png": 0.22721700370311737,
   "00010.png": 0.12567821145057678,
   "00034.png": 0.29455646872520447,
   "00025.png": 0.08401713520288467,
   "00015.png": 0.11921043694019318,
   "00024.png": 0.09259738028049469,
   "00026.png": 0.1086728647351265
  }
 },
 "ours_7000": {
  "SSIM": {
   "00014.png": 0.8816094398498535,
   "00030.png": 0.8895280361175537,
   "00020.png": 0.8908066749572754,
   "00018.png": 0.8498564958572388,
   "00019.png": 0.8950806260108948,
   "00001.png": 0.87098228931427,
   "00029.png": 0.8975605964660645,
   "00028.png": 0.8840632438659668,
   "00004.png": 0.8960784077644348,
   "00002.png": 0.9020183682441711,
   "00008.png": 0.8539674282073975,
   "00007.png": 0.8982091546058655,
   "00023.png": 0.9002191424369812,
   "00012.png": 0.8521038889884949,
   "00021.png": 0.8807107210159302,
   "00005.png": 0.889940619468689,
   "00013.png": 0.9088548421859741,
   "00022.png": 0.9024396538734436,
   "00011.png": 0.8821072578430176,
   "00032.png": 0.9104713797569275,
   "00009.png": 0.8638381361961365,
   "00033.png": 0.898838222026825,
   "00027.png": 0.779714822769165,
   "00016.png": 0.8967732787132263,
   "00003.png": 0.9017899632453918,
   "00000.png": 0.8339806795120239,
   "00031.png": 0.8908126354217529,
   "00017.png": 0.8976656198501587,
   "00006.png": 0.810522198677063,
   "00010.png": 0.9072309732437134,
   "00034.png": 0.7580828070640564,
   "00025.png": 0.882397472858429,
   "00015.png": 0.8940116167068481,
   "00024.png": 0.8843661546707153,
   "00026.png": 0.8968180418014526
  },
  "PSNR": {
   "00014.png": 26.839710235595703,
   "00030.png": 28.500635147094727,
   "00020.png": 29.592802047729492,
   "00018.png": 27.606508255004883,
   "00019.png": 27.991615295410156,
   "00001.png": 24.26293182373047,
   "00029.png": 28.221839904785156,
   "00028.png": 27.83893585205078,
   "00004.png": 26.310932159423828,
   "00002.png": 26.98391342163086,
   "00008.png": 25.477134704589844,
   "00007.png": 26.018274307250977,
   "00023.png": 30.70845603942871,
   "00012.png": 25.841045379638672,
   "00021.png": 28.77579689025879,
   "00005.png": 24.97162628173828,
   "00013.png": 28.89731216430664,
   "00022.png": 30.67359733581543,
   "00011.png": 26.90869140625,
   "00032.png": 30.23719024658203,
   "00009.png": 27.803050994873047,
   "00033.png": 28.11035919189453,
   "00027.png": 26.831199645996094,
   "00016.png": 29.29943084716797,
   "00003.png": 26.806764602661133,
   "00000.png": 23.019153594970703,
   "00031.png": 28.24856185913086,
   "00017.png": 28.837549209594727,
   "00006.png": 27.47783851623535,
   "00010.png": 28.155765533447266,
   "00034.png": 27.338075637817383,
   "00025.png": 27.805652618408203,
   "00015.png": 27.07327651977539,
   "00024.png": 27.546470642089844,
   "00026.png": 29.387691497802734
  },
  "LPIPS": {
   "00014.png": 0.162245512008667,
   "00030.png": 0.17821183800697327,
   "00020.png": 0.16525334119796753,
   "00018.png": 0.21605834364891052,
   "00019.png": 0.17516550421714783,
   "00001.png": 0.18976017832756042,
   "00029.png": 0.16998717188835144,
   "00028.png": 0.15427979826927185,
   "00004.png": 0.16536545753479004,
   "00002.png": 0.1475299447774887,
   "00008.png": 0.20017677545547485,
   "00007.png": 0.13808581233024597,
   "00023.png": 0.16806834936141968,
   "00012.png": 0.2000984400510788,
   "00021.png": 0.20052661001682281,
   "00005.png": 0.17500141263008118,
   "00013.png": 0.17646408081054688,
   "00022.png": 0.1576405018568039,
   "00011.png": 0.19475910067558289,
   "00032.png": 0.18502293527126312,
   "00009.png": 0.2050846964120865,
   "00033.png": 0.1957768350839615,
   "00027.png": 0.2793152928352356,
   "00016.png": 0.18340274691581726,
   "00003.png": 0.15376901626586914,
   "00000.png": 0.23275496065616608,
   "00031.png": 0.20311614871025085,
   "00017.png": 0.19330166280269623,
   "00006.png": 0.2470960170030594,
   "00010.png": 0.17395010590553284,
   "00034.png": 0.3079237937927246,
   "00025.png": 0.16955536603927612,
   "00015.png": 0.20193767547607422,
   "00024.png": 0.17404335737228394,
   "00026.png": 0.16379955410957336
  }
 }
}