{
 "ours_30000": {
  "SSIM": 0.9229463934898376,
  "PSNR": 30.767528533935547,
  "LPIPS": 0.1308402717113495
 },
 "ours_7000": {
  "SSIM": 0.8780985474586487,
  "PSNR": 27.61142349243164,
  "LPIPS": 0.1887008100748062
 }
}