{
 "ours_30000": {
  "SSIM": {
   "00014.png": 0.9292701482772827,
   "00030.png": 0.8872587084770203,
   "00020.png": 0.9064797759056091,
   "00018.png": 0.9127150177955627,
   "00019.png": 0.9244179129600525,
   "00001.png": 0.8672175407409668,
   "00029.png": 0.878552258014679,
   "00028.png": 0.8783152103424072,
   "00004.png": 0.9407508969306946,
   "00002.png": 0.8541033864021301,
   "00008.png": 0.9137142896652222,
   "00007.png": 0.9445450901985168,
   "00023.png": 0.8674692511558533,
   "00012.png": 0.9306864738464355,
   "00021.png": 0.8747726678848267,
   "00005.png": 0.9060804843902588,
   "00013.png": 0.8907626867294312,
   "00022.png": 0.9018904566764832,
   "00011.png": 0.9273104667663574,
   "00032.png": 0.9105135202407837,
   "00009.png": 0.9352595210075378,
   "00033.png": 0.9116196036338806,
   "00027.png": 0.8993274569511414,
   "00016.png": 0.892101526260376,
   "00003.png": 0.9012191891670227,
   "00000.png": 0.8542941212654114,
   "00035.png": 0.9450656771659851,
   "00031.png": 0.8174769282341003,
   "00017.png": 0.9408621788024902,
   "00006.png": 0.8862088918685913,
   "00010.png": 0.9057570099830627,
   "00034.png": 0.9268705248832703,
   "00025.png": 0.9178510308265686,
   "00015.png": 0.8445755839347839,
   "00024.png": 0.9072260856628418,
   "00036.png": 0.866500735282898,
   "00026.png": 0.9318240284919739,
   "00038.png": 0.8816604614257812,
   "00037.png": 0.9332737326622009
  },
  "PSNR": {
   "00014.png": 30.077075958251953,
   "00030.png": 30.921918869018555,
   "00020.png": 30.187145233154297,
   "00018.png": 32.51190948486328,
   "00019.png": 29.25436019897461,
   "00001.png": 32.245506286621094,
   "00029.png": 26.487201690673828,
   "00028.png": 27.498865127563477,
   "00004.png": 33.102447509765625,
   "00002.png": 31.985553741455078,
   "00008.png": 29.942459106445312,
   "00007.png": 33.16555404663086,
   "00023.png": 26.92691421508789,
   "00012.png": 33.95823287963867,
   "00021.png": 29.83812141418457,
   "00005.png": 27.399675369262695,
   "00013.png": 30.262365341186523,
   "00022.png": 31.724430084228516,
   "00011.png": 34.661155700683594,
   "00032.png": 27.984516143798828,
   "00009.png": 33.38656234741211,
   "00033.png": 29.15105438232422,
   "00027.png": 31.17023277282715,
   "00016.png": 29.869495391845703,
   "00003.png": 33.67047119140625,
   "00000.png": 28.807186126708984,
   "00035.png": 26.191333770751953,
   "00031.png": 31.848485946655273,
   "00017.png": 34.172271728515625,
   "00006.png": 31.971399307250977,
   "00010.png": 32.623985290527344,
   "00034.png": 20.81760597229004,
   "00025.png": 31.981332778930664,
   "00015.png": 31.190467834472656,
   "00024.png": 29.616371154785156,
   "00036.png": 23.287189483642578,
   "00026.png": 31.24761962890625,
   "00038.png": 30.112838745117188,
   "00037.png": 33.3787841796875
  },
  "LPIPS": {
   "00014.png": 0.1898636519908905,
   "00030.png": 0.33353498578071594,
   "00020.png": 0.22932741045951843,
   "00018.png": 0.278525710105896,
   "00019.png": 0.20787066221237183,
   "00001.png": 0.2591794729232788,
   "00029.png": 0.298003613948822,
   "00028.png": 0.2876957058906555,
   "00004.png": 0.21346333622932434,
   "00002.png": 0.28603121638298035,
   "00008.png": 0.22016514837741852,
   "00007.png": 0.19206658005714417,
   "00023.png": 0.25282108783721924,
   "00012.png": 0.20935775339603424,
   "00021.png": 0.3210272789001465,
   "00005.png": 0.2309562861919403,
   "00013.png": 0.24706266820430756,
   "00022.png": 0.22019656002521515,
   "00011.png": 0.21601131558418274,
   "00032.png": 0.207288920879364,
   "00009.png": 0.20337484776973724,
   "00033.png": 0.2585168480873108,
   "00027.png": 0.29612961411476135,
   "00016.png": 0.26540881395339966,
   "00003.png": 0.24833452701568604,
   "00000.png": 0.2551019787788391,
   "00035.png": 0.2773139476776123,
   "00031.png": 0.36929115653038025,
   "00017.png": 0.1818985641002655,
   "00006.png": 0.2722349762916565,
   "00010.png": 0.2464684695005417,
   "00034.png": 0.29637014865875244,
   "00025.png": 0.25655364990234375,
   "00015.png": 0.30744555592536926,
   "00024.png": 0.28321191668510437,
   "00036.png": 0.4021228551864624,
   "00026.png": 0.213331401348114,
   "00038.png": 0.3404272198677063,
   "00037.png": 0.28283703327178955
  }
 },
 "ours_7000": {
  "SSIM": {
   "00014.png": 0.8822919130325317,
   "00030.png": 0.8760535717010498,
   "00020.png": 0.8583097457885742,
   "00018.png": 0.8914600014686584,
   "00019.png": 0.8820305466651917,
   "00001.png": 0.8232110142707825,
   "00029.png": 0.7860715985298157,
   "00028.png": 0.8046042323112488,
   "00004.png": 0.9102959036827087,
   "00002.png": 0.8021499514579773,
   "00008.png": 0.8723796606063843,
   "00007.png": 0.9051026701927185,
   "00023.png": 0.7971192002296448,
   "00012.png": 0.9083148241043091,
   "00021.png": 0.8794456720352173,
   "00005.png": 0.8576356768608093,
   "00013.png": 0.8305514454841614,
   "00022.png": 0.8526800274848938,
   "00011.png": 0.8906247615814209,
   "00032.png": 0.859522819519043,
   "00009.png": 0.9030643105506897,
   "00033.png": 0.8702311515808105,
   "00027.png": 0.8748140931129456,
   "00016.png": 0.8449306488037109,
   "00003.png": 0.8624514937400818,
   "00000.png": 0.7957749962806702,
   "00035.png": 0.9134964942932129,
   "00031.png": 0.7918799519538879,
   "00017.png": 0.9104105234146118,
   "00006.png": 0.8388356566429138,
   "00010.png": 0.8624499440193176,
   "00034.png": 0.884864330291748,
   "00025.png": 0.9030445218086243,
   "00015.png": 0.8014559745788574,
   "00024.png": 0.8712116479873657,
   "00036.png": 0.8439912796020508,
   "00026.png": 0.8794923424720764,
   "00038.png": 0.8644700646400452,
   "00037.png": 0.9128099083900452
  },
  "PSNR": {
   "00014.png": 25.389286041259766,
   "00030.png": 29.453413009643555,
   "00020.png": 27.527912139892578,
   "00018.png": 29.874465942382812,
   "00019.png": 25.570884704589844,
   "00001.png": 29.942529678344727,
   "00029.png": 21.409839630126953,
   "00028.png": 23.256999969482422,
   "00004.png": 29.306238174438477,
   "00002.png": 29.089370727539062,
   "00008.png": 24.783199310302734,
   "00007.png": 28.692005157470703,
   "00023.png": 23.403900146484375,
   "00012.png": 29.941497802734375,
   "00021.png": 28.351604461669922,
   "00005.png": 24.120683670043945,
   "00013.png": 25.662012100219727,
   "00022.png": 28.17009735107422,
   "00011.png": 29.123733520507812,
   "00032.png": 24.87420082092285,
   "00009.png": 29.510051727294922,
   "00033.png": 24.962688446044922,
   "00027.png": 29.515668869018555,
   "00016.png": 26.474857330322266,
   "00003.png": 30.577009201049805,
   "00000.png": 24.3721866607666,
   "00035.png": 22.811124801635742,
   "00031.png": 29.888429641723633,
   "00017.png": 29.373214721679688,
   "00006.png": 29.407461166381836,
   "00010.png": 29.975976943969727,
   "00034.png": 17.504047393798828,
   "00025.png": 30.651185989379883,
   "00015.png": 28.379098892211914,
   "00024.png": 26.7774600982666,
   "00036.png": 22.478883743286133,
   "00026.png": 25.143739700317383,
   "00038.png": 28.94997787475586,
   "00037.png": 28.804336547851562
  },
  "LPIPS": {
   "00014.png": 0.26170551776885986,
   "00030.png": 0.36977922916412354,
   "00020.png": 0.30542436242103577,
   "00018.png": 0.31584852933883667,
   "00019.png": 0.2738664448261261,
   "00001.png": 0.3279941976070404,
   "00029.png": 0.4120946526527405,
   "00028.png": 0.39176055788993835,
   "00004.png": 0.27786344289779663,
   "00002.png": 0.36006873846054077,
   "00008.png": 0.2817575931549072,
   "00007.png": 0.26665449142456055,
   "00023.png": 0.3507995307445526,
   "00012.png": 0.26361578702926636,
   "00021.png": 0.34092605113983154,
   "00005.png": 0.3056492507457733,
   "00013.png": 0.33151954412460327,
   "00022.png": 0.301838755607605,
   "00011.png": 0.27584612369537354,
   "00032.png": 0.27526408433914185,
   "00009.png": 0.27111804485321045,
   "00033.png": 0.31916892528533936,
   "00027.png": 0.34676674008369446,