{
 "ours_30000": {
  "SSIM": 0.9011744260787964,
  "PSNR": 30.375131607055664,
  "LPIPS": 0.26043134927749634
 },
 "ours_7000": {
  "SSIM": 0.8615264892578125,
  "PSNR": 27.01285171508789,
  "LPIPS": 0.32498660683631897
 }
}