{
 "ours_30000": {
  "SSIM": {
   "00014.png": 0.8861818909645081,
   "00020.png": 0.9189454913139343,
   "00018.png": 0.9084454774856567,
   "00019.png": 0.9154930710792542,
   "00001.png": 0.909785270690918,
   "00029.png": 0.8571023344993591,
   "00028.png": 0.9142959117889404,
   "00004.png": 0.9401932954788208,
   "00002.png": 0.9107107520103455,
   "00008.png": 0.9042118787765503,
   "00007.png": 0.9234251379966736,
   "00023.png": 0.9339799880981445,
   "00012.png": 0.9005445241928101,
   "00021.png": 0.908057689666748,
   "00005.png": 0.905410647392273,
   "00013.png": 0.9184442162513733,
   "00022.png": 0.9171215891838074,
   "00011.png": 0.9174985885620117,
   "00009.png": 0.9010128974914551,
   "00027.png": 0.9190419912338257,
   "00016.png": 0.9280592203140259,
   "00003.png": 0.8481335043907166,
   "00000.png": 0.8782526254653931,
   "00017.png": 0.9059920907020569,
   "00006.png": 0.9001367092132568,
   "00010.png": 0.9082746505737305,
   "00025.png": 0.9391556978225708,
   "00015.png": 0.9133067727088928,
   "00024.png": 0.9252777695655823,
   "00026.png": 0.9376107454299927
  },
  "PSNR": {
   "00014.png": 26.365127563476562,
   "00020.png": 31.174142837524414,
   "00018.png": 29.555471420288086,
   "00019.png": 28.691329956054688,
   "00001.png": 30.213607788085938,
   "00029.png": 25.585277557373047,
   "00028.png": 29.210765838623047,
   "00004.png": 32.406429290771484,
   "00002.png": 29.66038703918457,
   "00008.png": 30.945571899414062,
   "00007.png": 31.248451232910156,
   "00023.png": 31.499387741088867,
   "00012.png": 27.016510009765625,
   "00021.png": 29.864826202392578,
   "00005.png": 29.646713256835938,
   "00013.png": 29.57982635498047,
   "00022.png": 29.755653381347656,
   "00011.png": 30.68330955505371,
   "00009.png": 27.86880874633789,
   "00027.png": 28.91187286376953,
   "00016.png": 29.302539825439453,
   "00003.png": 26.459320068359375,
   "00000.png": 27.905746459960938,
   "00017.png": 28.271923065185547,
   "00006.png": 29.734397888183594,
   "00010.png": 29.278507232666016,
   "00025.png": 33.35226058959961,
   "00015.png": 29.70310401916504,
   "00024.png": 32.18727493286133,
   "00026.png": 32.37984085083008
  },
  "LPIPS": {
   "00014.png": 0.2331514060497284,
   "00020.png": 0.1862766593694687,
   "00018.png": 0.18682906031608582,
   "00019.png": 0.17756453156471252,
   "00001.png": 0.17150439321994781,
   "00029.png": 0.2615070044994354,
   "00028.png": 0.18820062279701233,
   "00004.png": 0.18034715950489044,
   "00002.png": 0.16964566707611084,
   "00008.png": 0.2819933295249939,
   "00007.png": 0.14426873624324799,
   "00023.png": 0.168585404753685,
   "00012.png": 0.1679249405860901,
   "00021.png": 0.22569936513900757,
   "00005.png": 0.24992963671684265,
   "00013.png": 0.15969397127628326,
   "00022.png": 0.18306869268417358,
   "00011.png": 0.27371931076049805,
   "00009.png": 0.16550381481647491,
   "00027.png": 0.16284294426441193,
   "00016.png": 0.15150076150894165,
   "00003.png": 0.25807297229766846,
   "00000.png": 0.23551452159881592,
   "00017.png": 0.223793625831604,
   "00006.png": 0.19508272409439087,
   "00010.png": 0.16670790314674377,
   "00025.png": 0.1546018123626709,
   "00015.png": 0.2040015459060669,
   "00024.png": 0.20243313908576965,
   "00026.png": 0.16404451429843903
  }
 },
 "ours_7000": {
  "SSIM": {
   "00014.png": 0.8709552884101868,
   "00020.png": 0.9056806564331055,
   "00018.png": 0.8959500789642334,
   "00019.png": 0.9003908634185791,
   "00001.png": 0.8920003771781921,
   "00029.png": 0.850272536277771,
   "00028.png": 0.9050610661506653,
   "00004.png": 0.932610034942627,
   "00002.png": 0.9028865098953247,
   "00008.png": 0.880192220211029,
   "00007.png": 0.9088326096534729,
   "00023.png": 0.9218579530715942,
   "00012.png": 0.8887180685997009,
   "00021.png": 0.8928945064544678,
   "00005.png": 0.9017627835273743,
   "00013.png": 0.8990214467048645,
   "00022.png": 0.9039594531059265,
   "00011.png": 0.9077862501144409,
   "00009.png": 0.8826903700828552,
   "00027.png": 0.9076306223869324,
   "00016.png": 0.9186313152313232,
   "00003.png": 0.8460742831230164,
   "00000.png": 0.8616520762443542,
   "00017.png": 0.8980287313461304,
   "00006.png": 0.8909196853637695,
   "00010.png": 0.8888901472091675,
   "00025.png": 0.9309457540512085,
   "00015.png": 0.9008169174194336,
   "00024.png": 0.9106544852256775,
   "00026.png": 0.9252775311470032
  },
  "PSNR": {
   "00014.png": 25.25509262084961,
   "00020.png": 29.953746795654297,
   "00018.png": 28.294694900512695,
   "00019.png": 27.34950065612793,
   "00001.png": 29.051979064941406,
   "00029.png": 25.158178329467773,
   "00028.png": 27.98415184020996,
   "00004.png": 31.325660705566406,
   "00002.png": 28.91122817993164,
   "00008.png": 29.382328033447266,
   "00007.png": 29.38779067993164,
   "00023.png": 30.036821365356445,
   "00012.png": 26.127531051635742,
   "00021.png": 28.785926818847656,
   "00005.png": 29.21504783630371,
   "00013.png": 28.161508560180664,
   "00022.png": 28.407976150512695,
   "00011.png": 29.770687103271484,
   "00009.png": 26.88065528869629,
   "00027.png": 28.21514320373535,
   "00016.png": 28.50063133239746,
   "00003.png": 25.996294021606445,
   "00000.png": 26.41949462890625,
   "00017.png": 26.267921447753906,
   "00006.png": 28.803701400756836,
   "00010.png": 27.95151138305664,
   "00025.png": 32.096534729003906,
   "00015.png": 28.64017105102539,
   "00024.png": 30.825668334960938,
   "00026.png": 30.849185943603516
  },
  "LPIPS": {
   "00014.png": 0.25860264897346497,
   "00020.png": 0.21083411574363708,
   "00018.png": 0.20812979340553284,
   "00019.png": 0.20236855745315552,
   "00001.png": 0.20078572630882263,
   "00029.png": 0.2798563241958618,
   "00028.png": 0.20447322726249695,
   "00004.png": 0.19879548251628876,
   "00002.png": 0.1883397102355957,
   "00008.png": 0.3189038038253784,
   "00007.png": 0.1727554202079773,
   "00023.png": 0.19184674322605133,
   "00012.png": 0.18696962296962738,
   "00021.png": 0.2505173981189728,
   "00005.png": 0.2628651261329651,
   "00013.png": 0.18538334965705872,
   "00022.png": 0.2053656131029129,
   "00011.png": 0.28934407234191895,
   "00009.png": 0.19514554738998413,
   "00027.png": 0.18679079413414001,
   "00016.png": 0.16908124089241028,
   "00003.png": 0.26920226216316223,
   "00000.png": 0.2656248211860657,
   "00017.png": 0.2425169050693512,
   "00006.png": 0.21470218896865845,
   "00010.png": 0.1939326822757721,
   "00025.png": 0.17070338129997253,
   "00015.png": 0.2220572978258133,
   "00024.png": 0.22966238856315613,
   "00026.png": 0.18546506762504578
  }
 }
}