{
 "ours_30000": {
  "SSIM": 0.9098033905029297,
  "PSNR": 29.615278244018555,
  "LPIPS": 0.19646699726581573
 },
 "ours_7000": {
  "SSIM": 0.8974348902702332,
  "PSNR": 28.466894149780273,
  "LPIPS": 0.21870069205760956
 }
}