{
 "ours_30000": {
  "SSIM": {
   "00014.png": 0.8798741698265076,
   "00020.png": 0.9160807728767395,
   "00018.png": 0.9034403562545776,
   "00019.png": 0.9073674082756042,
   "00001.png": 0.9029263854026794,
   "00029.png": 0.8549047708511353,
   "00028.png": 0.910632312297821,
   "00004.png": 0.931747555732727,
   "00002.png": 0.9049550294876099,
   "00008.png": 0.8886663913726807,
   "00007.png": 0.9154447317123413,
   "00023.png": 0.9283210635185242,
   "00012.png": 0.8921772241592407,
   "00021.png": 0.9039984345436096,
   "00005.png": 0.9051010608673096,
   "00013.png": 0.9075778722763062,
   "00022.png": 0.9105285406112671,
   "00011.png": 0.9139718413352966,
   "00009.png": 0.8841010332107544,
   "00027.png": 0.908551037311554,
   "00016.png": 0.9214542508125305,
   "00003.png": 0.8455348610877991,
   "00000.png": 0.8682118654251099,
   "00017.png": 0.9035850763320923,
   "00006.png": 0.8960005640983582,
   "00010.png": 0.8973784446716309,
   "00025.png": 0.9342631101608276,
   "00015.png": 0.9043610692024231,
   "00024.png": 0.9178098440170288,
   "00026.png": 0.9288007020950317
  },
  "PSNR": {
   "00014.png": 25.627483367919922,
   "00020.png": 30.52904510498047,
   "00018.png": 28.423145294189453,
   "00019.png": 27.236940383911133,
   "00001.png": 29.551177978515625,
   "00029.png": 25.25477409362793,
   "00028.png": 28.3687686920166,
   "00004.png": 30.848018646240234,
   "00002.png": 28.91944122314453,
   "00008.png": 29.84571647644043,
   "00007.png": 29.981983184814453,
   "00023.png": 30.561199188232422,
   "00012.png": 26.010875701904297,
   "00021.png": 29.209192276000977,
   "00005.png": 29.465482711791992,
   "00013.png": 28.535568237304688,
   "00022.png": 28.817493438720703,
   "00011.png": 30.336769104003906,
   "00009.png": 27.248245239257812,
   "00027.png": 27.973642349243164,
   "00016.png": 28.681745529174805,
   "00003.png": 26.200149536132812,
   "00000.png": 26.346988677978516,
   "00017.png": 27.124874114990234,
   "00006.png": 29.244277954101562,
   "00010.png": 28.348848342895508,
   "00025.png": 32.31645965576172,
   "00015.png": 28.750408172607422,
   "00024.png": 31.066146850585938,
   "00026.png": 30.586097717285156
  },
  "LPIPS": {
   "00014.png": 0.2454199194908142,
   "00020.png": 0.19388347864151,
   "00018.png": 0.19508695602416992,
   "00019.png": 0.19504819810390472,
   "00001.png": 0.1846112608909607,
   "00029.png": 0.2719155550003052,
   "00028.png": 0.19801926612854004,
   "00004.png": 0.19415031373500824,
   "00002.png": 0.18254482746124268,
   "00008.png": 0.3131101429462433,
   "00007.png": 0.16100826859474182,
   "00023.png": 0.1835445761680603,
   "00012.png": 0.17800983786582947,
   "00021.png": 0.23552365601062775,
   "00005.png": 0.25673675537109375,
   "00013.png": 0.17676585912704468,
   "00022.png": 0.195590078830719,
   "00011.png": 0.27968716621398926,
   "00009.png": 0.19511032104492188,
   "00027.png": 0.18008939921855927,
   "00016.png": 0.163186177611351,
   "00003.png": 0.2666900157928467,
   "00000.png": 0.2538527250289917,
   "00017.png": 0.22935807704925537,
   "00006.png": 0.20886030793190002,
   "00010.png": 0.18453887104988098,
   "00025.png": 0.16438868641853333,
   "00015.png": 0.217538982629776,
   "00024.png": 0.21559005975723267,
   "00026.png": 0.1769006997346878
  }
 },
 "ours_7000": {
  "SSIM": {
   "00014.png": 0.8128464221954346,
   "00020.png": 0.8667886257171631,
   "00018.png": 0.8520929217338562,
   "00019.png": 0.8563975691795349,
   "00001.png": 0.8445608615875244,
   "00029.png": 0.8069018125534058,
   "00028.png": 0.8716817498207092,
   "00004.png": 0.903300404548645,
   "00002.png": 0.8450565934181213,
   "00008.png": 0.8330287933349609,
   "00007.png": 0.8588537573814392,
   "00023.png": 0.8950770497322083,
   "00012.png": 0.8408242464065552,
   "00021.png": 0.8546689748764038,
   "00005.png": 0.884217381477356,
   "00013.png": 0.8443084955215454,
   "00022.png": 0.8689882159233093,
   "00011.png": 0.8882603645324707,
   "00009.png": 0.8338190913200378,
   "00027.png": 0.8621895909309387,
   "00016.png": 0.8758240938186646,
   "00003.png": 0.8288313746452332,
   "00000.png": 0.8097228407859802,
   "00017.png": 0.8796371221542358,
   "00006.png": 0.8606775403022766,
   "00010.png": 0.8231759667396545,
   "00025.png": 0.9010372161865234,
   "00015.png": 0.8697628974914551,
   "00024.png": 0.8711826205253601,
   "00026.png": 0.8963549733161926
  },
  "PSNR": {
   "00014.png": 22.748823165893555,
   "00020.png": 27.511327743530273,
   "00018.png": 26.230173110961914,
   "00019.png": 24.52713394165039,
   "00001.png": 26.218355178833008,
   "00029.png": 22.83780288696289,
   "00028.png": 26.183774948120117,
   "00004.png": 29.018138885498047,
   "00002.png": 25.35651206970215,
   "00008.png": 26.84024429321289,
   "00007.png": 26.249502182006836,
   "00023.png": 28.2882022857666,
   "00012.png": 24.10903549194336,
   "00021.png": 26.852813720703125,
   "00005.png": 28.169649124145508,
   "00013.png": 25.754621505737305,
   "00022.png": 26.391592025756836,
   "00011.png": 27.691471099853516,
   "00009.png": 24.76557731628418,
   "00027.png": 25.959697723388672,
   "00016.png": 26.408842086791992,
   "00003.png": 25.12969970703125,
   "00000.png": 24.43966293334961,
   "00017.png": 23.89527130126953,
   "00006.png": 27.1492919921875,
   "00010.png": 24.901046752929688,
   "00025.png": 29.32483673095703,
   "00015.png": 26.651031494140625,
   "00024.png": 28.228256225585938,
   "00026.png": 29.1018123626709
  },
  "LPIPS": {
   "00014.png": 0.32968422770500183,
   "00020.png": 0.2695346474647522,
   "00018.png": 0.266353964805603,
   "00019.png": 0.26265761256217957,
   "00001.png": 0.2671188712120056,
   "00029.png": 0.3395550549030304,
   "00028.png": 0.253573477268219,
   "00004.png": 0.25084638595581055,
   "00002.png": 0.26341813802719116,
   "00008.png": 0.38528603315353394,
   "00007.png": 0.23925897479057312,
   "00023.png": 0.24351108074188232,
   "00012.png": 0.24897296726703644,
   "00021.png": 0.3137144148349762,
   "00005.png": 0.2966786026954651,
   "00013.png": 0.25695711374282837,
   "00022.png": 0.2600816488265991,
   "00011.png": 0.31894269585609436,
   "00009.png": 0.2636567950248718,
   "00027.png": 0.2475857436656952,
   "00016.png": 0.2294614017009735,
   "00003.png": 0.30131757259368896,
   "00000.png": 0.3351331949234009,
   "00017.png": 0.2790936529636383,
   "00006.png": 0.2620326280593872,
   "00010.png": 0.2639286518096924,
   "00025.png": 0.2157202661037445,
   "00015.png": 0.268097847700119,
   "00024.png": 0.2911694347858429,
   "00026.png": 0.23196080327033997
  }
 }
}