{
 "ours_30000": {
  "SSIM": 0.9029256105422974,
  "PSNR": 28.71369743347168,
  "LPIPS": 0.20989200472831726
 },
 "ours_7000": {
  "SSIM": 0.8580023646354675,
  "PSNR": 26.231138229370117,
  "LPIPS": 0.2751768231391907
 }
}