{
 "ours_30000": {
  "SSIM": {
   "00014.png": 0.9431242346763611,
   "00030.png": 0.9393835067749023,
   "00020.png": 0.9427505135536194,
   "00018.png": 0.917599618434906,
   "00019.png": 0.9416429400444031,
   "00001.png": 0.9315382242202759,
   "00029.png": 0.924031138420105,
   "00028.png": 0.9529426693916321,
   "00004.png": 0.9395741820335388,
   "00002.png": 0.9436753988265991,
   "00008.png": 0.9135370254516602,
   "00007.png": 0.9424644708633423,
   "00023.png": 0.9409477710723877,
   "00012.png": 0.9405348300933838,
   "00021.png": 0.9397587180137634,
   "00005.png": 0.935535728931427,
   "00013.png": 0.9548070430755615,
   "00022.png": 0.9458888173103333,
   "00011.png": 0.9047586917877197,
   "00032.png": 0.9579998254776001,
   "00009.png": 0.9261461496353149,
   "00033.png": 0.9212790727615356,
   "00027.png": 0.7583131790161133,
   "00016.png": 0.9437722563743591,
   "00003.png": 0.9520137310028076,
   "00000.png": 0.9054198861122131,
   "00031.png": 0.9400496482849121,
   "00017.png": 0.9380793571472168,
   "00006.png": 0.8353261351585388,
   "00010.png": 0.9534777402877808,
   "00034.png": 0.7538116574287415,
   "00025.png": 0.9470818638801575,
   "00015.png": 0.9489573240280151,
   "00024.png": 0.9512879848480225,
   "00026.png": 0.9409211277961731
  },
  "PSNR": {
   "00014.png": 31.493610382080078,
   "00030.png": 32.83024597167969,
   "00020.png": 33.47322082519531,
   "00018.png": 30.26289939880371,
   "00019.png": 31.300241470336914,
   "00001.png": 26.829673767089844,
   "00029.png": 32.238338470458984,
   "00028.png": 33.43486022949219,
   "00004.png": 28.576126098632812,
   "00002.png": 28.886194229125977,
   "00008.png": 30.07058334350586,
   "00007.png": 30.346092224121094,
   "00023.png": 33.50840759277344,
   "00012.png": 30.586551666259766,
   "00021.png": 33.219512939453125,
   "00005.png": 28.725360870361328,
   "00013.png": 33.42813491821289,
   "00022.png": 33.623538970947266,
   "00011.png": 31.352672576904297,
   "00032.png": 34.811614990234375,
   "00009.png": 31.04296112060547,
   "00033.png": 30.153854370117188,
   "00027.png": 27.295921325683594,
   "00016.png": 31.462879180908203,
   "00003.png": 30.2382755279541,
   "00000.png": 25.673290252685547,
   "00031.png": 31.861772537231445,
   "00017.png": 32.962425231933594,
   "00006.png": 28.624534606933594,
   "00010.png": 33.2725830078125,
   "00034.png": 27.8294677734375,
   "00025.png": 32.5700569152832,
   "00015.png": 31.502338409423828,
   "00024.png": 32.33781051635742,
   "00026.png": 32.427730560302734
  },
  "LPIPS": {
   "00014.png": 0.09957878291606903,
   "00030.png": 0.120761938393116,
   "00020.png": 0.09752067923545837,
   "00018.png": 0.12097380310297012,
   "00019.png": 0.11180144548416138,
   "00001.png": 0.10567334294319153,
   "00029.png": 0.12558653950691223,
   "00028.png": 0.07063616812229156,
   "00004.png": 0.0957811176776886,
   "00002.png": 0.10063551366329193,
   "00008.png": 0.15317028760910034,
   "00007.png": 0.08943425863981247,
   "00023.png": 0.1295698583126068,
   "00012.png": 0.11154438555240631,
   "00021.png": 0.11279910802841187,
   "00005.png": 0.11103802174329758,
   "00013.png": 0.1238502711057663,
   "00022.png": 0.0953105241060257,
   "00011.png": 0.15089131891727448,
   "00032.png": 0.12162473797798157,
   "00009.png": 0.13836784660816193,
   "00033.png": 0.16613776981830597,
   "00027.png": 0.2764899730682373,
   "00016.png": 0.10090921819210052,
   "00003.png": 0.0830869972705841,
   "00000.png": 0.1369076669216156,
   "00031.png": 0.144166499376297,
   "00017.png": 0.12613573670387268,
   "00006.png": 0.21847964823246002,
   "00010.png": 0.12342800199985504,
   "00034.png": 0.291928768157959,
   "00025.png": 0.08300237357616425,
   "00015.png": 0.11053039878606796,
   "00024.png": 0.08775096386671066,
   "00026.png": 0.10761851072311401
  }
 },
 "ours_7000": {
  "SSIM": {
   "00014.png": 0.9183104038238525,
   "00030.png": 0.9161309003829956,
   "00020.png": 0.9142860770225525,
   "00018.png": 0.8862848281860352,
   "00019.png": 0.9128583073616028,
   "00001.png": 0.8963947296142578,
   "00029.png": 0.9099797010421753,
   "00028.png": 0.9209071397781372,
   "00004.png": 0.9199949502944946,
   "00002.png": 0.9224452972412109,
   "00008.png": 0.8957065343856812,
   "00007.png": 0.9265584945678711,
   "00023.png": 0.9206732511520386,
   "00012.png": 0.8962148427963257,
   "00021.png": 0.8979734778404236,
   "00005.png": 0.9196003079414368,
   "00013.png": 0.9406576156616211,
   "00022.png": 0.9268136024475098,
   "00011.png": 0.9049211740493774,
   "00032.png": 0.9439166188240051,
   "00009.png": 0.9070001244544983,
   "00033.png": 0.9149366617202759,
   "00027.png": 0.7723372578620911,
   "00016.png": 0.9224631786346436,
   "00003.png": 0.9269238710403442,
   "00000.png": 0.8707714080810547,
   "00031.png": 0.9239861369132996,
   "00017.png": 0.9131519794464111,
   "00006.png": 0.8051995635032654,
   "00010.png": 0.9361145496368408,
   "00034.png": 0.7568343281745911,
   "00025.png": 0.9159981608390808,
   "00015.png": 0.9239822626113892,
   "00024.png": 0.908950924873352,
   "00026.png": 0.9301678538322449
  },
  "PSNR": {
   "00014.png": 28.45414924621582,
   "00030.png": 30.871782302856445,
   "00020.png": 31.10352325439453,
   "00018.png": 28.336685180664062,
   "00019.png": 28.25218391418457,
   "00001.png": 24.01300621032715,
   "00029.png": 29.66385841369629,
   "00028.png": 29.903884887695312,
   "00004.png": 26.414142608642578,
   "00002.png": 27.474782943725586,
   "00008.png": 27.913311004638672,
   "00007.png": 28.494327545166016,
   "00023.png": 31.831026077270508,
   "00012.png": 27.651470184326172,
   "00021.png": 29.746244430541992,
   "00005.png": 27.022085189819336,
   "00013.png": 31.23094940185547,
   "00022.png": 32.2830696105957,
   "00011.png": 28.85990333557129,
   "00032.png": 33.4079704284668,
   "00009.png": 29.825210571289062,
   "00033.png": 29.556015014648438,
   "00027.png": 27.167953491210938,
   "00016.png": 30.018768310546875,
   "00003.png": 27.946331024169922,
   "00000.png": 23.755788803100586,
   "00031.png": 30.550342559814453,
   "00017.png": 29.204425811767578,
   "00006.png": 27.419767379760742,
   "00010.png": 30.24549674987793,
   "00034.png": 27.220169067382812,
   "00025.png": 29.765419006347656,
   "00015.png": 28.898744583129883,
   "00024.png": 28.944950103759766,
   "00026.png": 31.436840057373047
  },
  "LPIPS": {
   "00014.png": 0.13383623957633972,
   "00030.png": 0.15209916234016418,
   "00020.png": 0.13315467536449432,
   "00018.png": 0.1686447411775589,
   "00019.png": 0.14331087470054626,
   "00001.png": 0.15803606808185577,
   "00029.png": 0.1488502323627472,
   "00028.png": 0.11257010698318481,
   "00004.png": 0.1329893171787262,
   "00002.png": 0.12496491521596909,
   "00008.png": 0.17349402606487274,
   "00007.png": 0.11235875636339188,
   "00023.png": 0.15140368044376373,
   "00012.png": 0.15888851881027222,
   "00021.png": 0.16795992851257324,
   "00005.png": 0.1417948305606842,
   "00013.png": 0.14741064608097076,
   "00022.png": 0.12512099742889404,
   "00011.png": 0.16396960616111755,
   "00032.png": 0.15161165595054626,
   "00009.png": 0.16421787440776825,
   "00033.png": 0.1775836944580078,
   "00027.png": 0.2778463661670685,
   "00016.png": 0.13724710047245026,
   "00003.png": 0.1217992827296257,
   "00000.png": 0.18775075674057007,
   "00031.png": 0.1700441837310791,
   "00017.png": 0.15731462836265564,
   "00006.png": 0.23760536313056946,
   "00010.png": 0.14625948667526245,
   "00034.png": 0.3029879629611969,
   "00025.png": 0.12543265521526337,
   "00015.png": 0.15565118193626404,
   "00024.png": 0.13783742487430573,
   "00026.png": 0.1273566633462906
  }
 }
}