{
 "ours_30000": {
  "SSIM": 0.9248123168945312,
  "PSNR": 31.092966079711914,
  "LPIPS": 0.126946359872818
 },
 "ours_7000": {
  "SSIM": 0.9034127593040466,
  "PSNR": 28.996702194213867,
  "LPIPS": 0.1579829454421997
 }
}