{
 "ours_30000": {
  "SSIM": {
   "00014.png": 0.9432282447814941,
   "00030.png": 0.9395318031311035,
   "00020.png": 0.9424212574958801,
   "00018.png": 0.9166169166564941,
   "00019.png": 0.9404847621917725,
   "00001.png": 0.9302623271942139,
   "00029.png": 0.9241900444030762,
   "00028.png": 0.9534756541252136,
   "00004.png": 0.9413456916809082,
   "00002.png": 0.9450214505195618,
   "00008.png": 0.9146870970726013,
   "00007.png": 0.9425137042999268,
   "00023.png": 0.9402788281440735,
   "00012.png": 0.9408739805221558,
   "00021.png": 0.9390743374824524,
   "00005.png": 0.9350714683532715,
   "00013.png": 0.95478355884552,
   "00022.png": 0.9465352892875671,
   "00011.png": 0.9052730798721313,
   "00032.png": 0.9580230712890625,
   "00009.png": 0.9281747341156006,
   "00033.png": 0.923328161239624,
   "00027.png": 0.7604122161865234,
   "00016.png": 0.9437419176101685,
   "00003.png": 0.950315535068512,
   "00000.png": 0.9057568907737732,
   "00031.png": 0.9402405619621277,
   "00017.png": 0.9369477033615112,
   "00006.png": 0.8334439992904663,
   "00010.png": 0.9531591534614563,
   "00034.png": 0.7573654055595398,
   "00025.png": 0.9471409916877747,
   "00015.png": 0.9488722681999207,
   "00024.png": 0.949896514415741,
   "00026.png": 0.9431207180023193
  },
  "PSNR": {
   "00014.png": 30.817935943603516,
   "00030.png": 32.96137237548828,
   "00020.png": 33.01030731201172,
   "00018.png": 30.044374465942383,
   "00019.png": 30.43875503540039,
   "00001.png": 26.733312606811523,
   "00029.png": 32.24469757080078,
   "00028.png": 33.229068756103516,
   "00004.png": 28.87726593017578,
   "00002.png": 29.091514587402344,
   "00008.png": 30.01319122314453,
   "00007.png": 30.15142250061035,
   "00023.png": 33.5245361328125,
   "00012.png": 30.566110610961914,
   "00021.png": 33.275699615478516,
   "00005.png": 28.898277282714844,
   "00013.png": 33.58005142211914,
   "00022.png": 33.67298889160156,
   "00011.png": 31.282989501953125,
   "00032.png": 34.97304153442383,
   "00009.png": 31.255361557006836,
   "00033.png": 31.060749053955078,
   "00027.png": 27.36358642578125,
   "00016.png": 32.149749755859375,
   "00003.png": 30.217422485351562,
   "00000.png": 26.084585189819336,
   "00031.png": 31.917455673217773,
   "00017.png": 32.237274169921875,
   "00006.png": 28.3963565826416,
   "00010.png": 33.08098220825195,
   "00034.png": 27.936767578125,
   "00025.png": 32.60817337036133,
   "00015.png": 31.56128692626953,
   "00024.png": 32.411312103271484,
   "00026.png": 32.685333251953125
  },
  "LPIPS": {
   "00014.png": 0.10006169974803925,
   "00030.png": 0.12187106907367706,
   "00020.png": 0.09878626465797424,
   "00018.png": 0.12354238331317902,
   "00019.png": 0.11291996389627457,
   "00001.png": 0.1072118729352951,
   "00029.png": 0.12624648213386536,
   "00028.png": 0.07068471610546112,
   "00004.png": 0.09614268690347672,
   "00002.png": 0.10119622945785522,
   "00008.png": 0.15224166214466095,
   "00007.png": 0.08974272012710571,
   "00023.png": 0.13060642778873444,
   "00012.png": 0.11159101128578186,
   "00021.png": 0.11629883199930191,
   "00005.png": 0.11392876505851746,
   "00013.png": 0.12498538941144943,
   "00022.png": 0.09619611501693726,
   "00011.png": 0.1498158872127533,
   "00032.png": 0.12324545532464981,
   "00009.png": 0.13641104102134705,
   "00033.png": 0.1656147539615631,
   "00027.png": 0.27702629566192627,
   "00016.png": 0.10207801312208176,
   "00003.png": 0.08585108816623688,
   "00000.png": 0.1388034224510193,
   "00031.png": 0.1432347297668457,
   "00017.png": 0.12722960114479065,
   "00006.png": 0.2216092348098755,
   "00010.png": 0.12473634630441666,
   "00034.png": 0.29164761304855347,
   "00025.png": 0.08375168591737747,
   "00015.png": 0.11338363587856293,
   "00024.png": 0.09044019877910614,
   "00026.png": 0.10613280534744263
  }
 },
 "ours_7000": {
  "SSIM": {
   "00014.png": 0.9177970886230469,
   "00030.png": 0.9135656356811523,
   "00020.png": 0.9135338068008423,
   "00018.png": 0.8859626650810242,
   "00019.png": 0.9130915403366089,
   "00001.png": 0.894277036190033,
   "00029.png": 0.9092190861701965,
   "00028.png": 0.9195939302444458,
   "00004.png": 0.9198143482208252,
   "00002.png": 0.9226546883583069,
   "00008.png": 0.8947218060493469,
   "00007.png": 0.9253946542739868,
   "00023.png": 0.9151903390884399,
   "00012.png": 0.8963522911071777,
   "00021.png": 0.896527111530304,
   "00005.png": 0.9183283448219299,
   "00013.png": 0.9406672120094299,
   "00022.png": 0.9262963533401489,
   "00011.png": 0.9059110283851624,
   "00032.png": 0.9442104697227478,
   "00009.png": 0.906872034072876,
   "00033.png": 0.9152094721794128,
   "00027.png": 0.7724753022193909,
   "00016.png": 0.9235110878944397,
   "00003.png": 0.9250591993331909,
   "00000.png": 0.8692330718040466,
   "00031.png": 0.9240821003913879,
   "00017.png": 0.9145764708518982,
   "00006.png": 0.8042896389961243,
   "00010.png": 0.9358001351356506,
   "00034.png": 0.7577357888221741,
   "00025.png": 0.914569079875946,
   "00015.png": 0.9224344491958618,
   "00024.png": 0.9083355069160461,
   "00026.png": 0.9308579564094543
  },
  "PSNR": {
   "00014.png": 28.394752502441406,
   "00030.png": 30.954914093017578,
   "00020.png": 30.917692184448242,
   "00018.png": 28.113767623901367,
   "00019.png": 28.48116683959961,
   "00001.png": 24.092823028564453,
   "00029.png": 29.458324432373047,
   "00028.png": 29.603168487548828,
   "00004.png": 26.66755485534668,
   "00002.png": 27.326047897338867,
   "00008.png": 27.380216598510742,
   "00007.png": 28.1812744140625,
   "00023.png": 31.75222396850586,
   "00012.png": 27.460615158081055,
   "00021.png": 29.654787063598633,
   "00005.png": 26.580839157104492,
   "00013.png": 31.218685150146484,
   "00022.png": 32.2277717590332,
   "00011.png": 28.738842010498047,
   "00032.png": 33.42375946044922,
   "00009.png": 29.788415908813477,
   "00033.png": 29.63896942138672,
   "00027.png": 27.04198455810547,
   "00016.png": 30.286216735839844,
   "00003.png": 27.529300689697266,
   "00000.png": 23.781307220458984,
   "00031.png": 30.47093391418457,
   "00017.png": 29.0859432220459,
   "00006.png": 27.641891479492188,
   "00010.png": 30.27775764465332,
   "00034.png": 27.168243408203125,
   "00025.png": 29.573837280273438,
   "00015.png": 28.598051071166992,
   "00024.png": 28.859439849853516,
   "00026.png": 31.462398529052734
  },
  "LPIPS": {
   "00014.png": 0.13654616475105286,
   "00030.png": 0.1548764407634735,
   "00020.png": 0.13390521705150604,
   "00018.png": 0.17064228653907776,
   "00019.png": 0.14593110978603363,
   "00001.png": 0.15961918234825134,
   "00029.png": 0.15180394053459167,
   "00028.png": 0.11407166719436646,
   "00004.png": 0.13385248184204102,
   "00002.png": 0.12817206978797913,
   "00008.png": 0.17731288075447083,
   "00007.png": 0.11523474007844925,
   "00023.png": 0.15122121572494507,
   "00012.png": 0.16130241751670837,
   "00021.png": 0.17055374383926392,
   "00005.png": 0.1452091485261917,
   "00013.png": 0.1475697159767151,
   "00022.png": 0.12596704065799713,
   "00011.png": 0.1629255712032318,
   "00032.png": 0.15298223495483398,
   "00009.png": 0.1624024510383606,
   "00033.png": 0.1775510162115097,
   "00027.png": 0.27988672256469727,
   "00016.png": 0.13737916946411133,
   "00003.png": 0.12499217689037323,
   "00000.png": 0.19381245970726013,
   "00031.png": 0.1709785908460617,
   "00017.png": 0.15794432163238525,
   "00006.png": 0.23831340670585632,
   "00010.png": 0.1452784240245819,
   "00034.png": 0.30331122875213623,
   "00025.png": 0.12752783298492432,
   "00015.png": 0.16001909971237183,
   "00024.png": 0.13928335905075073,
   "00026.png": 0.1286405622959137
  }
 }
}