{
 "ours_30000": {
  "SSIM": 0.9250174164772034,
  "PSNR": 31.095808029174805,
  "LPIPS": 0.1278647631406784
 },
 "ours_7000": {
  "SSIM": 0.9028043746948242,
  "PSNR": 28.9095401763916,
  "LPIPS": 0.15962913632392883
 }
}