{
 "ours_30000": {
  "SSIM": {
   "00014.png": 0.9420304894447327,
   "00030.png": 0.9392719268798828,
   "00020.png": 0.9416472911834717,
   "00018.png": 0.9179418087005615,
   "00019.png": 0.9399001598358154,
   "00001.png": 0.9309608340263367,
   "00029.png": 0.9225898385047913,
   "00028.png": 0.9533441662788391,
   "00004.png": 0.9430733919143677,
   "00002.png": 0.9486575722694397,
   "00008.png": 0.9175493717193604,
   "00007.png": 0.9415012001991272,
   "00023.png": 0.9380015730857849,
   "00012.png": 0.9390095472335815,
   "00021.png": 0.9401001930236816,
   "00005.png": 0.9354296922683716,
   "00013.png": 0.953869104385376,
   "00022.png": 0.9467639327049255,
   "00011.png": 0.8988637924194336,
   "00032.png": 0.9574032425880432,
   "00009.png": 0.9266632795333862,
   "00033.png": 0.9197471141815186,
   "00027.png": 0.7587186694145203,
   "00016.png": 0.9435290694236755,
   "00003.png": 0.9513465762138367,
   "00000.png": 0.9075942039489746,
   "00031.png": 0.9425890445709229,
   "00017.png": 0.9380782246589661,
   "00006.png": 0.8327714800834656,
   "00010.png": 0.9525370001792908,
   "00034.png": 0.7481935024261475,
   "00025.png": 0.9481304287910461,
   "00015.png": 0.9475225806236267,
   "00024.png": 0.9506233930587769,
   "00026.png": 0.9420024752616882
  },
  "PSNR": {
   "00014.png": 30.746402740478516,
   "00030.png": 32.750099182128906,
   "00020.png": 33.39201354980469,
   "00018.png": 30.380847930908203,
   "00019.png": 30.518234252929688,
   "00001.png": 27.893524169921875,
   "00029.png": 32.134307861328125,
   "00028.png": 32.760860443115234,
   "00004.png": 29.718177795410156,
   "00002.png": 30.405223846435547,
   "00008.png": 30.568378448486328,
   "00007.png": 29.72867202758789,
   "00023.png": 33.114723205566406,
   "00012.png": 30.37856674194336,
   "00021.png": 33.35157012939453,
   "00005.png": 29.134321212768555,
   "00013.png": 33.480926513671875,
   "00022.png": 33.635074615478516,
   "00011.png": 30.645843505859375,
   "00032.png": 34.90342712402344,
   "00009.png": 31.06539535522461,
   "00033.png": 30.38816261291504,
   "00027.png": 27.245113372802734,
   "00016.png": 31.496305465698242,
   "00003.png": 29.96908950805664,
   "00000.png": 26.900035858154297,
   "00031.png": 32.11643981933594,
   "00017.png": 32.7171630859375,
   "00006.png": 28.937166213989258,
   "00010.png": 32.918235778808594,
   "00034.png": 27.599777221679688,
   "00025.png": 32.774234771728516,
   "00015.png": 30.875125885009766,
   "00024.png": 31.858652114868164,
   "00026.png": 32.676536560058594
  },
  "LPIPS": {
   "00014.png": 0.10061170160770416,
   "00030.png": 0.12237970530986786,
   "00020.png": 0.09990081191062927,
   "00018.png": 0.12317538261413574,
   "00019.png": 0.11333085596561432,
   "00001.png": 0.10866814106702805,
   "00029.png": 0.12760189175605774,
   "00028.png": 0.07153718918561935,
   "00004.png": 0.09475395083427429,
   "00002.png": 0.09737847745418549,
   "00008.png": 0.1466684192419052,
   "00007.png": 0.09098226577043533,
   "00023.png": 0.13320553302764893,
   "00012.png": 0.11408478021621704,
   "00021.png": 0.11572648584842682,
   "00005.png": 0.11255350708961487,
   "00013.png": 0.12489564716815948,
   "00022.png": 0.09752540290355682,
   "00011.png": 0.15567131340503693,
   "00032.png": 0.12324662506580353,
   "00009.png": 0.13934752345085144,
   "00033.png": 0.16875863075256348,
   "00027.png": 0.2749638557434082,
   "00016.png": 0.10168125480413437,
   "00003.png": 0.085465207695961,
   "00000.png": 0.13782775402069092,
   "00031.png": 0.1438887119293213,
   "00017.png": 0.1257535070180893,
   "00006.png": 0.22033685445785522,
   "00010.png": 0.1239471361041069,
   "00034.png": 0.2955337166786194,
   "00025.png": 0.08403871208429337,
   "00015.png": 0.11391714215278625,
   "00024.png": 0.09066981822252274,
   "00026.png": 0.10797275602817535
  }
 },
 "ours_7000": {
  "SSIM": {
   "00014.png": 0.9103028774261475,
   "00030.png": 0.9093207120895386,
   "00020.png": 0.9076213836669922,
   "00018.png": 0.8802310228347778,
   "00019.png": 0.9080647230148315,
   "00001.png": 0.8900039196014404,
   "00029.png": 0.9093263149261475,
   "00028.png": 0.9135489463806152,
   "00004.png": 0.9104647040367126,
   "00002.png": 0.9169511795043945,
   "00008.png": 0.8673762083053589,
   "00007.png": 0.9140775799751282,
   "00023.png": 0.9160230755805969,
   "00012.png": 0.8828743100166321,
   "00021.png": 0.897374153137207,
   "00005.png": 0.9024444818496704,
   "00013.png": 0.9312340617179871,
   "00022.png": 0.9168774485588074,
   "00011.png": 0.9154267311096191,
   "00032.png": 0.932730495929718,
   "00009.png": 0.8939609527587891,
   "00033.png": 0.9141292572021484,
   "00027.png": 0.7792853116989136,
   "00016.png": 0.9179657101631165,
   "00003.png": 0.9150742292404175,
   "00000.png": 0.8579650521278381,
   "00031.png": 0.9137486815452576,
   "00017.png": 0.9159203171730042,
   "00006.png": 0.8216087222099304,
   "00010.png": 0.9320365190505981,
   "00034.png": 0.7708659768104553,
   "00025.png": 0.9082776308059692,
   "00015.png": 0.919054388999939,
   "00024.png": 0.9000141620635986,
   "00026.png": 0.9227028489112854
  },
  "PSNR": {
   "00014.png": 28.17288589477539,
   "00030.png": 30.529233932495117,
   "00020.png": 30.797374725341797,
   "00018.png": 28.462902069091797,
   "00019.png": 28.67344093322754,
   "00001.png": 25.010513305664062,
   "00029.png": 29.391908645629883,
   "00028.png": 29.550521850585938,
   "00004.png": 26.800086975097656,
   "00002.png": 27.724369049072266,
   "00008.png": 26.588775634765625,
   "00007.png": 27.300640106201172,
   "00023.png": 31.689863204956055,
   "00012.png": 27.2115535736084,
   "00021.png": 29.714862823486328,
   "00005.png": 26.220237731933594,
   "00013.png": 30.269813537597656,
   "00022.png": 31.657020568847656,
   "00011.png": 28.611841201782227,
   "00032.png": 32.454627990722656,
   "00009.png": 29.39948844909668,
   "00033.png": 29.3388729095459,
   "00027.png": 27.051687240600586,
   "00016.png": 29.82158851623535,
   "00003.png": 27.168825149536133,
   "00000.png": 24.145280838012695,
   "00031.png": 29.976409912109375,
   "00017.png": 29.34333610534668,
   "00006.png": 28.643291473388672,
   "00010.png": 29.935585021972656,
   "00034.png": 27.40331268310547,
   "00025.png": 29.02801513671875,
   "00015.png": 27.994977951049805,
   "00024.png": 28.286006927490234,
   "00026.png": 31.242504119873047
  },
  "LPIPS": {
   "00014.png": 0.1466658115386963,
   "00030.png": 0.15806704759597778,
   "00020.png": 0.13828006386756897,
   "00018.png": 0.18434399366378784,
   "00019.png": 0.15029633045196533,
   "00001.png": 0.16155144572257996,
   "00029.png": 0.1507083773612976,
   "00028.png": 0.12039555609226227,
   "00004.png": 0.14146751165390015,
   "00002.png": 0.1281318962574005,
   "00008.png": 0.18954810500144958,
   "00007.png": 0.120246522128582,
   "00023.png": 0.15534618496894836,
   "00012.png": 0.17147128283977509,
   "00021.png": 0.17435410618782043,
   "00005.png": 0.15854057669639587,
   "00013.png": 0.15570886433124542,
   "00022.png": 0.13808834552764893,
   "00011.png": 0.1630961298942566,
   "00032.png": 0.16449642181396484,
   "00009.png": 0.1750844120979309,
   "00033.png": 0.18019041419029236,
   "00027.png": 0.2792165279388428,
   "00016.png": 0.14696460962295532,
   "00003.png": 0.13096433877944946,
   "00000.png": 0.203242689371109,
   "00031.png": 0.18401968479156494,
   "00017.png": 0.16159746050834656,
   "00006.png": 0.2332654595375061,
   "00010.png": 0.1513850837945938,
   "00034.png": 0.2992871403694153,
   "00025.png": 0.13601037859916687,
   "00015.png": 0.16962569952011108,
   "00024.png": 0.14973559975624084,
   "00026.png": 0.13816286623477936
  }
 }
}