{
 "ours_30000": {
  "SSIM": 0.924513041973114,
  "PSNR": 31.119388580322266,
  "LPIPS": 0.1282285898923874
 },
 "ours_7000": {
  "SSIM": 0.8975681066513062,
  "PSNR": 28.731760025024414,
  "LPIPS": 0.16598735749721527
 }
}