{
 "ours_30000": {
  "SSIM": {
   "00014.png": 0.9379414916038513,
   "00030.png": 0.8882738351821899,
   "00020.png": 0.9288886785507202,
   "00018.png": 0.9243186116218567,
   "00019.png": 0.933283269405365,
   "00001.png": 0.9026806950569153,
   "00029.png": 0.909730076789856,
   "00028.png": 0.90907883644104,
   "00004.png": 0.9460583329200745,
   "00002.png": 0.8984429836273193,
   "00008.png": 0.9269254803657532,
   "00007.png": 0.9563606977462769,
   "00023.png": 0.8918899893760681,
   "00012.png": 0.9429990649223328,
   "00021.png": 0.8698278069496155,
   "00005.png": 0.9251536130905151,
   "00013.png": 0.9217939376831055,
   "00022.png": 0.929019033908844,
   "00011.png": 0.9438183903694153,
   "00032.png": 0.9276984333992004,
   "00009.png": 0.9445799589157104,
   "00033.png": 0.9228074550628662,
   "00027.png": 0.9083639979362488,
   "00016.png": 0.9207490682601929,
   "00003.png": 0.9286796450614929,
   "00000.png": 0.8864976167678833,
   "00035.png": 0.9523295760154724,
   "00031.png": 0.8510106801986694,
   "00017.png": 0.9456755518913269,
   "00006.png": 0.9192737340927124,
   "00010.png": 0.9320460557937622,
   "00034.png": 0.9364228844642639,
   "00025.png": 0.9218929409980774,
   "00015.png": 0.8812675476074219,
   "00024.png": 0.9209023118019104,
   "00036.png": 0.8740283846855164,
   "00026.png": 0.9371248483657837,
   "00038.png": 0.8903489112854004,
   "00037.png": 0.9307233095169067
  },
  "PSNR": {
   "00014.png": 29.455612182617188,
   "00030.png": 31.158649444580078,
   "00020.png": 31.483022689819336,
   "00018.png": 32.99496078491211,
   "00019.png": 30.015785217285156,
   "00001.png": 33.447017669677734,
   "00029.png": 28.95486068725586,
   "00028.png": 30.644466400146484,
   "00004.png": 33.322269439697266,
   "00002.png": 33.92343521118164,
   "00008.png": 31.041099548339844,
   "00007.png": 33.849586486816406,
   "00023.png": 27.633630752563477,
   "00012.png": 34.944435119628906,
   "00021.png": 30.64651107788086,
   "00005.png": 30.17278289794922,
   "00013.png": 32.25946044921875,
   "00022.png": 33.596988677978516,
   "00011.png": 35.82749938964844,
   "00032.png": 28.53238868713379,
   "00009.png": 34.17577362060547,
   "00033.png": 30.227046966552734,
   "00027.png": 31.56652069091797,
   "00016.png": 32.96139144897461,
   "00003.png": 34.90195846557617,
   "00000.png": 30.228052139282227,
   "00035.png": 29.1435546875,
   "00031.png": 31.682491302490234,
   "00017.png": 34.78345489501953,
   "00006.png": 33.195770263671875,
   "00010.png": 33.6622314453125,
   "00034.png": 23.25893211364746,
   "00025.png": 32.39411163330078,
   "00015.png": 32.687957763671875,
   "00024.png": 31.310039520263672,
   "00036.png": 23.736183166503906,
   "00026.png": 31.801830291748047,
   "00038.png": 31.4626522064209,
   "00037.png": 32.46088409423828
  },
  "LPIPS": {
   "00014.png": 0.17067188024520874,
   "00030.png": 0.29969680309295654,
   "00020.png": 0.17551913857460022,
   "00018.png": 0.24568042159080505,
   "00019.png": 0.17457567155361176,
   "00001.png": 0.191389262676239,
   "00029.png": 0.25198107957839966,
   "00028.png": 0.2376476675271988,
   "00004.png": 0.1894473284482956,
   "00002.png": 0.2071218490600586,
   "00008.png": 0.19191111624240875,
   "00007.png": 0.1585439145565033,
   "00023.png": 0.20445871353149414,
   "00012.png": 0.1691713035106659,
   "00021.png": 0.308160662651062,
   "00005.png": 0.1823996901512146,
   "00013.png": 0.19371385872364044,
   "00022.png": 0.15665031969547272,
   "00011.png": 0.17180120944976807,
   "00032.png": 0.19122841954231262,
   "00009.png": 0.16606469452381134,
   "00033.png": 0.22251148521900177,
   "00027.png": 0.25542306900024414,
   "00016.png": 0.20891150832176208,
   "00003.png": 0.1825793981552124,
   "00000.png": 0.2092462182044983,
   "00035.png": 0.25600266456604004,
   "00031.png": 0.29769396781921387,
   "00017.png": 0.1619650423526764,
   "00006.png": 0.19228887557983398,
   "00010.png": 0.18098220229148865,
   "00034.png": 0.29240578413009644,
   "00025.png": 0.22640599310398102,
   "00015.png": 0.24539321660995483,
   "00024.png": 0.24840128421783447,
   "00036.png": 0.37305060029029846,
   "00026.png": 0.1908104419708252,
   "00038.png": 0.3051847815513611,
   "00037.png": 0.271737277507782
  }
 },
 "ours_7000": {
  "SSIM": {
   "00014.png": 0.9190700054168701,
   "00030.png": 0.88918536901474,
   "00020.png": 0.8990724682807922,
   "00018.png": 0.9097276926040649,
   "00019.png": 0.9106302261352539,
   "00001.png": 0.8673897385597229,
   "00029.png": 0.8547905683517456,
   "00028.png": 0.8628844618797302,
   "00004.png": 0.9407159686088562,
   "00002.png": 0.8438465595245361,
   "00008.png": 0.9114928841590881,
   "00007.png": 0.9402274489402771,
   "00023.png": 0.8529674410820007,
   "00012.png": 0.9282037615776062,
   "00021.png": 0.8742971420288086,
   "00005.png": 0.8988375067710876,
   "00013.png": 0.8812221884727478,
   "00022.png": 0.896321177482605,
   "00011.png": 0.9240742325782776,
   "00032.png": 0.913055956363678,
   "00009.png": 0.9309276938438416,
   "00033.png": 0.9097597599029541,
   "00027.png": 0.899252712726593,
   "00016.png": 0.8910924792289734,
   "00003.png": 0.9001343250274658,
   "00000.png": 0.8541668653488159,
   "00035.png": 0.924453616142273,
   "00031.png": 0.8241821527481079,
   "00017.png": 0.9320418238639832,
   "00006.png": 0.8767544031143188,
   "00010.png": 0.9012755155563354,
   "00034.png": 0.9192149639129639,
   "00025.png": 0.9133471846580505,
   "00015.png": 0.8362886309623718,
   "00024.png": 0.9043200612068176,
   "00036.png": 0.8642845749855042,
   "00026.png": 0.909228503704071,
   "00038.png": 0.88054358959198,
   "00037.png": 0.9236683249473572
  },
  "PSNR": {
   "00014.png": 27.84941864013672,
   "00030.png": 30.315853118896484,
   "00020.png": 29.573423385620117,
   "00018.png": 31.086891174316406,
   "00019.png": 27.709651947021484,
   "00001.png": 31.60165786743164,
   "00029.png": 25.89561653137207,
   "00028.png": 27.068058013916016,
   "00004.png": 31.946796417236328,
   "00002.png": 30.34775161743164,
   "00008.png": 29.32868003845215,
   "00007.png": 32.13084411621094,
   "00023.png": 25.714750289916992,
   "00012.png": 32.99361801147461,
   "00021.png": 29.254281997680664,
   "00005.png": 27.352447509765625,
   "00013.png": 28.973569869995117,
   "00022.png": 30.69314193725586,
   "00011.png": 32.444183349609375,
   "00032.png": 27.185054779052734,
   "00009.png": 32.257362365722656,
   "00033.png": 28.335796356201172,
   "00027.png": 30.53952407836914,
   "00016.png": 30.52138900756836,
   "00003.png": 32.89178466796875,
   "00000.png": 28.777324676513672,
   "00035.png": 23.859512329101562,
   "00031.png": 31.809757232666016,
   "00017.png": 32.336082458496094,
   "00006.png": 31.288110733032227,
   "00010.png": 31.91965103149414,
   "00034.png": 21.090679168701172,
   "00025.png": 30.540008544921875,
   "00015.png": 30.480392456054688,
   "00024.png": 29.191585540771484,
   "00036.png": 22.814571380615234,
   "00026.png": 29.409175872802734,
   "00038.png": 30.2145938873291,
   "00037.png": 29.55783462524414
  },
  "LPIPS": {
   "00014.png": 0.19669972360134125,
   "00030.png": 0.3249691128730774,
   "00020.png": 0.22781908512115479,
   "00018.png": 0.2712692618370056,
   "00019.png": 0.2167636603116989,
   "00001.png": 0.24582797288894653,
   "00029.png": 0.3212566673755646,
   "00028.png": 0.3071865439414978,
   "00004.png": 0.2040298581123352,
   "00002.png": 0.2737351059913635,
   "00008.png": 0.2178419530391693,
   "00007.png": 0.18855944275856018,
   "00023.png": 0.263497531414032,
   "00012.png": 0.19246427714824677,
   "00021.png": 0.31799376010894775,
   "00005.png": 0.22494640946388245,
   "00013.png": 0.2418452501296997,
   "00022.png": 0.21556800603866577,
   "00011.png": 0.20690588653087616,
   "00032.png": 0.21208368241786957,
   "00009.png": 0.19323615729808807,
   "00033.png": 0.2672904133796692,
   "00027.png": 0.28537142276763916,
   "00016.png": 0.2512645125389099,