{
 "ours_30000": {
  "SSIM": 0.9184335470199585,
  "PSNR": 31.52680206298828,
  "LPIPS": 0.21945716440677643
 },
 "ours_7000": {
  "SSIM": 0.8952038884162903,
  "PSNR": 29.417972564697266,
  "LPIPS": 0.25965914130210876
 }
}