{
 "ours_30000": {
  "SSIM": {
   "00014.png": 0.9430932402610779,
   "00030.png": 0.9416548013687134,
   "00020.png": 0.949629008769989,
   "00018.png": 0.929887592792511,
   "00019.png": 0.9431027173995972,
   "00001.png": 0.9428054690361023,
   "00029.png": 0.919783890247345,
   "00028.png": 0.9540865421295166,
   "00004.png": 0.9512361884117126,
   "00002.png": 0.9543543457984924,
   "00008.png": 0.9216261506080627,
   "00007.png": 0.9492992162704468,
   "00023.png": 0.9406833052635193,
   "00012.png": 0.943818211555481,
   "00021.png": 0.9442586302757263,
   "00005.png": 0.9397707581520081,
   "00013.png": 0.9574075937271118,
   "00022.png": 0.952298104763031,
   "00011.png": 0.9122582674026489,
   "00032.png": 0.9614369869232178,
   "00009.png": 0.9345723390579224,
   "00033.png": 0.9236637949943542,
   "00027.png": 0.7525705695152283,
   "00016.png": 0.9498461484909058,
   "00003.png": 0.9563081860542297,
   "00000.png": 0.923323929309845,
   "00031.png": 0.9435912370681763,
   "00017.png": 0.9413182139396667,
   "00006.png": 0.833139181137085,
   "00010.png": 0.9561014175415039,
   "00034.png": 0.7765375971794128,
   "00025.png": 0.9521961808204651,
   "00015.png": 0.9543576240539551,
   "00024.png": 0.9558213949203491,
   "00026.png": 0.9496574401855469
  },
  "PSNR": {
   "00014.png": 31.95362091064453,
   "00030.png": 33.45845031738281,
   "00020.png": 34.52318572998047,
   "00018.png": 32.65040588378906,
   "00019.png": 32.48923873901367,
   "00001.png": 30.024221420288086,
   "00029.png": 32.04924774169922,
   "00028.png": 32.618202209472656,
   "00004.png": 32.33132553100586,
   "00002.png": 32.891048431396484,
   "00008.png": 30.877058029174805,
   "00007.png": 31.00130271911621,
   "00023.png": 33.28466796875,
   "00012.png": 31.298351287841797,
   "00021.png": 33.768741607666016,
   "00005.png": 30.438386917114258,
   "00013.png": 34.78807067871094,
   "00022.png": 34.348899841308594,
   "00011.png": 32.08196258544922,
   "00032.png": 35.74860382080078,
   "00009.png": 31.932344436645508,
   "00033.png": 31.42112922668457,
   "00027.png": 27.181713104248047,
   "00016.png": 34.026676177978516,
   "00003.png": 32.36363220214844,
   "00000.png": 28.27887535095215,
   "00031.png": 32.874671936035156,
   "00017.png": 33.931976318359375,
   "00006.png": 29.32213020324707,
   "00010.png": 34.454471588134766,
   "00034.png": 28.656841278076172,
   "00025.png": 33.45214080810547,
   "00015.png": 32.28689193725586,
   "00024.png": 33.94123077392578,
   "00026.png": 33.810890197753906
  },
  "LPIPS": {
   "00014.png": 0.09982077032327652,
   "00030.png": 0.12377667427062988,
   "00020.png": 0.09130553901195526,
   "00018.png": 0.11077716201543808,
   "00019.png": 0.10550232231616974,
   "00001.png": 0.09707243740558624,
   "00029.png": 0.12973089516162872,
   "00028.png": 0.07084819674491882,
   "00004.png": 0.08736390620470047,
   "00002.png": 0.0903264731168747,
   "00008.png": 0.14379015564918518,
   "00007.png": 0.08155463635921478,
   "00023.png": 0.12919791042804718,
   "00012.png": 0.10211968421936035,
   "00021.png": 0.11108800768852234,
   "00005.png": 0.10731501877307892,
   "00013.png": 0.12192218005657196,
   "00022.png": 0.09448346495628357,
   "00011.png": 0.1401485800743103,
   "00032.png": 0.11898107826709747,
   "00009.png": 0.12737660109996796,
   "00033.png": 0.1614745855331421,
   "00027.png": 0.2760625183582306,
   "00016.png": 0.09222140163183212,
   "00003.png": 0.07768382132053375,
   "00000.png": 0.12196366488933563,
   "00031.png": 0.13835647702217102,
   "00017.png": 0.11897198855876923,
   "00006.png": 0.2179282009601593,
   "00010.png": 0.11837421357631683,
   "00034.png": 0.2805880904197693,
   "00025.png": 0.07939624786376953,
   "00015.png": 0.10651347786188126,
   "00024.png": 0.08249960839748383,
   "00026.png": 0.102852001786232
  }
 },
 "ours_7000": {
  "SSIM": {
   "00014.png": 0.9380007982254028,
   "00030.png": 0.9370558261871338,
   "00020.png": 0.9378499388694763,
   "00018.png": 0.9161122441291809,
   "00019.png": 0.9343785643577576,
   "00001.png": 0.93410724401474,
   "00029.png": 0.9183285236358643,
   "00028.png": 0.9440840482711792,
   "00004.png": 0.9440090656280518,
   "00002.png": 0.946678102016449,
   "00008.png": 0.9094400405883789,
   "00007.png": 0.9425941109657288,
   "00023.png": 0.9375722408294678,
   "00012.png": 0.9338479042053223,
   "00021.png": 0.9323439598083496,
   "00005.png": 0.9331009387969971,
   "00013.png": 0.9527910947799683,
   "00022.png": 0.947080135345459,
   "00011.png": 0.9153863787651062,
   "00032.png": 0.9532268047332764,
   "00009.png": 0.9255449771881104,
   "00033.png": 0.9246479868888855,
   "00027.png": 0.7678809762001038,
   "00016.png": 0.9408717155456543,
   "00003.png": 0.9471814632415771,
   "00000.png": 0.9125090837478638,
   "00031.png": 0.9374827742576599,
   "00017.png": 0.932133138179779,
   "00006.png": 0.821176290512085,
   "00010.png": 0.9540541768074036,
   "00034.png": 0.7729352116584778,
   "00025.png": 0.9412412047386169,
   "00015.png": 0.9470506906509399,
   "00024.png": 0.9423558712005615,
   "00026.png": 0.9439831376075745
  },
  "PSNR": {
   "00014.png": 30.845924377441406,
   "00030.png": 32.66049575805664,
   "00020.png": 32.73361587524414,
   "00018.png": 30.764034271240234,
   "00019.png": 30.408035278320312,
   "00001.png": 29.00015640258789,
   "00029.png": 31.350805282592773,
   "00028.png": 31.91199493408203,
   "00004.png": 30.829483032226562,
   "00002.png": 31.42623519897461,
   "00008.png": 29.907089233398438,
   "00007.png": 30.298431396484375,
   "00023.png": 33.161338806152344,
   "00012.png": 30.17913055419922,
   "00021.png": 32.41985321044922,
   "00005.png": 29.68600082397461,
   "00013.png": 33.387351989746094,
   "00022.png": 34.035099029541016,
   "00011.png": 31.96125030517578,
   "00032.png": 34.355865478515625,
   "00009.png": 31.113622665405273,
   "00033.png": 31.034957885742188,
   "00027.png": 27.3543643951416,
   "00016.png": 32.60835266113281,
   "00003.png": 30.886051177978516,
   "00000.png": 27.71471405029297,
   "00031.png": 32.1524658203125,
   "00017.png": 32.211143493652344,
   "00006.png": 28.886268615722656,
   "00010.png": 33.515846252441406,
   "00034.png": 28.05987548828125,
   "00025.png": 32.081085205078125,
   "00015.png": 31.924821853637695,
   "00024.png": 31.52564811706543,
   "00026.png": 33.24357604980469
  },
  "LPIPS": {
   "00014.png": 0.11147580295801163,
   "00030.png": 0.12774300575256348,
   "00020.png": 0.10390688478946686,
   "00018.png": 0.1336326152086258,
   "00019.png": 0.11989878118038177,
   "00001.png": 0.1123562678694725,
   "00029.png": 0.13162550330162048,
   "00028.png": 0.08354578912258148,
   "00004.png": 0.10327249765396118,
   "00002.png": 0.10100547969341278,
   "00008.png": 0.1545654833316803,
   "00007.png": 0.09372440725564957,
   "00023.png": 0.13412559032440186,
   "00012.png": 0.11879444867372513,
   "00021.png": 0.12942862510681152,
   "00005.png": 0.11894571781158447,
   "00013.png": 0.12968851625919342,
   "00022.png": 0.10479657351970673,
   "00011.png": 0.14387786388397217,
   "00032.png": 0.13137167692184448,
   "00009.png": 0.1375468671321869,
   "00033.png": 0.16423237323760986,
   "00027.png": 0.27413880825042725,
   "00016.png": 0.10983002185821533,
   "00003.png": 0.09453490376472473,
   "00000.png": 0.1372174322605133,
   "00031.png": 0.1485653817653656,
   "00017.png": 0.13424000144004822,
   "00006.png": 0.22653940320014954,
   "00010.png": 0.12236634641885757,
   "00034.png": 0.287125825881958,
   "00025.png": 0.09421171247959137,
   "00015.png": 0.1234259381890297,
   "00024.png": 0.09876817464828491,
   "00026.png": 0.10932601988315582
  }
 }
}