{
 "ours_30000": {
  "SSIM": 0.9301570057868958,
  "PSNR": 32.30173110961914,
  "LPIPS": 0.12169679999351501
 },
 "ours_7000": {
  "SSIM": 0.9234011173248291,
  "PSNR": 31.303857803344727,
  "LPIPS": 0.13285288214683533
 }
}