{
 "ours_30000": {
  "SSIM": {
   "00014.png": 0.9453810453414917,
   "00030.png": 0.9589317440986633,
   "00020.png": 0.9423720240592957,
   "00018.png": 0.9382734894752502,
   "00019.png": 0.9363858699798584,
   "00001.png": 0.9316632151603699,
   "00029.png": 0.9479008913040161,
   "00028.png": 0.9541561007499695,
   "00004.png": 0.9482800364494324,
   "00002.png": 0.9507977366447449,
   "00008.png": 0.95058673620224,
   "00007.png": 0.9485561847686768,
   "00023.png": 0.9429919719696045,
   "00012.png": 0.9018194079399109,
   "00021.png": 0.950466513633728,
   "00005.png": 0.9536441564559937,
   "00013.png": 0.9453072547912598,
   "00022.png": 0.9396785497665405,
   "00011.png": 0.9346633553504944,
   "00032.png": 0.9509851336479187,
   "00009.png": 0.9129894971847534,
   "00033.png": 0.9582430124282837,
   "00027.png": 0.9488447308540344,
   "00016.png": 0.9333590865135193,
   "00003.png": 0.9438546299934387,
   "00000.png": 0.898158073425293,
   "00035.png": 0.9234035611152649,
   "00031.png": 0.9343567490577698,
   "00017.png": 0.9421593546867371,
   "00006.png": 0.9456808567047119,
   "00010.png": 0.9367200136184692,
   "00034.png": 0.9069796800613403,
   "00025.png": 0.9409528374671936,
   "00015.png": 0.9107997417449951,
   "00024.png": 0.9356148838996887,
   "00036.png": 0.9358069896697998,
   "00026.png": 0.9470356702804565
  },
  "PSNR": {
   "00014.png": 33.56646728515625,
   "00030.png": 35.77726364135742,
   "00020.png": 34.572513580322266,
   "00018.png": 33.17640686035156,
   "00019.png": 33.00088882446289,
   "00001.png": 29.044025421142578,
   "00029.png": 33.413970947265625,
   "00028.png": 34.048824310302734,
   "00004.png": 34.28846740722656,
   "00002.png": 34.332069396972656,
   "00008.png": 33.8443717956543,
   "00007.png": 34.54901123046875,
   "00023.png": 33.67029571533203,
   "00012.png": 27.3372859954834,
   "00021.png": 35.0103874206543,
   "00005.png": 35.31624221801758,
   "00013.png": 31.50453758239746,
   "00022.png": 34.39336013793945,
   "00011.png": 28.716651916503906,
   "00032.png": 36.135780334472656,
   "00009.png": 24.88548469543457,
   "00033.png": 36.1246337890625,
   "00027.png": 33.738624572753906,
   "00016.png": 29.170490264892578,
   "00003.png": 32.123287200927734,
   "00000.png": 26.380701065063477,
   "00035.png": 29.104549407958984,
   "00031.png": 32.768898010253906,
   "00017.png": 33.85652160644531,
   "00006.png": 32.62850570678711,
   "00010.png": 31.987239837646484,
   "00034.png": 26.89160919189453,
   "00025.png": 31.218748092651367,
   "00015.png": 27.142210006713867,
   "00024.png": 32.5490837097168,
   "00036.png": 29.711856842041016,
   "00026.png": 34.75686264038086
  },
  "LPIPS": {
   "00014.png": 0.14421464502811432,
   "00030.png": 0.22991497814655304,
   "00020.png": 0.24538657069206238,
   "00018.png": 0.19875240325927734,
   "00019.png": 0.2287081480026245,
   "00001.png": 0.17964470386505127,
   "00029.png": 0.247475266456604,
   "00028.png": 0.24199478328227997,
   "00004.png": 0.16257190704345703,
   "00002.png": 0.1599569469690323,
   "00008.png": 0.1617179811000824,
   "00007.png": 0.16804850101470947,
   "00023.png": 0.22716645896434784,
   "00012.png": 0.23070023953914642,
   "00021.png": 0.21909287571907043,
   "00005.png": 0.15744438767433167,
   "00013.png": 0.14735665917396545,
   "00022.png": 0.2403872311115265,
   "00011.png": 0.17887797951698303,
   "00032.png": 0.21328578889369965,
   "00009.png": 0.1758946180343628,
   "00033.png": 0.18159279227256775,
   "00027.png": 0.25513458251953125,
   "00016.png": 0.18674859404563904,
   "00003.png": 0.18651074171066284,
   "00000.png": 0.2160264551639557,
   "00035.png": 0.20292678475379944,
   "00031.png": 0.22901159524917603,
   "00017.png": 0.19232067465782166,
   "00006.png": 0.18434970080852509,
   "00010.png": 0.15398263931274414,
   "00034.png": 0.18186938762664795,
   "00025.png": 0.2784205973148346,
   "00015.png": 0.2367040514945984,
   "00024.png": 0.283769428730011,
   "00036.png": 0.27662456035614014,
   "00026.png": 0.2816533148288727
  }
 },
 "ours_7000": {
  "SSIM": {
   "00014.png": 0.922471821308136,
   "00030.png": 0.947182297706604,
   "00020.png": 0.9304230213165283,
   "00018.png": 0.9085288643836975,
   "00019.png": 0.9084965586662292,
   "00001.png": 0.9071169495582581,
   "00029.png": 0.9314460754394531,
   "00028.png": 0.9393342137336731,
   "00004.png": 0.9299202561378479,
   "00002.png": 0.9328863620758057,
   "00008.png": 0.9316290020942688,
   "00007.png": 0.9284918308258057,
   "00023.png": 0.9255095720291138,
   "00012.png": 0.8812905550003052,
   "00021.png": 0.9288933873176575,
   "00005.png": 0.9313485622406006,
   "00013.png": 0.9220691919326782,
   "00022.png": 0.9108299612998962,
   "00011.png": 0.9085280299186707,
   "00032.png": 0.9384543299674988,
   "00009.png": 0.8414962887763977,
   "00033.png": 0.9480282664299011,
   "00027.png": 0.9352888464927673,
   "00016.png": 0.9061737656593323,
   "00003.png": 0.9266899228096008,
   "00000.png": 0.8714703321456909,
   "00035.png": 0.9083195924758911,
   "00031.png": 0.9227206110954285,
   "00017.png": 0.9189406633377075,
   "00006.png": 0.9270973801612854,
   "00010.png": 0.9042030572891235,
   "00034.png": 0.9047158360481262,
   "00025.png": 0.9214240908622742,
   "00015.png": 0.8879403471946716,
   "00024.png": 0.917762279510498,
   "00036.png": 0.9250743985176086,
   "00026.png": 0.9238383769989014
  },
  "PSNR": {
   "00014.png": 31.313976287841797,
   "00030.png": 32.60349655151367,
   "00020.png": 32.647518157958984,
   "00018.png": 29.976465225219727,
   "00019.png": 30.007579803466797,
   "00001.png": 27.0638484954834,
   "00029.png": 31.356830596923828,
   "00028.png": 30.092777252197266,
   "00004.png": 32.08222198486328,
   "00002.png": 31.014629364013672,
   "00008.png": 30.65682601928711,
   "00007.png": 31.92865562438965,
   "00023.png": 31.0489559173584,
   "00012.png": 25.691377639770508,
   "00021.png": 31.228713989257812,
   "00005.png": 31.91788673400879,
   "00013.png": 29.49750518798828,
   "00022.png": 30.40091323852539,
   "00011.png": 27.27473258972168,
   "00032.png": 33.43407440185547,
   "00009.png": 22.922086715698242,
   "00033.png": 33.50410461425781,
   "00027.png": 31.05474090576172,
   "00016.png": 27.662809371948242,
   "00003.png": 30.01022720336914,
   "00000.png": 22.565353393554688,
   "00035.png": 28.29290008544922,
   "00031.png": 30.779006958007812,
   "00017.png": 30.276901245117188,
   "00006.png": 29.920101165771484,
   "00010.png": 29.092693328857422,
   "00034.png": 27.886449813842773,
   "00025.png": 28.814987182617188,
   "00015.png": 25.089271545410156,
   "00024.png": 30.018829345703125,
   "00036.png": 28.63133430480957,
   "00026.png": 30.403566360473633
  },
  "LPIPS": {
   "00014.png": 0.18085211515426636,
   "00030.png": 0.2502506375312805,
   "00020.png": 0.2710214853286743,
   "00018.png": 0.23617441952228546,
   "00019.png": 0.26527899503707886,
   "00001.png": 0.20854038000106812,
   "00029.png": 0.2771783471107483,
   "00028.png": 0.2658621072769165,
   "00004.png": 0.19229649007320404,
   "00002.png": 0.18274468183517456,
   "00008.png": 0.18891865015029907,
   "00007.png": 0.19541290402412415,
   "00023.png": 0.26041388511657715,
   "00012.png": 0.2729458808898926,
   "00021.png": 0.25499558448791504,
   "00005.png": 0.1916840672492981,
   "00013.png": 0.18688012659549713,
   "00022.png": 0.28844964504241943,
   "00011.png": 0.22361136972904205,
   "00032.png": 0.23730586469173431,
   "00009.png": 0.22204264998435974,
   "00033.png": 0.20137372612953186,
   "00027.png": 0.2786499857902527,
   "00016.png": 0.22670289874076843,
   "00003.png": 0.20869404077529907,
   "00000.png": 0.24384605884552002,
   "00035.png": 0.22819310426712036,
   "00031.png": 0.2462557554244995,
   "00017.png": 0.2289920449256897,
   "00006.png": 0.21879610419273376,
   "00010.png": 0.1895826905965805,
   "00034.png": 0.20054620504379272,
   "00025.png": 0.3106480836868286,