{
 "ours_30000": {
  "SSIM": 0.9385891556739807,
  "PSNR": 32.18210983276367,
  "LPIPS": 0.20773619413375854
 },
 "ours_7000": {
  "SSIM": 0.9177306890487671,
  "PSNR": 29.680116653442383,
  "LPIPS": 0.23900370299816132
 }
}