{
 "ours_30000": {
  "SSIM": {
   "00014.png": 0.9380837082862854,
   "00030.png": 0.888013482093811,
   "00020.png": 0.9282693266868591,
   "00018.png": 0.9242190718650818,
   "00019.png": 0.9330097436904907,
   "00001.png": 0.9010584354400635,
   "00029.png": 0.9093112945556641,
   "00028.png": 0.9093865752220154,
   "00004.png": 0.9462361335754395,
   "00002.png": 0.8960065245628357,
   "00008.png": 0.925838053226471,
   "00007.png": 0.956478476524353,
   "00023.png": 0.8931890726089478,
   "00012.png": 0.9361371397972107,
   "00021.png": 0.8698889017105103,
   "00005.png": 0.9211380481719971,
   "00013.png": 0.9213030338287354,
   "00022.png": 0.9285392761230469,
   "00011.png": 0.9437152147293091,
   "00032.png": 0.9300448298454285,
   "00009.png": 0.9444683790206909,
   "00033.png": 0.9236437678337097,
   "00027.png": 0.9083206653594971,
   "00016.png": 0.9198815822601318,
   "00003.png": 0.9282283782958984,
   "00000.png": 0.8798980712890625,
   "00035.png": 0.9401692748069763,
   "00031.png": 0.8497616052627563,
   "00017.png": 0.9459226131439209,
   "00006.png": 0.9181408286094666,
   "00010.png": 0.9310877323150635,
   "00034.png": 0.9377291798591614,
   "00025.png": 0.9221057891845703,
   "00015.png": 0.8796454071998596,
   "00024.png": 0.9205867648124695,
   "00036.png": 0.8734886646270752,
   "00026.png": 0.9357126355171204,
   "00038.png": 0.8909998536109924,
   "00037.png": 0.9275457859039307
  },
  "PSNR": {
   "00014.png": 29.412796020507812,
   "00030.png": 31.18880271911621,
   "00020.png": 31.410062789916992,
   "00018.png": 33.09463119506836,
   "00019.png": 30.017711639404297,
   "00001.png": 33.46221923828125,
   "00029.png": 28.579849243164062,
   "00028.png": 30.6412410736084,
   "00004.png": 33.37260818481445,
   "00002.png": 33.79811096191406,
   "00008.png": 31.0517578125,
   "00007.png": 33.998619079589844,
   "00023.png": 27.945444107055664,
   "00012.png": 34.522117614746094,
   "00021.png": 30.65967559814453,
   "00005.png": 29.512100219726562,
   "00013.png": 32.317169189453125,
   "00022.png": 33.68231201171875,
   "00011.png": 35.93962860107422,
   "00032.png": 28.4102840423584,
   "00009.png": 33.95747756958008,
   "00033.png": 30.267173767089844,
   "00027.png": 31.690645217895508,
   "00016.png": 32.82343292236328,
   "00003.png": 34.89878463745117,
   "00000.png": 30.083663940429688,
   "00035.png": 24.687841415405273,
   "00031.png": 31.79131507873535,
   "00017.png": 34.85884094238281,
   "00006.png": 32.950443267822266,
   "00010.png": 33.579811096191406,
   "00034.png": 26.646841049194336,
   "00025.png": 32.44750213623047,
   "00015.png": 32.38819122314453,
   "00024.png": 31.01168441772461,
   "00036.png": 23.437477111816406,
   "00026.png": 30.923381805419922,
   "00038.png": 31.400754928588867,
   "00037.png": 32.42806625366211
  },
  "LPIPS": {
   "00014.png": 0.17069700360298157,
   "00030.png": 0.3015224039554596,
   "00020.png": 0.17708708345890045,
   "00018.png": 0.2480248063802719,
   "00019.png": 0.17621265351772308,
   "00001.png": 0.19391196966171265,
   "00029.png": 0.24881358444690704,
   "00028.png": 0.24058261513710022,
   "00004.png": 0.19041791558265686,
   "00002.png": 0.21216098964214325,
   "00008.png": 0.19367948174476624,
   "00007.png": 0.15904122591018677,
   "00023.png": 0.20392343401908875,
   "00012.png": 0.17076602578163147,
   "00021.png": 0.3087652921676636,
   "00005.png": 0.18451590836048126,
   "00013.png": 0.19576655328273773,
   "00022.png": 0.1602952778339386,
   "00011.png": 0.17342615127563477,
   "00032.png": 0.19068440794944763,
   "00009.png": 0.16735994815826416,
   "00033.png": 0.22465360164642334,
   "00027.png": 0.2568388283252716,
   "00016.png": 0.21104975044727325,
   "00003.png": 0.1862078756093979,
   "00000.png": 0.21240650117397308,
   "00035.png": 0.2690310776233673,
   "00031.png": 0.30194777250289917,
   "00017.png": 0.16304421424865723,
   "00006.png": 0.19600960612297058,
   "00010.png": 0.18454904854297638,
   "00034.png": 0.29437291622161865,
   "00025.png": 0.2276107668876648,
   "00015.png": 0.24953432381153107,
   "00024.png": 0.2484360933303833,
   "00036.png": 0.37544092535972595,
   "00026.png": 0.19351738691329956,
   "00038.png": 0.30764085054397583,
   "00037.png": 0.2766677439212799
  }
 },
 "ours_7000": {
  "SSIM": {
   "00014.png": 0.916536808013916,
   "00030.png": 0.8890271782875061,
   "00020.png": 0.897790789604187,
   "00018.png": 0.9083326458930969,
   "00019.png": 0.9102243781089783,
   "00001.png": 0.865039050579071,
   "00029.png": 0.8489793539047241,
   "00028.png": 0.8568633794784546,
   "00004.png": 0.9408934116363525,
   "00002.png": 0.8413171172142029,
   "00008.png": 0.9114740490913391,
   "00007.png": 0.9406323432922363,
   "00023.png": 0.8525772094726562,
   "00012.png": 0.9080643057823181,
   "00021.png": 0.8726762533187866,
   "00005.png": 0.89731764793396,
   "00013.png": 0.8769575357437134,
   "00022.png": 0.8940373063087463,
   "00011.png": 0.9229158163070679,
   "00032.png": 0.9126534461975098,
   "00009.png": 0.9291558861732483,
   "00033.png": 0.9065236449241638,
   "00027.png": 0.8991327881813049,
   "00016.png": 0.8867073655128479,
   "00003.png": 0.8973174691200256,
   "00000.png": 0.8522435426712036,
   "00035.png": 0.914914071559906,
   "00031.png": 0.8232899308204651,
   "00017.png": 0.9320366978645325,
   "00006.png": 0.8750905990600586,
   "00010.png": 0.8998287916183472,
   "00034.png": 0.9206429123878479,
   "00025.png": 0.9123739004135132,
   "00015.png": 0.8346045613288879,
   "00024.png": 0.9034907221794128,
   "00036.png": 0.8624500632286072,
   "00026.png": 0.9074025750160217,
   "00038.png": 0.8771378397941589,
   "00037.png": 0.9227544069290161
  },
  "PSNR": {
   "00014.png": 27.128524780273438,
   "00030.png": 30.42840003967285,
   "00020.png": 29.396034240722656,
   "00018.png": 30.84486198425293,
   "00019.png": 27.85852813720703,
   "00001.png": 31.565086364746094,
   "00029.png": 25.608739852905273,
   "00028.png": 26.695159912109375,
   "00004.png": 32.40486526489258,
   "00002.png": 30.260469436645508,
   "00008.png": 29.348163604736328,
   "00007.png": 32.27827835083008,
   "00023.png": 25.79656410217285,
   "00012.png": 32.733360290527344,
   "00021.png": 29.079986572265625,
   "00005.png": 26.864622116088867,
   "00013.png": 28.94080924987793,
   "00022.png": 30.759410858154297,
   "00011.png": 32.86477279663086,
   "00032.png": 27.19886016845703,
   "00009.png": 32.127967834472656,
   "00033.png": 28.706439971923828,
   "00027.png": 30.48824119567871,
   "00016.png": 30.160762786865234,
   "00003.png": 32.762657165527344,
   "00000.png": 28.75070571899414,
   "00035.png": 21.89081382751465,
   "00031.png": 31.691017150878906,
   "00017.png": 32.32328796386719,
   "00006.png": 31.14640998840332,
   "00010.png": 31.795516967773438,
   "00034.png": 23.659034729003906,
   "00025.png": 30.385160446166992,
   "00015.png": 30.481069564819336,
   "00024.png": 28.871000289916992,
   "00036.png": 23.050579071044922,
   "00026.png": 28.768226623535156,
   "00038.png": 29.54796028137207,
   "00037.png": 29.719755172729492
  },
  "LPIPS": {
   "00014.png": 0.19967049360275269,
   "00030.png": 0.3261842131614685,
   "00020.png": 0.2329493761062622,
   "00018.png": 0.2751959562301636,
   "00019.png": 0.22190532088279724,
   "00001.png": 0.2519686818122864,
   "00029.png": 0.3246341049671173,
   "00028.png": 0.3146685063838959,
   "00004.png": 0.20653268694877625,
   "00002.png": 0.28040388226509094,
   "00008.png": 0.22138816118240356,
   "00007.png": 0.19242854416370392,
   "00023.png": 0.2656671404838562,
   "00012.png": 0.1963014155626297,
   "00021.png": 0.3179505467414856,
   "00005.png": 0.2278081774711609,
   "00013.png": 0.25322264432907104,
   "00022.png": 0.22128240764141083,
   "00011.png": 0.2102929800748825,
   "00032.png": 0.21490995585918427,
   "00009.png": 0.19767476618289948,
   "00033.png": 0.27150487899780273,
   "00027.png": 0.2880145311355591,