{
 "ours_30000": {
  "SSIM": 0.9173641800880432,
  "PSNR": 31.417705535888672,
  "LPIPS": 0.22170805931091309
 },
 "ours_7000": {
  "SSIM": 0.8928565979003906,
  "PSNR": 29.3431339263916,
  "LPIPS": 0.2641388177871704
 }
}