{
 "ours_30000": {
  "SSIM": {
   "00014.png": 0.8651537299156189,
   "00020.png": 0.9065042734146118,
   "00018.png": 0.8948183059692383,
   "00019.png": 0.8970494866371155,
   "00001.png": 0.8951801061630249,
   "00029.png": 0.8536872863769531,
   "00028.png": 0.9055609107017517,
   "00004.png": 0.9274556040763855,
   "00002.png": 0.8991378545761108,
   "00008.png": 0.8712012767791748,
   "00007.png": 0.9077737927436829,
   "00023.png": 0.9244509935379028,
   "00012.png": 0.8880425691604614,
   "00021.png": 0.895629346370697,
   "00005.png": 0.9055449962615967,
   "00013.png": 0.8998368978500366,
   "00022.png": 0.9048334956169128,
   "00011.png": 0.9105260372161865,
   "00009.png": 0.8768176436424255,
   "00027.png": 0.9042656421661377,
   "00016.png": 0.9161412715911865,
   "00003.png": 0.8473547101020813,
   "00000.png": 0.8627366423606873,
   "00017.png": 0.899669885635376,
   "00006.png": 0.8899956345558167,
   "00010.png": 0.8904862999916077,
   "00025.png": 0.9289327263832092,
   "00015.png": 0.9031960964202881,
   "00024.png": 0.911812424659729,
   "00026.png": 0.9237979054450989
  },
  "PSNR": {
   "00014.png": 24.947816848754883,
   "00020.png": 30.094661712646484,
   "00018.png": 28.288074493408203,
   "00019.png": 26.918140411376953,
   "00001.png": 29.31594467163086,
   "00029.png": 25.355350494384766,
   "00028.png": 28.036720275878906,
   "00004.png": 30.746318817138672,
   "00002.png": 28.366222381591797,
   "00008.png": 28.092248916625977,
   "00007.png": 29.498210906982422,
   "00023.png": 30.46625518798828,
   "00012.png": 25.936912536621094,
   "00021.png": 28.865358352661133,
   "00005.png": 29.45146369934082,
   "00013.png": 28.50520896911621,
   "00022.png": 28.606290817260742,
   "00011.png": 29.957609176635742,
   "00009.png": 27.020442962646484,
   "00027.png": 27.932571411132812,
   "00016.png": 28.464052200317383,
   "00003.png": 26.08981704711914,
   "00000.png": 26.4409236907959,
   "00017.png": 26.167556762695312,
   "00006.png": 28.666271209716797,
   "00010.png": 28.046131134033203,
   "00025.png": 31.966121673583984,
   "00015.png": 28.818586349487305,
   "00024.png": 30.868188858032227,
   "00026.png": 30.822982788085938
  },
  "LPIPS": {
   "00014.png": 0.26253390312194824,
   "00020.png": 0.21274682879447937,
   "00018.png": 0.2103612720966339,
   "00019.png": 0.2090299427509308,
   "00001.png": 0.1971188187599182,
   "00029.png": 0.28100934624671936,
   "00028.png": 0.20904478430747986,
   "00004.png": 0.20413938164710999,
   "00002.png": 0.19529134035110474,
   "00008.png": 0.31819212436676025,
   "00007.png": 0.17524904012680054,
   "00023.png": 0.19317719340324402,
   "00012.png": 0.19141867756843567,
   "00021.png": 0.24860359728336334,
   "00005.png": 0.25991737842559814,
   "00013.png": 0.18798165023326874,
   "00022.png": 0.20647785067558289,
   "00011.png": 0.2876666188240051,
   "00009.png": 0.20498478412628174,
   "00027.png": 0.1908000409603119,
   "00016.png": 0.17241473495960236,
   "00003.png": 0.27091121673583984,
   "00000.png": 0.26675280928611755,
   "00017.png": 0.23955872654914856,
   "00006.png": 0.22073405981063843,
   "00010.png": 0.19662484526634216,
   "00025.png": 0.17394661903381348,
   "00015.png": 0.22445538640022278,
   "00024.png": 0.2283315658569336,
   "00026.png": 0.18701358139514923
  }
 },
 "ours_7000": {
  "SSIM": {
   "00014.png": 0.8246429562568665,
   "00020.png": 0.8785558342933655,
   "00018.png": 0.8653618693351746,
   "00019.png": 0.8618447184562683,
   "00001.png": 0.8597849607467651,
   "00029.png": 0.819258451461792,
   "00028.png": 0.8789435625076294,
   "00004.png": 0.9016634225845337,
   "00002.png": 0.860238254070282,
   "00008.png": 0.8340678811073303,
   "00007.png": 0.8709781765937805,
   "00023.png": 0.9016587734222412,
   "00012.png": 0.8517840504646301,
   "00021.png": 0.8655434846878052,
   "00005.png": 0.8880566358566284,
   "00013.png": 0.8567143082618713,
   "00022.png": 0.8780784606933594,
   "00011.png": 0.8914620876312256,
   "00009.png": 0.8367713689804077,
   "00027.png": 0.8714936375617981,
   "00016.png": 0.8857803344726562,
   "00003.png": 0.8330250978469849,
   "00000.png": 0.8251441121101379,
   "00017.png": 0.8817400336265564,
   "00006.png": 0.8665675520896912,
   "00010.png": 0.8373525142669678,
   "00025.png": 0.9088274240493774,
   "00015.png": 0.8748543858528137,
   "00024.png": 0.8871647119522095,
   "00026.png": 0.9052780270576477
  },
  "PSNR": {
   "00014.png": 22.9691104888916,
   "00020.png": 28.10744857788086,
   "00018.png": 26.667205810546875,
   "00019.png": 23.778112411499023,
   "00001.png": 26.756290435791016,
   "00029.png": 22.958175659179688,
   "00028.png": 26.26375389099121,
   "00004.png": 28.89167022705078,
   "00002.png": 25.748157501220703,
   "00008.png": 25.91392707824707,
   "00007.png": 26.745647430419922,
   "00023.png": 28.685903549194336,
   "00012.png": 24.277040481567383,
   "00021.png": 27.34195327758789,
   "00005.png": 28.22622299194336,
   "00013.png": 26.000534057617188,
   "00022.png": 26.91457748413086,
   "00011.png": 27.942245483398438,
   "00009.png": 24.777318954467773,
   "00027.png": 26.196176528930664,
   "00016.png": 26.679840087890625,
   "00003.png": 25.19793701171875,
   "00000.png": 24.500246047973633,
   "00017.png": 23.931886672973633,
   "00006.png": 27.24053955078125,
   "00010.png": 25.09227752685547,
   "00025.png": 29.843830108642578,
   "00015.png": 26.917816162109375,
   "00024.png": 29.121646881103516,
   "00026.png": 29.48164939880371
  },
  "LPIPS": {
   "00014.png": 0.313205748796463,
   "00020.png": 0.25937342643737793,
   "00018.png": 0.25649797916412354,
   "00019.png": 0.2546115517616272,
   "00001.png": 0.2539239823818207,
   "00029.png": 0.3283342719078064,
   "00028.png": 0.24711976945400238,
   "00004.png": 0.2521654963493347,
   "00002.png": 0.25299128890037537,
   "00008.png": 0.3710169196128845,
   "00007.png": 0.228326678276062,
   "00023.png": 0.2373851239681244,
   "00012.png": 0.23979398608207703,
   "00021.png": 0.3017718195915222,
   "00005.png": 0.2901920676231384,
   "00013.png": 0.24456903338432312,
   "00022.png": 0.25083863735198975,
   "00011.png": 0.3144283890724182,
   "00009.png": 0.26186415553092957,
   "00027.png": 0.2386643886566162,
   "00016.png": 0.22025519609451294,
   "00003.png": 0.2965213656425476,
   "00000.png": 0.3184725046157837,
   "00017.png": 0.2772008776664734,
   "00006.png": 0.2566274404525757,
   "00010.png": 0.2550405263900757,
   "00025.png": 0.2091512531042099,
   "00015.png": 0.26711058616638184,
   "00024.png": 0.27592751383781433,
   "00026.png": 0.22429977357387543
  }
 }
}