{
 "ours_30000": {
  "SSIM": 0.8969199061393738,
  "PSNR": 28.425085067749023,
  "LPIPS": 0.22088292241096497
 },
 "ours_7000": {
  "SSIM": 0.8667545318603516,
  "PSNR": 26.4389705657959,
  "LPIPS": 0.2665894031524658
 }
}