{
 "ours_30000": {
  "SSIM": {
   "00014.png": 0.9429337382316589,
   "00030.png": 0.9394069910049438,
   "00020.png": 0.9427324533462524,
   "00018.png": 0.9186865091323853,
   "00019.png": 0.9425503611564636,
   "00001.png": 0.937027633190155,
   "00029.png": 0.9230045676231384,
   "00028.png": 0.9531455039978027,
   "00004.png": 0.9450984001159668,
   "00002.png": 0.9486318230628967,
   "00008.png": 0.9158263206481934,
   "00007.png": 0.9428404569625854,
   "00023.png": 0.9412229657173157,
   "00012.png": 0.9405706524848938,
   "00021.png": 0.9403184056282043,
   "00005.png": 0.9388183951377869,
   "00013.png": 0.9550746083259583,
   "00022.png": 0.9459328651428223,
   "00011.png": 0.9041522741317749,
   "00032.png": 0.9577183127403259,
   "00009.png": 0.9269174337387085,
   "00033.png": 0.9215112328529358,
   "00027.png": 0.7589102983474731,
   "00016.png": 0.9445333480834961,
   "00003.png": 0.9538313746452332,
   "00000.png": 0.908995509147644,
   "00031.png": 0.9400386214256287,
   "00017.png": 0.938781201839447,
   "00006.png": 0.8342114090919495,
   "00010.png": 0.9531480669975281,
   "00034.png": 0.754660964012146,
   "00025.png": 0.9478045701980591,
   "00015.png": 0.948234498500824,
   "00024.png": 0.9518222212791443,
   "00026.png": 0.9406697750091553
  },
  "PSNR": {
   "00014.png": 31.365398406982422,
   "00030.png": 32.745567321777344,
   "00020.png": 33.163875579833984,
   "00018.png": 30.440216064453125,
   "00019.png": 32.05286407470703,
   "00001.png": 28.812122344970703,
   "00029.png": 31.681983947753906,
   "00028.png": 32.50628662109375,
   "00004.png": 30.571998596191406,
   "00002.png": 31.32270622253418,
   "00008.png": 30.404470443725586,
   "00007.png": 30.280609130859375,
   "00023.png": 33.59474563598633,
   "00012.png": 30.681026458740234,
   "00021.png": 33.351112365722656,
   "00005.png": 29.984407424926758,
   "00013.png": 33.700172424316406,
   "00022.png": 33.434608459472656,
   "00011.png": 31.238636016845703,
   "00032.png": 34.90967559814453,
   "00009.png": 31.14816665649414,
   "00033.png": 30.702884674072266,
   "00027.png": 27.27653694152832,
   "00016.png": 32.25367736816406,
   "00003.png": 31.493980407714844,
   "00000.png": 26.602373123168945,
   "00031.png": 32.02857208251953,
   "00017.png": 33.42169952392578,
   "00006.png": 27.939817428588867,
   "00010.png": 33.090370178222656,
   "00034.png": 27.888166427612305,
   "00025.png": 32.59397506713867,
   "00015.png": 31.457199096679688,
   "00024.png": 32.59272003173828,
   "00026.png": 32.38092803955078
  },
  "LPIPS": {
   "00014.png": 0.09935718774795532,
   "00030.png": 0.12096676230430603,
   "00020.png": 0.09835129976272583,
   "00018.png": 0.11994889378547668,
   "00019.png": 0.11055715382099152,
   "00001.png": 0.101021409034729,
   "00029.png": 0.12574292719364166,
   "00028.png": 0.0709480494260788,
   "00004.png": 0.09163777530193329,
   "00002.png": 0.09749054908752441,
   "00008.png": 0.14954513311386108,
   "00007.png": 0.08844681084156036,
   "00023.png": 0.12953120470046997,
   "00012.png": 0.11084636300802231,
   "00021.png": 0.11442993581295013,
   "00005.png": 0.10866343975067139,
   "00013.png": 0.12411556392908096,
   "00022.png": 0.09521088004112244,
   "00011.png": 0.15109962224960327,
   "00032.png": 0.12174615263938904,
   "00009.png": 0.13925151526927948,
   "00033.png": 0.1661064326763153,
   "00027.png": 0.27636656165122986,
   "00016.png": 0.10062941908836365,
   "00003.png": 0.08097264170646667,
   "00000.png": 0.13388393819332123,
   "00031.png": 0.14377550780773163,
   "00017.png": 0.12461444735527039,
   "00006.png": 0.2194637507200241,
   "00010.png": 0.12395651638507843,
   "00034.png": 0.2923339605331421,
   "00025.png": 0.0831298977136612,
   "00015.png": 0.11260519921779633,
   "00024.png": 0.0879087895154953,
   "00026.png": 0.10793637484312057
  }
 },
 "ours_7000": {
  "SSIM": {
   "00014.png": 0.9196360111236572,
   "00030.png": 0.9154700636863708,
   "00020.png": 0.91456538438797,
   "00018.png": 0.8866409659385681,
   "00019.png": 0.9148881435394287,
   "00001.png": 0.9023646712303162,
   "00029.png": 0.9096601605415344,
   "00028.png": 0.9205780029296875,
   "00004.png": 0.9232161045074463,
   "00002.png": 0.9251409769058228,
   "00008.png": 0.8964539766311646,
   "00007.png": 0.9244832396507263,
   "00023.png": 0.9214056730270386,
   "00012.png": 0.8975918292999268,
   "00021.png": 0.8984384536743164,
   "00005.png": 0.9236447215080261,
   "00013.png": 0.9400692582130432,
   "00022.png": 0.926914632320404,
   "00011.png": 0.9075511693954468,
   "00032.png": 0.9441795945167542,
   "00009.png": 0.9069150686264038,
   "00033.png": 0.9159055948257446,
   "00027.png": 0.7730997204780579,
   "00016.png": 0.9232228994369507,
   "00003.png": 0.9279546141624451,
   "00000.png": 0.8728243112564087,
   "00031.png": 0.924586296081543,
   "00017.png": 0.9149692058563232,
   "00006.png": 0.8045545816421509,
   "00010.png": 0.9364256858825684,
   "00034.png": 0.7575944662094116,
   "00025.png": 0.9156798124313354,
   "00015.png": 0.9210001230239868,
   "00024.png": 0.910205066204071,
   "00026.png": 0.9316117167472839
  },
  "PSNR": {
   "00014.png": 28.82879638671875,
   "00030.png": 30.76529312133789,
   "00020.png": 31.10024642944336,
   "00018.png": 28.847875595092773,
   "00019.png": 30.243011474609375,
   "00001.png": 25.440387725830078,
   "00029.png": 29.791318893432617,
   "00028.png": 29.68651008605957,
   "00004.png": 27.566444396972656,
   "00002.png": 28.28752899169922,
   "00008.png": 27.980369567871094,
   "00007.png": 27.913616180419922,
   "00023.png": 31.91373634338379,
   "00012.png": 27.721847534179688,
   "00021.png": 29.790340423583984,
   "00005.png": 28.393068313598633,
   "00013.png": 30.813844680786133,
   "00022.png": 32.09623718261719,
   "00011.png": 29.1669921875,
   "00032.png": 33.397804260253906,
   "00009.png": 29.966278076171875,
   "00033.png": 29.7379150390625,
   "00027.png": 27.123023986816406,
   "00016.png": 30.185070037841797,
   "00003.png": 28.532394409179688,
   "00000.png": 24.054759979248047,
   "00031.png": 30.42647361755371,
   "00017.png": 30.661794662475586,
   "00006.png": 27.329790115356445,
   "00010.png": 30.42938995361328,
   "00034.png": 27.28636932373047,
   "00025.png": 29.827001571655273,
   "00015.png": 28.04340362548828,
   "00024.png": 29.02446937561035,
   "00026.png": 31.615684509277344
  },
  "LPIPS": {
   "00014.png": 0.1338299810886383,
   "00030.png": 0.1530270278453827,
   "00020.png": 0.13346590101718903,
   "00018.png": 0.16808798909187317,
   "00019.png": 0.14144259691238403,
   "00001.png": 0.15140269696712494,
   "00029.png": 0.14923542737960815,
   "00028.png": 0.11251494288444519,
   "00004.png": 0.12935028970241547,
   "00002.png": 0.12339078634977341,
   "00008.png": 0.17238640785217285,
   "00007.png": 0.1122288852930069,
   "00023.png": 0.14959365129470825,
   "00012.png": 0.15849530696868896,
   "00021.png": 0.1679324060678482,
   "00005.png": 0.13608817756175995,
   "00013.png": 0.14743822813034058,
   "00022.png": 0.12455365061759949,
   "00011.png": 0.16235175728797913,
   "00032.png": 0.1515454649925232,
   "00009.png": 0.16394451260566711,
   "00033.png": 0.1780175268650055,
   "00027.png": 0.27943000197410583,
   "00016.png": 0.1360967457294464,
   "00003.png": 0.12083949148654938,
   "00000.png": 0.18651586771011353,
   "00031.png": 0.1694440394639969,
   "00017.png": 0.15561068058013916,
   "00006.png": 0.23801690340042114,
   "00010.png": 0.14522695541381836,
   "00034.png": 0.3028322458267212,
   "00025.png": 0.1256653219461441,
   "00015.png": 0.1587831676006317,
   "00024.png": 0.1370542049407959,
   "00026.png": 0.12678655982017517
  }
 }
}