{
 "ours_30000": {
  "SSIM": 0.9257075786590576,
  "PSNR": 31.403244018554688,
  "LPIPS": 0.12635977566242218
 },
 "ours_7000": {
  "SSIM": 0.9042698740959167,
  "PSNR": 29.2568302154541,
  "LPIPS": 0.15721789002418518
 }
}