{
 "ours_30000": {
  "SSIM": {
   "00014.png": 0.9528922438621521,
   "00030.png": 0.9601078629493713,
   "00020.png": 0.9483194351196289,
   "00018.png": 0.9416479468345642,
   "00019.png": 0.941293478012085,
   "00001.png": 0.9313868284225464,
   "00029.png": 0.9512137174606323,
   "00028.png": 0.9563438892364502,
   "00004.png": 0.9535708427429199,
   "00002.png": 0.9558175802230835,
   "00008.png": 0.9535504579544067,
   "00007.png": 0.9526189565658569,
   "00023.png": 0.9465004205703735,
   "00012.png": 0.9081128835678101,
   "00021.png": 0.9538611769676208,
   "00005.png": 0.9567854404449463,
   "00013.png": 0.9470614790916443,
   "00022.png": 0.9432474374771118,
   "00011.png": 0.9436790943145752,
   "00032.png": 0.9523816704750061,
   "00009.png": 0.9338591694831848,
   "00033.png": 0.9606234431266785,
   "00027.png": 0.9525108337402344,
   "00016.png": 0.9374902248382568,
   "00003.png": 0.9503202438354492,
   "00000.png": 0.9051562547683716,
   "00035.png": 0.9401747584342957,
   "00031.png": 0.9393293857574463,
   "00017.png": 0.9463814496994019,
   "00006.png": 0.9505101442337036,
   "00010.png": 0.9442545771598816,
   "00034.png": 0.9208969473838806,
   "00025.png": 0.9452494382858276,
   "00015.png": 0.9287628531455994,
   "00024.png": 0.943375825881958,
   "00036.png": 0.9402146339416504,
   "00026.png": 0.949918806552887
  },
  "PSNR": {
   "00014.png": 34.88177490234375,
   "00030.png": 36.03721618652344,
   "00020.png": 35.532859802246094,
   "00018.png": 33.558223724365234,
   "00019.png": 33.600181579589844,
   "00001.png": 28.73282241821289,
   "00029.png": 34.3152961730957,
   "00028.png": 34.783485412597656,
   "00004.png": 35.287513732910156,
   "00002.png": 35.554290771484375,
   "00008.png": 34.746517181396484,
   "00007.png": 35.465152740478516,
   "00023.png": 34.486541748046875,
   "00012.png": 27.943862915039062,
   "00021.png": 35.7407112121582,
   "00005.png": 36.102962493896484,
   "00013.png": 31.86908721923828,
   "00022.png": 35.13994216918945,
   "00011.png": 30.306108474731445,
   "00032.png": 36.57919692993164,
   "00009.png": 25.902624130249023,
   "00033.png": 36.761871337890625,
   "00027.png": 35.37163543701172,
   "00016.png": 29.60208511352539,
   "00003.png": 33.20681381225586,
   "00000.png": 26.106149673461914,
   "00035.png": 32.246002197265625,
   "00031.png": 33.805572509765625,
   "00017.png": 34.54222869873047,
   "00006.png": 34.152435302734375,
   "00010.png": 32.72557830810547,
   "00034.png": 27.963525772094727,
   "00025.png": 32.77656555175781,
   "00015.png": 28.67475128173828,
   "00024.png": 34.54523849487305,
   "00036.png": 31.596206665039062,
   "00026.png": 36.0010871887207
  },
  "LPIPS": {
   "00014.png": 0.13102754950523376,
   "00030.png": 0.2243475317955017,
   "00020.png": 0.23090070486068726,
   "00018.png": 0.18828743696212769,
   "00019.png": 0.2182626575231552,
   "00001.png": 0.17412373423576355,
   "00029.png": 0.23793965578079224,
   "00028.png": 0.23261651396751404,
   "00004.png": 0.15520510077476501,
   "00002.png": 0.15115100145339966,
   "00008.png": 0.15344086289405823,
   "00007.png": 0.1586441993713379,
   "00023.png": 0.21583862602710724,
   "00012.png": 0.21393853425979614,
   "00021.png": 0.20823505520820618,
   "00005.png": 0.1524522602558136,
   "00013.png": 0.1376240998506546,
   "00022.png": 0.23401573300361633,
   "00011.png": 0.16357997059822083,
   "00032.png": 0.20586399734020233,
   "00009.png": 0.16196958720684052,
   "00033.png": 0.1765323281288147,
   "00027.png": 0.24411460757255554,
   "00016.png": 0.1765199899673462,
   "00003.png": 0.17641758918762207,
   "00000.png": 0.21747064590454102,
   "00035.png": 0.18845100700855255,
   "00031.png": 0.22133249044418335,
   "00017.png": 0.1799307018518448,
   "00006.png": 0.17442527413368225,
   "00010.png": 0.14182281494140625,
   "00034.png": 0.176580011844635,
   "00025.png": 0.2753227949142456,
   "00015.png": 0.22017472982406616,
   "00024.png": 0.27217400074005127,
   "00036.png": 0.270103394985199,
   "00026.png": 0.2712938189506531
  }
 },
 "ours_7000": {
  "SSIM": {
   "00014.png": 0.9443017840385437,
   "00030.png": 0.9556618928909302,
   "00020.png": 0.9447141885757446,
   "00018.png": 0.9349812865257263,
   "00019.png": 0.9319424629211426,
   "00001.png": 0.9269957542419434,
   "00029.png": 0.9454216957092285,
   "00028.png": 0.9504021406173706,
   "00004.png": 0.9457570910453796,
   "00002.png": 0.9484397172927856,
   "00008.png": 0.9483234882354736,
   "00007.png": 0.9459812045097351,
   "00023.png": 0.9404597282409668,
   "00012.png": 0.9082065224647522,
   "00021.png": 0.9482210874557495,
   "00005.png": 0.9510824680328369,
   "00013.png": 0.941278338432312,
   "00022.png": 0.9339210987091064,
   "00011.png": 0.9355243444442749,
   "00032.png": 0.9447376132011414,
   "00009.png": 0.9237321615219116,
   "00033.png": 0.9540247917175293,
   "00027.png": 0.9471165537834167,
   "00016.png": 0.9310302138328552,
   "00003.png": 0.9440056681632996,
   "00000.png": 0.8892236351966858,
   "00035.png": 0.929205596446991,
   "00031.png": 0.9348102807998657,
   "00017.png": 0.9397696256637573,
   "00006.png": 0.9440041184425354,
   "00010.png": 0.9347526431083679,
   "00034.png": 0.9218547940254211,
   "00025.png": 0.9396701455116272,
   "00015.png": 0.9199929237365723,
   "00024.png": 0.9386278390884399,
   "00036.png": 0.9344387650489807,
   "00026.png": 0.9427289366722107
  },
  "PSNR": {
   "00014.png": 33.341880798339844,
   "00030.png": 34.76920700073242,
   "00020.png": 34.7623291015625,
   "00018.png": 32.48124313354492,
   "00019.png": 32.376502990722656,
   "00001.png": 28.187524795532227,
   "00029.png": 33.0477180480957,
   "00028.png": 32.40739440917969,
   "00004.png": 33.75273895263672,
   "00002.png": 33.57908630371094,
   "00008.png": 33.5589714050293,
   "00007.png": 34.09777069091797,
   "00023.png": 32.7574462890625,
   "00012.png": 28.022918701171875,
   "00021.png": 34.16835021972656,
   "00005.png": 34.93773651123047,
   "00013.png": 30.94273567199707,
   "00022.png": 33.4256706237793,
   "00011.png": 28.726268768310547,
   "00032.png": 34.454654693603516,
   "00009.png": 24.763813018798828,
   "00033.png": 35.075321197509766,
   "00027.png": 33.20256042480469,
   "00016.png": 29.010704040527344,
   "00003.png": 32.06733322143555,
   "00000.png": 24.27288818359375,
   "00035.png": 30.03660011291504,
   "00031.png": 33.0792350769043,
   "00017.png": 33.040367126464844,
   "00006.png": 32.66078567504883,
   "00010.png": 31.54973602294922,
   "00034.png": 28.523399353027344,
   "00025.png": 31.420743942260742,
   "00015.png": 27.47189712524414,
   "00024.png": 33.14662551879883,
   "00036.png": 29.43269920349121,
   "00026.png": 33.720706939697266
  },
  "LPIPS": {
   "00014.png": 0.14588500559329987,
   "00030.png": 0.2359316647052765,
   "00020.png": 0.24257007241249084,
   "00018.png": 0.20231899619102478,
   "00019.png": 0.23253771662712097,
   "00001.png": 0.18512991070747375,
   "00029.png": 0.2530459463596344,
   "00028.png": 0.2477259337902069,
   "00004.png": 0.16810505092144012,
   "00002.png": 0.16459670662879944,
   "00008.png": 0.16359642148017883,
   "00007.png": 0.17091386020183563,
   "00023.png": 0.2285117506980896,
   "00012.png": 0.2276609092950821,
   "00021.png": 0.22086374461650848,
   "00005.png": 0.1656140685081482,
   "00013.png": 0.150223970413208,
   "00022.png": 0.24990388751029968,
   "00011.png": 0.18169528245925903,
   "00032.png": 0.21976710855960846,
   "00009.png": 0.18083910644054413,
   "00033.png": 0.18815070390701294,
   "00027.png": 0.2592441737651825,
   "00016.png": 0.19069933891296387,
   "00003.png": 0.18706895411014557,
   "00000.png": 0.22742778062820435,
   "00035.png": 0.20258930325508118,
   "00031.png": 0.23147989809513092,
   "00017.png": 0.1939932256937027,
   "00006.png": 0.18872155249118805,
   "00010.png": 0.15472716093063354,
   "00034.png": 0.18515194952487946,
   "00025.png": 0.28861474990844727,