{
 "ours_30000": {
  "SSIM": 0.9443086385726929,
  "PSNR": 33.15254592895508,
  "LPIPS": 0.19816569983959198
 },
 "ours_7000": {
  "SSIM": 0.9377119541168213,
  "PSNR": 31.79117774963379,
  "LPIPS": 0.21155023574829102
 }
}