{
 "ours_30000": {
  "SSIM": {
   "00014.png": 0.9344308972358704,
   "00030.png": 0.928878664970398,
   "00020.png": 0.9352729916572571,
   "00018.png": 0.9018741846084595,
   "00019.png": 0.9295797348022461,
   "00001.png": 0.9095116257667542,
   "00029.png": 0.9207506775856018,
   "00028.png": 0.9425348043441772,
   "00004.png": 0.9309897422790527,
   "00002.png": 0.9361775517463684,
   "00008.png": 0.9057254791259766,
   "00007.png": 0.9362260699272156,
   "00023.png": 0.9343424439430237,
   "00012.png": 0.9331974387168884,
   "00021.png": 0.9277802109718323,
   "00005.png": 0.9208506345748901,
   "00013.png": 0.949958086013794,
   "00022.png": 0.9421368837356567,
   "00011.png": 0.9030429720878601,
   "00032.png": 0.9524869322776794,
   "00009.png": 0.9246364235877991,
   "00033.png": 0.9204540252685547,
   "00027.png": 0.7683255672454834,
   "00016.png": 0.9302804470062256,
   "00003.png": 0.9376055002212524,
   "00000.png": 0.8866319060325623,
   "00031.png": 0.9346276521682739,
   "00017.png": 0.9210664629936218,
   "00006.png": 0.8053189516067505,
   "00010.png": 0.9478744864463806,
   "00034.png": 0.7594245672225952,
   "00025.png": 0.9403903484344482,
   "00015.png": 0.9332187175750732,
   "00024.png": 0.9378384351730347,
   "00026.png": 0.945383608341217
  },
  "PSNR": {
   "00014.png": 30.598590850830078,
   "00030.png": 32.23820495605469,
   "00020.png": 32.27997589111328,
   "00018.png": 29.491527557373047,
   "00019.png": 31.12999725341797,
   "00001.png": 25.048568725585938,
   "00029.png": 31.86673927307129,
   "00028.png": 32.32394790649414,
   "00004.png": 27.7259521484375,
   "00002.png": 27.870574951171875,
   "00008.png": 28.773632049560547,
   "00007.png": 26.466161727905273,
   "00023.png": 32.809112548828125,
   "00012.png": 29.713348388671875,
   "00021.png": 31.79113006591797,
   "00005.png": 27.06979751586914,
   "00013.png": 33.043182373046875,
   "00022.png": 33.61874008178711,
   "00011.png": 30.481582641601562,
   "00032.png": 34.425872802734375,
   "00009.png": 31.187000274658203,
   "00033.png": 29.858470916748047,
   "00027.png": 27.286880493164062,
   "00016.png": 30.766599655151367,
   "00003.png": 28.531015396118164,
   "00000.png": 25.15062713623047,
   "00031.png": 31.482324600219727,
   "00017.png": 32.07445526123047,
   "00006.png": 28.355806350708008,
   "00010.png": 32.11360168457031,
   "00034.png": 27.622526168823242,
   "00025.png": 32.0683708190918,
   "00015.png": 29.39736557006836,
   "00024.png": 30.6423282623291,
   "00026.png": 33.39634704589844
  },
  "LPIPS": {
   "00014.png": 0.12309759110212326,
   "00030.png": 0.13957594335079193,
   "00020.png": 0.11323335766792297,
   "00018.png": 0.15856128931045532,
   "00019.png": 0.13601838052272797,
   "00001.png": 0.14698588848114014,
   "00029.png": 0.13668154180049896,
   "00028.png": 0.08754993975162506,
   "00004.png": 0.12265519052743912,
   "00002.png": 0.11791442334651947,
   "00008.png": 0.16358444094657898,
   "00007.png": 0.1057165190577507,
   "00023.png": 0.14079685509204865,
   "00012.png": 0.1344568431377411,
   "00021.png": 0.1383613646030426,
   "00005.png": 0.1415630578994751,
   "00013.png": 0.13739976286888123,
   "00022.png": 0.11597263813018799,
   "00011.png": 0.16423477232456207,
   "00032.png": 0.13781559467315674,
   "00009.png": 0.14803063869476318,
   "00033.png": 0.17134720087051392,
   "00027.png": 0.27778249979019165,
   "00016.png": 0.1340547800064087,
   "00003.png": 0.1094827651977539,
   "00000.png": 0.1745642125606537,
   "00031.png": 0.15645578503608704,
   "00017.png": 0.15158000588417053,
   "00006.png": 0.24035248160362244,
   "00010.png": 0.13392671942710876,
   "00034.png": 0.29603299498558044,
   "00025.png": 0.09839417785406113,
   "00015.png": 0.14847055077552795,
   "00024.png": 0.10819268226623535,
   "00026.png": 0.11343470960855484
  }
 },
 "ours_7000": {
  "SSIM": {
   "00014.png": 0.8953174352645874,
   "00030.png": 0.8840201497077942,
   "00020.png": 0.8923569321632385,
   "00018.png": 0.8451124429702759,
   "00019.png": 0.8874692320823669,
   "00001.png": 0.8571900725364685,
   "00029.png": 0.8996115922927856,
   "00028.png": 0.9039599299430847,
   "00004.png": 0.8887214660644531,
   "00002.png": 0.8958856463432312,
   "00008.png": 0.8628547787666321,
   "00007.png": 0.8944411277770996,
   "00023.png": 0.8910908699035645,
   "00012.png": 0.8701723217964172,
   "00021.png": 0.8746416568756104,
   "00005.png": 0.878734290599823,
   "00013.png": 0.9153618812561035,
   "00022.png": 0.9012128114700317,
   "00011.png": 0.8800562024116516,
   "00032.png": 0.9190183877944946,
   "00009.png": 0.8760511875152588,
   "00033.png": 0.8957038521766663,
   "00027.png": 0.7729023098945618,
   "00016.png": 0.8932649493217468,
   "00003.png": 0.8888887763023376,
   "00000.png": 0.8226438164710999,
   "00031.png": 0.8922613859176636,
   "00017.png": 0.8888580799102783,
   "00006.png": 0.7894584536552429,
   "00010.png": 0.9118707180023193,
   "00034.png": 0.7441089749336243,
   "00025.png": 0.8957157731056213,
   "00015.png": 0.8819946050643921,
   "00024.png": 0.8830038905143738,
   "00026.png": 0.907863438129425
  },
  "PSNR": {
   "00014.png": 27.015357971191406,
   "00030.png": 27.669782638549805,
   "00020.png": 29.798643112182617,
   "00018.png": 27.284652709960938,
   "00019.png": 28.146047592163086,
   "00001.png": 22.488292694091797,
   "00029.png": 28.47555923461914,
   "00028.png": 28.979978561401367,
   "00004.png": 24.809465408325195,
   "00002.png": 25.562686920166016,
   "00008.png": 24.318408966064453,
   "00007.png": 24.972373962402344,
   "00023.png": 30.06197166442871,
   "00012.png": 25.666563034057617,
   "00021.png": 27.868820190429688,
   "00005.png": 24.142961502075195,
   "00013.png": 29.159107208251953,
   "00022.png": 30.872486114501953,
   "00011.png": 26.352272033691406,
   "00032.png": 30.863933563232422,
   "00009.png": 28.02214813232422,
   "00033.png": 26.57120132446289,
   "00027.png": 26.943042755126953,
   "00016.png": 28.38637924194336,
   "00003.png": 25.3035888671875,
   "00000.png": 21.544658660888672,
   "00031.png": 27.590293884277344,
   "00017.png": 28.767126083374023,
   "00006.png": 26.99144172668457,
   "00010.png": 28.165834426879883,
   "00034.png": 26.21467399597168,
   "00025.png": 28.451290130615234,
   "00015.png": 25.468767166137695,
   "00024.png": 27.383127212524414,
   "00026.png": 29.82650375366211
  },
  "LPIPS": {
   "00014.png": 0.17646953463554382,
   "00030.png": 0.19388048350811005,
   "00020.png": 0.17030739784240723,
   "00018.png": 0.24588929116725922,
   "00019.png": 0.20921850204467773,
   "00001.png": 0.22337745130062103,
   "00029.png": 0.1796802282333374,
   "00028.png": 0.14719277620315552,
   "00004.png": 0.19633597135543823,
   "00002.png": 0.17615950107574463,
   "00008.png": 0.2201685607433319,
   "00007.png": 0.1659458577632904,
   "00023.png": 0.18143285810947418,
   "00012.png": 0.21321463584899902,
   "00021.png": 0.21600964665412903,
   "00005.png": 0.21610015630722046,
   "00013.png": 0.19709917902946472,
   "00022.png": 0.17799866199493408,
   "00011.png": 0.2200167179107666,
   "00032.png": 0.20072868466377258,
   "00009.png": 0.21835105121135712,
   "00033.png": 0.21747127175331116,
   "00027.png": 0.3028950095176697,
   "00016.png": 0.21448101103305817,
   "00003.png": 0.18874084949493408,
   "00000.png": 0.27004557847976685,
   "00031.png": 0.22636914253234863,
   "00017.png": 0.22464117407798767,
   "00006.png": 0.2750750184059143,
   "00010.png": 0.19740363955497742,
   "00034.png": 0.3306007981300354,
   "00025.png": 0.16825541853904724,
   "00015.png": 0.25009316205978394,
   "00024.png": 0.18093451857566833,
   "00026.png": 0.17227818071842194
  }
 }
}