{
 "ours_30000": {
  "SSIM": 0.9162521362304688,
  "PSNR": 30.248584747314453,
  "LPIPS": 0.14640793204307556
 },
 "ours_7000": {
  "SSIM": 0.8766234517097473,
  "PSNR": 27.146841049194336,
  "LPIPS": 0.21042464673519135
 }
}