{
 "ours_30000": {
  "SSIM": {
   "00014.png": 0.9430112838745117,
   "00030.png": 0.940116822719574,
   "00020.png": 0.9422206878662109,
   "00018.png": 0.917425811290741,
   "00019.png": 0.941352128982544,
   "00001.png": 0.9326761364936829,
   "00029.png": 0.9246302843093872,
   "00028.png": 0.9531379342079163,
   "00004.png": 0.944686233997345,
   "00002.png": 0.9497001767158508,
   "00008.png": 0.9152457118034363,
   "00007.png": 0.9420215487480164,
   "00023.png": 0.9414295554161072,
   "00012.png": 0.940754234790802,
   "00021.png": 0.9389575719833374,
   "00005.png": 0.9366471767425537,
   "00013.png": 0.9548765420913696,
   "00022.png": 0.9466195106506348,
   "00011.png": 0.9053793549537659,
   "00032.png": 0.9581085443496704,
   "00009.png": 0.9280484914779663,
   "00033.png": 0.9229874610900879,
   "00027.png": 0.7607369422912598,
   "00016.png": 0.9439032077789307,
   "00003.png": 0.9524750113487244,
   "00000.png": 0.9099159240722656,
   "00031.png": 0.9400250315666199,
   "00017.png": 0.9378616809844971,
   "00006.png": 0.8327454924583435,
   "00010.png": 0.9531251192092896,
   "00034.png": 0.7568660974502563,
   "00025.png": 0.946840763092041,
   "00015.png": 0.9475656151771545,
   "00024.png": 0.9504770040512085,
   "00026.png": 0.9433937668800354
  },
  "PSNR": {
   "00014.png": 30.62436866760254,
   "00030.png": 32.92755126953125,
   "00020.png": 33.11956024169922,
   "00018.png": 30.164241790771484,
   "00019.png": 31.42001724243164,
   "00001.png": 28.343713760375977,
   "00029.png": 32.146541595458984,
   "00028.png": 32.66490936279297,
   "00004.png": 30.261327743530273,
   "00002.png": 31.69448471069336,
   "00008.png": 30.076448440551758,
   "00007.png": 29.65266227722168,
   "00023.png": 33.60824203491211,
   "00012.png": 30.463695526123047,
   "00021.png": 33.01275634765625,
   "00005.png": 29.676219940185547,
   "00013.png": 33.58794021606445,
   "00022.png": 33.61198425292969,
   "00011.png": 31.29277229309082,
   "00032.png": 34.87286376953125,
   "00009.png": 31.30613136291504,
   "00033.png": 30.839988708496094,
   "00027.png": 27.388561248779297,
   "00016.png": 31.77798080444336,
   "00003.png": 31.272789001464844,
   "00000.png": 26.91644287109375,
   "00031.png": 31.949586868286133,
   "00017.png": 33.210330963134766,
   "00006.png": 27.157392501831055,
   "00010.png": 33.05261993408203,
   "00034.png": 27.936798095703125,
   "00025.png": 32.524940490722656,
   "00015.png": 31.253965377807617,
   "00024.png": 32.254432678222656,
   "00026.png": 32.69527816772461
  },
  "LPIPS": {
   "00014.png": 0.0989597737789154,
   "00030.png": 0.12122924625873566,
   "00020.png": 0.09856513142585754,
   "00018.png": 0.1226019337773323,
   "00019.png": 0.11132027208805084,
   "00001.png": 0.1090029627084732,
   "00029.png": 0.12590718269348145,
   "00028.png": 0.07080194354057312,
   "00004.png": 0.09384980797767639,
   "00002.png": 0.09759875386953354,
   "00008.png": 0.15182235836982727,
   "00007.png": 0.09010349214076996,
   "00023.png": 0.12836551666259766,
   "00012.png": 0.11117605119943619,
   "00021.png": 0.1157531589269638,
   "00005.png": 0.11119028925895691,
   "00013.png": 0.12400063872337341,
   "00022.png": 0.0959102138876915,
   "00011.png": 0.15079274773597717,
   "00032.png": 0.12369656562805176,
   "00009.png": 0.13725416362285614,
   "00033.png": 0.1658744364976883,
   "00027.png": 0.2754470705986023,
   "00016.png": 0.10104004293680191,
   "00003.png": 0.08384723216295242,
   "00000.png": 0.1348571479320526,
   "00031.png": 0.14465148746967316,
   "00017.png": 0.1263113021850586,
   "00006.png": 0.22164848446846008,
   "00010.png": 0.12465108931064606,
   "00034.png": 0.29120174050331116,
   "00025.png": 0.08381352573633194,
   "00015.png": 0.11477413028478622,
   "00024.png": 0.08997724950313568,
   "00026.png": 0.10616622120141983
  }
 },
 "ours_7000": {
  "SSIM": {
   "00014.png": 0.9173110723495483,
   "00030.png": 0.9165006279945374,
   "00020.png": 0.9138831496238708,
   "00018.png": 0.8858996629714966,
   "00019.png": 0.9120432734489441,
   "00001.png": 0.895902156829834,
   "00029.png": 0.9103006720542908,
   "00028.png": 0.9201301336288452,
   "00004.png": 0.9219330549240112,
   "00002.png": 0.9265443086624146,
   "00008.png": 0.8968946933746338,
   "00007.png": 0.9251846075057983,
   "00023.png": 0.9192965626716614,
   "00012.png": 0.8963146805763245,
   "00021.png": 0.8963861465454102,
   "00005.png": 0.9206918478012085,
   "00013.png": 0.9401254653930664,
   "00022.png": 0.9262694120407104,
   "00011.png": 0.9061837792396545,
   "00032.png": 0.943946361541748,
   "00009.png": 0.9066234230995178,
   "00033.png": 0.915673017501831,
   "00027.png": 0.7730854749679565,
   "00016.png": 0.9229584336280823,
   "00003.png": 0.9260626435279846,
   "00000.png": 0.8736101984977722,
   "00031.png": 0.9234639406204224,
   "00017.png": 0.9146990180015564,
   "00006.png": 0.8041062951087952,
   "00010.png": 0.9356358051300049,
   "00034.png": 0.7574025988578796,
   "00025.png": 0.9145085215568542,
   "00015.png": 0.9217662215232849,
   "00024.png": 0.9087005853652954,
   "00026.png": 0.930616557598114
  },
  "PSNR": {
   "00014.png": 28.394290924072266,
   "00030.png": 31.16123390197754,
   "00020.png": 31.090656280517578,
   "00018.png": 28.314638137817383,
   "00019.png": 28.076213836669922,
   "00001.png": 24.955739974975586,
   "00029.png": 29.569929122924805,
   "00028.png": 29.851701736450195,
   "00004.png": 27.170146942138672,
   "00002.png": 29.026371002197266,
   "00008.png": 27.917179107666016,
   "00007.png": 28.05951690673828,
   "00023.png": 31.91937255859375,
   "00012.png": 27.498485565185547,
   "00021.png": 29.481975555419922,
   "00005.png": 28.065364837646484,
   "00013.png": 31.090200424194336,
   "00022.png": 32.235862731933594,
   "00011.png": 28.80134391784668,
   "00032.png": 33.3320198059082,
   "00009.png": 29.837268829345703,
   "00033.png": 29.678707122802734,
   "00027.png": 27.00897979736328,
   "00016.png": 30.000364303588867,
   "00003.png": 28.110122680664062,
   "00000.png": 24.59125328063965,
   "00031.png": 30.399911880493164,
   "00017.png": 29.209686279296875,
   "00006.png": 27.473297119140625,
   "00010.png": 30.292644500732422,
   "00034.png": 27.213285446166992,
   "00025.png": 29.597423553466797,
   "00015.png": 28.28730583190918,
   "00024.png": 28.788555145263672,
   "00026.png": 31.37860107421875
  },
  "LPIPS": {
   "00014.png": 0.13769306242465973,
   "00030.png": 0.1527714878320694,
   "00020.png": 0.13393224775791168,
   "00018.png": 0.1696973741054535,
   "00019.png": 0.14563080668449402,
   "00001.png": 0.15900811553001404,
   "00029.png": 0.1500377058982849,
   "00028.png": 0.1136055737733841,
   "00004.png": 0.1325085461139679,
   "00002.png": 0.12294789403676987,
   "00008.png": 0.1749705970287323,
   "00007.png": 0.11396689713001251,
   "00023.png": 0.14954639971256256,
   "00012.png": 0.16133448481559753,
   "00021.png": 0.1683146208524704,
   "00005.png": 0.14204058051109314,
   "00013.png": 0.1477612555027008,
   "00022.png": 0.12690016627311707,
   "00011.png": 0.16234883666038513,
   "00032.png": 0.1529352366924286,
   "00009.png": 0.1627953201532364,
   "00033.png": 0.17753246426582336,
   "00027.png": 0.2796536386013031,
   "00016.png": 0.13737669587135315,
   "00003.png": 0.123557910323143,
   "00000.png": 0.18842795491218567,
   "00031.png": 0.17188085615634918,
   "00017.png": 0.1566896140575409,
   "00006.png": 0.23985476791858673,
   "00010.png": 0.14585211873054504,
   "00034.png": 0.3026190996170044,
   "00025.png": 0.12689363956451416,
   "00015.png": 0.15964481234550476,
   "00024.png": 0.1383134126663208,
   "00026.png": 0.1274585723876953
  }
 }
}