{
 "ours_30000": {
  "SSIM": 0.9255990386009216,
  "PSNR": 31.27884292602539,
  "LPIPS": 0.12726180255413055
 },
 "ours_7000": {
  "SSIM": 0.9034473299980164,
  "PSNR": 29.082275390625,
  "LPIPS": 0.15875722467899323
 }
}