{
 "ours_30000": {
  "SSIM": {
   "00014.png": 0.9373595714569092,
   "00030.png": 0.8872445821762085,
   "00020.png": 0.9281206130981445,
   "00018.png": 0.9240123629570007,
   "00019.png": 0.9342362284660339,
   "00001.png": 0.9011858701705933,
   "00029.png": 0.9065908789634705,
   "00028.png": 0.9069703817367554,
   "00004.png": 0.9466671943664551,
   "00002.png": 0.8967673778533936,
   "00008.png": 0.9273461699485779,
   "00007.png": 0.9573777318000793,
   "00023.png": 0.8897718191146851,
   "00012.png": 0.9428756237030029,
   "00021.png": 0.8704225420951843,
   "00005.png": 0.9253345727920532,
   "00013.png": 0.9209311604499817,
   "00022.png": 0.92878258228302,
   "00011.png": 0.9430448412895203,
   "00032.png": 0.9259764552116394,
   "00009.png": 0.9446607828140259,
   "00033.png": 0.9223049879074097,
   "00027.png": 0.9079418182373047,
   "00016.png": 0.9193238615989685,
   "00003.png": 0.9280690550804138,
   "00000.png": 0.8853777050971985,
   "00035.png": 0.9528923034667969,
   "00031.png": 0.8503965735435486,
   "00017.png": 0.9457460641860962,
   "00006.png": 0.9182583093643188,
   "00010.png": 0.9312281012535095,
   "00034.png": 0.9376187920570374,
   "00025.png": 0.9216962456703186,
   "00015.png": 0.8791108131408691,
   "00024.png": 0.9197389483451843,
   "00036.png": 0.8756134510040283,
   "00026.png": 0.9347198009490967,
   "00038.png": 0.8902685046195984,
   "00037.png": 0.9295974969863892
  },
  "PSNR": {
   "00014.png": 29.600278854370117,
   "00030.png": 31.143253326416016,
   "00020.png": 31.478519439697266,
   "00018.png": 32.844032287597656,
   "00019.png": 30.218994140625,
   "00001.png": 33.52680206298828,
   "00029.png": 28.452503204345703,
   "00028.png": 30.22517204284668,
   "00004.png": 33.49326705932617,
   "00002.png": 33.859580993652344,
   "00008.png": 31.28635597229004,
   "00007.png": 34.226959228515625,
   "00023.png": 27.497013092041016,
   "00012.png": 35.020572662353516,
   "00021.png": 30.700408935546875,
   "00005.png": 30.721147537231445,
   "00013.png": 32.09134292602539,
   "00022.png": 33.78067398071289,
   "00011.png": 35.810420989990234,
   "00032.png": 28.794231414794922,
   "00009.png": 34.201778411865234,
   "00033.png": 29.846965789794922,
   "00027.png": 31.657047271728516,
   "00016.png": 32.7583122253418,
   "00003.png": 34.86163330078125,
   "00000.png": 30.184673309326172,
   "00035.png": 28.34627914428711,
   "00031.png": 31.90345573425293,
   "00017.png": 34.755271911621094,
   "00006.png": 33.148887634277344,
   "00010.png": 33.667724609375,
   "00034.png": 23.383750915527344,
   "00025.png": 32.33736038208008,
   "00015.png": 32.49302291870117,
   "00024.png": 31.254901885986328,
   "00036.png": 23.784982681274414,
   "00026.png": 30.931547164916992,
   "00038.png": 31.43526840209961,
   "00037.png": 33.12459945678711
  },
  "LPIPS": {
   "00014.png": 0.1707024872303009,
   "00030.png": 0.30163946747779846,
   "00020.png": 0.1772328019142151,
   "00018.png": 0.2464359700679779,
   "00019.png": 0.17364704608917236,
   "00001.png": 0.19440628588199615,
   "00029.png": 0.25530320405960083,
   "00028.png": 0.24302786588668823,
   "00004.png": 0.1903679370880127,
   "00002.png": 0.2119394987821579,
   "00008.png": 0.1923729032278061,
   "00007.png": 0.16004717350006104,
   "00023.png": 0.2068759948015213,
   "00012.png": 0.17048904299736023,
   "00021.png": 0.30813562870025635,
   "00005.png": 0.18435798585414886,
   "00013.png": 0.194685697555542,
   "00022.png": 0.15897443890571594,
   "00011.png": 0.17374242842197418,
   "00032.png": 0.1915661096572876,
   "00009.png": 0.1666177362203598,
   "00033.png": 0.22530819475650787,
   "00027.png": 0.2560076117515564,
   "00016.png": 0.21123407781124115,
   "00003.png": 0.18522387742996216,
   "00000.png": 0.2106037437915802,
   "00035.png": 0.25521326065063477,
   "00031.png": 0.3008664548397064,
   "00017.png": 0.16183435916900635,
   "00006.png": 0.1948677897453308,
   "00010.png": 0.18371915817260742,
   "00034.png": 0.28996220231056213,
   "00025.png": 0.22703473269939423,
   "00015.png": 0.24927470088005066,
   "00024.png": 0.24955962598323822,
   "00036.png": 0.3751322627067566,
   "00026.png": 0.1944088637828827,
   "00038.png": 0.30858075618743896,
   "00037.png": 0.2726609706878662
  }
 },
 "ours_7000": {
  "SSIM": {
   "00014.png": 0.9182726144790649,
   "00030.png": 0.889045000076294,
   "00020.png": 0.8954706192016602,
   "00018.png": 0.908717930316925,
   "00019.png": 0.9102996587753296,
   "00001.png": 0.8655150532722473,
   "00029.png": 0.8491501808166504,
   "00028.png": 0.8585692644119263,
   "00004.png": 0.9414577484130859,
   "00002.png": 0.8422266244888306,
   "00008.png": 0.9105687737464905,
   "00007.png": 0.9412122964859009,
   "00023.png": 0.8507718443870544,
   "00012.png": 0.9276930689811707,
   "00021.png": 0.8746784925460815,
   "00005.png": 0.8978502154350281,
   "00013.png": 0.8787419199943542,
   "00022.png": 0.8942074179649353,
   "00011.png": 0.922351598739624,
   "00032.png": 0.9116693139076233,
   "00009.png": 0.9295973777770996,
   "00033.png": 0.9087894558906555,
   "00027.png": 0.8988509178161621,
   "00016.png": 0.8878628015518188,
   "00003.png": 0.8981462717056274,
   "00000.png": 0.8536537289619446,
   "00035.png": 0.9113777279853821,
   "00031.png": 0.8228464722633362,
   "00017.png": 0.9316058158874512,
   "00006.png": 0.8752733469009399,
   "00010.png": 0.9000072479248047,
   "00034.png": 0.9138584733009338,
   "00025.png": 0.9123157262802124,
   "00015.png": 0.8345813751220703,
   "00024.png": 0.9037349224090576,
   "00036.png": 0.8641660809516907,
   "00026.png": 0.9085816740989685,
   "00038.png": 0.879269540309906,
   "00037.png": 0.9228338003158569
  },
  "PSNR": {
   "00014.png": 27.43951988220215,
   "00030.png": 30.439958572387695,
   "00020.png": 29.416017532348633,
   "00018.png": 31.082366943359375,
   "00019.png": 27.6307315826416,
   "00001.png": 31.56620979309082,
   "00029.png": 25.536624908447266,
   "00028.png": 26.820098876953125,
   "00004.png": 32.45447540283203,
   "00002.png": 30.402557373046875,
   "00008.png": 29.060062408447266,
   "00007.png": 32.6036376953125,
   "00023.png": 25.53136444091797,
   "00012.png": 32.9345588684082,
   "00021.png": 29.19001007080078,
   "00005.png": 27.0388126373291,
   "00013.png": 28.954998016357422,
   "00022.png": 30.623939514160156,
   "00011.png": 32.6316032409668,
   "00032.png": 26.89415168762207,
   "00009.png": 32.028541564941406,
   "00033.png": 28.460063934326172,
   "00027.png": 30.45806121826172,
   "00016.png": 30.394773483276367,
   "00003.png": 32.757896423339844,
   "00000.png": 28.673410415649414,
   "00035.png": 21.49553108215332,
   "00031.png": 31.51494026184082,
   "00017.png": 32.21717071533203,
   "00006.png": 31.241064071655273,
   "00010.png": 31.873598098754883,
   "00034.png": 20.432130813598633,
   "00025.png": 30.357181549072266,
   "00015.png": 30.454833984375,
   "00024.png": 29.033058166503906,
   "00036.png": 23.453161239624023,
   "00026.png": 28.993101119995117,
   "00038.png": 29.878475189208984,
   "00037.png": 29.445072174072266
  },
  "LPIPS": {
   "00014.png": 0.19865889847278595,
   "00030.png": 0.3265138268470764,
   "00020.png": 0.23125490546226501,
   "00018.png": 0.27476346492767334,
   "00019.png": 0.22125917673110962,
   "00001.png": 0.2513282299041748,
   "00029.png": 0.32809415459632874,
   "00028.png": 0.3137841820716858,
   "00004.png": 0.2060658037662506,
   "00002.png": 0.2798542380332947,
   "00008.png": 0.22050540149211884,
   "00007.png": 0.19206935167312622,
   "00023.png": 0.26737356185913086,
   "00012.png": 0.19593144953250885,
   "00021.png": 0.31862059235572815,
   "00005.png": 0.22891810536384583,
   "00013.png": 0.24804316461086273,
   "00022.png": 0.2200259268283844,
   "00011.png": 0.21006226539611816,
   "00032.png": 0.21494042873382568,
   "00009.png": 0.19667676091194153,
   "00033.png": 0.27177590131759644,
   "00027.png": 0.2876158356666565,