{
 "ours_30000": {
  "SSIM": 0.9178354144096375,
  "PSNR": 31.508949279785156,
  "LPIPS": 0.22112978994846344
 },
 "ours_7000": {
  "SSIM": 0.8934826254844666,
  "PSNR": 29.26702117919922,
  "LPIPS": 0.2633635103702545
 }
}